CREATE TABLE IF NOT EXISTS PREFIX_DB_aridiuscallback (order_id int(11) NOT NULL AUTO_INCREMENT, product_id int(11) NOT NULL, contact varchar(96) NOT NULL, firstname varchar(96) NOT NULL, email varchar(96) NOT NULL, comment text NOT NULL, comment_manager text NOT NULL, status tinyint(1) NOT NULL, time_in time NOT NULL DEFAULT '00:00:00', time_off time NOT NULL DEFAULT '00:00:00', date_added datetime NOT NULL DEFAULT '0000-00-00 00:00:00', PRIMARY KEY (order_id)) ENGINE=MyISAM DEFAULT CHARSET=utf8;
CREATE TABLE IF NOT EXISTS PREFIX_DB_aridiusfastorder (order_id int(11) NOT NULL AUTO_INCREMENT,product_id int(11) NOT NULL,product_option_value_id int(11) NOT NULL,contact varchar(96) NOT NULL,firstname varchar(96) NOT NULL,email varchar(96) NOT NULL,comment text NOT NULL,comment_manager text NOT NULL,product_name varchar(255) NOT NULL,quantity int(4) NOT NULL,status tinyint(1) NOT NULL,format_option varchar(255) NOT NULL,total decimal(15,4) NOT NULL DEFAULT '0.0000',date_added datetime NOT NULL DEFAULT '0000-00-00 00:00:00',currency_id int(11) NOT NULL,currency_code varchar(3) NOT NULL,currency_value decimal(15,8) NOT NULL DEFAULT '1.00000000',PRIMARY KEY (order_id)) ENGINE=MyISAM DEFAULT CHARSET=utf8;
CREATE TABLE IF NOT EXISTS PREFIX_DB_aridiusinstock (order_id int(11) NOT NULL AUTO_INCREMENT,product_id int(11) NOT NULL,contact varchar(96) NOT NULL,firstname varchar(96) NOT NULL,email varchar(96) NOT NULL,comment_manager text NOT NULL,product_name varchar(255) NOT NULL,status tinyint(1) NOT NULL,date_added datetime NOT NULL DEFAULT '0000-00-00 00:00:00',PRIMARY KEY (order_id)) ENGINE=MyISAM DEFAULT CHARSET=utf8;
CREATE TABLE IF NOT EXISTS PREFIX_DB_aridiusundersell (order_id int(11) NOT NULL AUTO_INCREMENT,product_id int(11) NOT NULL,contact varchar(96) NOT NULL,firstname varchar(96) NOT NULL,email varchar(96) NOT NULL,link text NOT NULL,comment text NOT NULL,comment_manager text NOT NULL,product_name varchar(255) NOT NULL,quantity int(4) NOT NULL,status tinyint(1) NOT NULL,format_option varchar(255) NOT NULL,total decimal(15,4) NOT NULL DEFAULT '0.0000',date_added datetime NOT NULL DEFAULT '0000-00-00 00:00:00',currency_id int(11) NOT NULL,currency_code varchar(3) NOT NULL,currency_value decimal(15,8) NOT NULL DEFAULT '1.00000000',PRIMARY KEY (order_id)) ENGINE=MyISAM DEFAULT CHARSET=utf8;
CREATE TABLE IF NOT EXISTS PREFIX_DB_aridius_letters (email_id int(11) NOT NULL AUTO_INCREMENT,email_user varchar(96) NOT NULL,email_date date NOT NULL,PRIMARY KEY (`email_id`)) ENGINE=MyISAM DEFAULT CHARSET=utf8;
CREATE TABLE IF NOT EXISTS PREFIX_DB_aridius_news (`aridius_news_id` int(11) NOT NULL AUTO_INCREMENT, `image` varchar(255) DEFAULT NULL, `video` varchar(255) DEFAULT NULL, `date_added` datetime NOT NULL,`viewed` int(11) NOT NULL DEFAULT '0', `sort_order` int(3) NOT NULL DEFAULT '0', `status` tinyint(1) NOT NULL, PRIMARY KEY (`aridius_news_id`)) ENGINE=MYISAM DEFAULT CHARSET=utf8 COLLATE=utf8_general_ci;
CREATE TABLE IF NOT EXISTS PREFIX_DB_aridius_news_description (`aridius_news_id` int(11) NOT NULL, `language_id` int(11) NOT NULL, `title` varchar(255) NOT NULL, `meta_description` VARCHAR(255) NOT NULL, `meta_title` VARCHAR(255) NOT NULL, `description` text CHARACTER SET utf8 NOT NULL, `meta_keyword` varchar(255) NOT NULL,  PRIMARY KEY (`aridius_news_id`,`language_id`)) ENGINE=MYISAM DEFAULT CHARSET=utf8 COLLATE=utf8_general_ci;
CREATE TABLE IF NOT EXISTS PREFIX_DB_aridius_news_to_store (`aridius_news_id` int(11) NOT NULL, `store_id` int(11) NOT NULL, PRIMARY KEY (`aridius_news_id`,`store_id`)) ENGINE=MYISAM DEFAULT CHARSET=utf8 COLLATE=utf8_general_ci;
CREATE TABLE IF NOT EXISTS PREFIX_DB_aridius_news_related (`aridius_news_id` int(11) NOT NULL, `related_aridius_news_id` int(11) NOT NULL, PRIMARY KEY (`aridius_news_id`,`related_aridius_news_id`)) ENGINE=MyISAM DEFAULT CHARSET=utf8 COLLATE=utf8_bin;
CREATE TABLE IF NOT EXISTS PREFIX_DB_aridius_news_product_related (`aridius_news_id` int(11) NOT NULL,`product_id` int(11) NOT NULL,PRIMARY KEY (`aridius_news_id`,`product_id`)) ENGINE=MyISAM DEFAULT CHARSET=utf8 COLLATE=utf8_bin;
CREATE TABLE IF NOT EXISTS PREFIX_DB_aridius_review_news (`review_id` int(11) NOT NULL AUTO_INCREMENT, `parent_id` int(11) NOT NULL, `customer_id` int(11) NOT NULL, `news_id` int(11) NOT NULL, `author` varchar(64) NOT NULL, `text` text NOT NULL, `status` tinyint(1) NOT NULL DEFAULT '0', `date_added` datetime NOT NULL, `date_modified` datetime NOT NULL, PRIMARY KEY (`review_id`)) ENGINE=MYISAM DEFAULT CHARSET=utf8 COLLATE=utf8_general_ci;
CREATE TABLE IF NOT EXISTS PREFIX_DB_aridius_review_store (`review_id` int(11) NOT NULL AUTO_INCREMENT, `parent` int(11) NOT NULL, `customer_id` int(11) NOT NULL, `author` varchar(64) NOT NULL, `text` text NOT NULL, `rating` int(1) NOT NULL, `status` tinyint(1) NOT NULL DEFAULT '0', `date_added` datetime NOT NULL, `date_modified` datetime NOT NULL, PRIMARY KEY (`review_id`)) ENGINE=MYISAM DEFAULT CHARSET=utf8 COLLATE=utf8_general_ci;
CREATE TABLE IF NOT EXISTS PREFIX_DB_license (`key` varchar(3) CHARACTER SET utf8,`value` text CHARACTER SET utf8,primary key (`key`)) ENGINE=MyISAM DEFAULT CHARSET=utf8;
CREATE TABLE IF NOT EXISTS PREFIX_DB_review_dig_lim (review_id int(11) NOT NULL AUTO_INCREMENT,dignity text NOT NULL,limitations text NOT NULL,PRIMARY KEY (review_id)) ENGINE=MyISAM DEFAULT CHARSET=utf8;
CREATE TABLE IF NOT EXISTS PREFIX_DB_aridius_customtab (`product_customtab_id` int(11) NOT NULL AUTO_INCREMENT, `product_id` int(11) NOT NULL, `sort_order` int(11) NOT NULL, PRIMARY KEY (`product_customtab_id`)) ENGINE=MYISAM DEFAULT CHARSET=utf8 COLLATE=utf8_general_ci;
CREATE TABLE IF NOT EXISTS PREFIX_DB_aridius_customtab_description (`product_customtab_id` int(11) NOT NULL, `product_id` int(11) NOT NULL, `language_id` int(11) NOT NULL, `title` VARCHAR(255) NOT NULL, `description` text CHARACTER SET utf8 NOT NULL) ENGINE=MYISAM DEFAULT CHARSET=utf8 COLLATE=utf8_general_ci;

CREATE TABLE IF NOT EXISTS PREFIX_DB_aridius_product_to_sticker (`product_id` int(11) NOT NULL, `sticker_id` int(11) NOT NULL) ENGINE=MyISAM DEFAULT CHARSET=utf8;
CREATE TABLE IF NOT EXISTS PREFIX_DB_aridius_sticker (`sticker_id` int(11) NOT NULL AUTO_INCREMENT, `sort_order` int(3) NOT NULL, `color` varchar(11) NOT NULL, `background` varchar(11) NOT NULL, PRIMARY KEY (`sticker_id`)) ENGINE=MyISAM DEFAULT CHARSET=utf8;
CREATE TABLE IF NOT EXISTS PREFIX_DB_aridius_sticker_description (`sticker_id` int(11) NOT NULL, `language_id` int(11) NOT NULL, `name` varchar(128) NOT NULL, PRIMARY KEY (`sticker_id`,`language_id`)) ENGINE=MyISAM DEFAULT CHARSET=utf8;
CREATE TABLE IF NOT EXISTS PREFIX_DB_aridius_size (`aridius_size_id` int(11) NOT NULL AUTO_INCREMENT, `status` tinyint(1) NOT NULL DEFAULT '1', PRIMARY KEY (`aridius_size_id`)) ENGINE=MyISAM DEFAULT CHARSET=utf8;
CREATE TABLE IF NOT EXISTS PREFIX_DB_aridius_size_description (`aridius_size_id` int(11) NOT NULL, `language_id` int(11) NOT NULL, `name` varchar(64) NOT NULL, `description` text NOT NULL, PRIMARY KEY (`aridius_size_id`,`language_id`)) ENGINE=MyISAM DEFAULT CHARSET=utf8;
CREATE TABLE IF NOT EXISTS PREFIX_DB_aridius_size_category (`aridius_size_id` int(11) NOT NULL, `category_id` int(11) NOT NULL ) ENGINE=MyISAM DEFAULT CHARSET=utf8;
CREATE TABLE IF NOT EXISTS PREFIX_DB_aridius_size_product (`aridius_size_id` int(11) NOT NULL, `product_id` int(11) NOT NULL) ENGINE=MyISAM DEFAULT CHARSET=utf8;

ALTER TABLE PREFIX_DB_banner_image ADD `description` text NOT NULL AFTER title;
ALTER TABLE PREFIX_DB_product ADD `popupsize` tinyint(1) NOT NULL AFTER stock_status_id;
ALTER TABLE PREFIX_DB_product ADD `stickers` tinyint(1) NOT NULL AFTER stock_status_id;
ALTER TABLE PREFIX_DB_category ADD `stickers` tinyint(1) NOT NULL AFTER status;
ALTER TABLE PREFIX_DB_product_option_value ADD `image_opt` varchar(255) NOT NULL AFTER price;
ALTER TABLE PREFIX_DB_category ADD `image_menu` VARCHAR(255) DEFAULT NULL AFTER image;
ALTER TABLE PREFIX_DB_category ADD `image_menu_width` int(11) NOT NULL AFTER image;
ALTER TABLE PREFIX_DB_category ADD `image_menu_height` int(11) NOT NULL AFTER image;


TRUNCATE TABLE `PREFIX_DB_aridius_customtab`;

INSERT INTO `PREFIX_DB_aridius_customtab` (`product_customtab_id`, `product_id`, `sort_order`) VALUES ('1', '41', '0');


TRUNCATE TABLE `PREFIX_DB_aridius_customtab_description`;

INSERT INTO `PREFIX_DB_aridius_customtab_description` (`product_customtab_id`, `product_id`, `language_id`, `title`, `description`) VALUES ('1', '41', '1', '1111', '&lt;p&gt;111111111111&lt;/p&gt;');
INSERT INTO `PREFIX_DB_aridius_customtab_description` (`product_customtab_id`, `product_id`, `language_id`, `title`, `description`) VALUES ('1', '41', '2', '11111111111', '&lt;p&gt;11111111111&lt;/p&gt;');


TRUNCATE TABLE `PREFIX_DB_aridius_letters`;

INSERT INTO `PREFIX_DB_aridius_letters` (`email_id`, `email_user`, `email_date`) VALUES ('1', 'ffg@mail.ru', '2019-04-15');
INSERT INTO `PREFIX_DB_aridius_letters` (`email_id`, `email_user`, `email_date`) VALUES ('2', 'dsfds@mail.ru', '2019-05-13');


TRUNCATE TABLE `PREFIX_DB_aridius_news`;

INSERT INTO `PREFIX_DB_aridius_news` (`aridius_news_id`, `image`, `date_added`, `viewed`, `sort_order`, `status`) VALUES ('1', 'catalog/1aurus/news/news_banner2-362x181-410x205.png', '2019-01-15 00:00:00', '4', '5', '1');
INSERT INTO `PREFIX_DB_aridius_news` (`aridius_news_id`, `image`, `date_added`, `viewed`, `sort_order`, `status`) VALUES ('2', 'catalog/1aurus/news/fenix_chronos-362x181-410x205.jpg', '2019-11-25 00:00:00', '19', '1', '1');
INSERT INTO `PREFIX_DB_aridius_news` (`aridius_news_id`, `image`, `date_added`, `viewed`, `sort_order`, `status`) VALUES ('4', 'catalog/1aurus/news/ban1-410x205.jpg', '2019-08-12 00:00:00', '5', '2', '1');
INSERT INTO `PREFIX_DB_aridius_news` (`aridius_news_id`, `image`, `date_added`, `viewed`, `sort_order`, `status`) VALUES ('5', 'catalog/1aurus/news/skandinavskiy_stil_v_interere_15_0-410x205.jpg', '2020-01-15 00:00:00', '5', '4', '1');
INSERT INTO `PREFIX_DB_aridius_news` (`aridius_news_id`, `image`, `date_added`, `viewed`, `sort_order`, `status`) VALUES ('6', 'catalog/1aurus/news/zagruzheno-5.jpg', '2019-06-05 00:00:00', '8', '3', '1');


TRUNCATE TABLE `PREFIX_DB_aridius_news_description`;

INSERT INTO `PREFIX_DB_aridius_news_description` (`aridius_news_id`, `language_id`, `title`, `meta_description`, `meta_title`, `description`, `meta_keyword`) VALUES ('1', '1', 'Домашний центр в вашем телевизоре', 'Домашний центр в вашем телевизоре', 'Домашний центр в вашем телевизоре', '&lt;p&gt;Исключительно красив, необычайно умен: подскажет тебе то, что нужно именно в этот момент, именно в этом месте.&lt;/p&gt;&lt;p&gt;&lt;br&gt;&lt;/p&gt;&lt;p&gt;Жизнь неповторима - живи по полной!&lt;/p&gt;&lt;p&gt;&lt;br&gt;&lt;/p&gt;&lt;p&gt;Двухцветный металлический корпус с зеркальной окантовкой. Скругленные углы и эргономичные формы – этот смартфон создан повторять контуры твоей руки и обеспечивать максимальный комфорт. Цельная задняя панель имеет изогнутую поверхность, ставшую визитной карточкой легендарных смартфонов серии HTC One.&lt;/p&gt;&lt;p&gt;&lt;br&gt;&lt;/p&gt;&lt;p&gt;Со смартфоном HTC One M9 возможности персонализации устройства выходят на принципиально новый уровень. Приложение HTC «Тема» позволяет оформить рабочие экраны по-своему – используй любимые фотографии и картинки с онлайн-ресурсов. Меняй форму и размер иконок, мелодии звонка и даже обои – теперь все в твоих руках! &lt;/p&gt;&lt;p&gt;&lt;br&gt;&lt;/p&gt;&lt;p&gt;Основная камера 20 МП и фронтальная камера с технологией HTC UltraPixel™ позволят тебе контролировать съемочный процесс «от» и «до».  Мощные инструменты из HTC Eye Experience позволят тебе снимать двумя камерами одновременно, делать селфи при помощи голосовых команд, ещё до момента съемки – в процессе визирования – использовать фильтры для ретуши и многое другое. А приложение Zoe позволит монтировать видеоролики, комбинируя свои материалы с фотографиями и видео, снятыми друзьями.&lt;/p&gt;&lt;p&gt;Наслаждайся потрясающими фото – с любой камерой HTC One M9.&lt;br&gt;&lt;/p&gt;&lt;p&gt;Смартфон HTC One M9 создавался в сотрудничестве с лабораторией Dolby, благодаря которому теперь ты будешь слышать объемный звук – как в настоящем кинотеатре. HTC BoomSound™ с Dolby Audio прекрасно справляется с музыкой любой сложности и любого жанра - ему по силам даже многоканальные треки с YouTube.&lt;/p&gt;&lt;p&gt;Твои игры и фильмы звучат потрясающе как через встроенные динамики, так и в наушниках. Такого ты ещё не слышал!источник: http://htc.com/&lt;br&gt;&lt;/p&gt;', 'Домашний центр в вашем телевизоре');
INSERT INTO `PREFIX_DB_aridius_news_description` (`aridius_news_id`, `language_id`, `title`, `meta_description`, `meta_title`, `description`, `meta_keyword`) VALUES ('1', '2', 'Домашний центр в вашем телевизоре', 'Домашний центр в вашем телевизоре', 'Домашний центр в вашем телевизоре', '&lt;p&gt;Исключительно красив, необычайно умен: подскажет тебе то, что нужно именно в этот момент, именно в этом месте.&lt;/p&gt;&lt;p&gt;&lt;br&gt;&lt;/p&gt;&lt;p&gt;Жизнь неповторима - живи по полной!&lt;/p&gt;&lt;p&gt;&lt;br&gt;&lt;/p&gt;&lt;p&gt;Двухцветный металлический корпус с зеркальной окантовкой. Скругленные углы и эргономичные формы – этот смартфон создан повторять контуры твоей руки и обеспечивать максимальный комфорт. Цельная задняя панель имеет изогнутую поверхность, ставшую визитной карточкой легендарных смартфонов серии HTC One.&lt;/p&gt;&lt;p&gt;&lt;br&gt;&lt;/p&gt;&lt;p&gt;Со смартфоном HTC One M9 возможности персонализации устройства выходят на принципиально новый уровень. Приложение HTC «Тема» позволяет оформить рабочие экраны по-своему – используй любимые фотографии и картинки с онлайн-ресурсов. Меняй форму и размер иконок, мелодии звонка и даже обои – теперь все в твоих руках! &lt;/p&gt;&lt;p&gt;&lt;br&gt;&lt;/p&gt;&lt;p&gt;Основная камера 20 МП и фронтальная камера с технологией HTC UltraPixel™ позволят тебе контролировать съемочный процесс «от» и «до».  Мощные инструменты из HTC Eye Experience позволят тебе снимать двумя камерами одновременно, делать селфи при помощи голосовых команд, ещё до момента съемки – в процессе визирования – использовать фильтры для ретуши и многое другое. А приложение Zoe позволит монтировать видеоролики, комбинируя свои материалы с фотографиями и видео, снятыми друзьями.&lt;/p&gt;&lt;p&gt;Наслаждайся потрясающими фото – с любой камерой HTC One M9.&lt;br&gt;&lt;/p&gt;&lt;p&gt;Смартфон HTC One M9 создавался в сотрудничестве с лабораторией Dolby, благодаря которому теперь ты будешь слышать объемный звук – как в настоящем кинотеатре. HTC BoomSound™ с Dolby Audio прекрасно справляется с музыкой любой сложности и любого жанра - ему по силам даже многоканальные треки с YouTube.&lt;/p&gt;&lt;p&gt;Твои игры и фильмы звучат потрясающе как через встроенные динамики, так и в наушниках. Такого ты ещё не слышал!источник: http://htc.com/&lt;br&gt;&lt;/p&gt;', 'Домашний центр в вашем телевизоре');
INSERT INTO `PREFIX_DB_aridius_news_description` (`aridius_news_id`, `language_id`, `title`, `meta_description`, `meta_title`, `description`, `meta_keyword`) VALUES ('2', '1', 'Продажи новинок Galaxy Watch Active2', 'Продажи новинок Galaxy Watch Active2', 'Продажи новинок Galaxy Watch Active2', '&lt;p&gt;Модели нового поколения смарт-часов Samsung Galaxy Watch Active2 уже находятся на складе Юг-контракта и доступны для заказа.&lt;/p&gt;&lt;p&gt;&lt;br&gt;&lt;/p&gt;&lt;p&gt;Новые смарт-часы Samsung Galaxy Watch Active2 получили большой настраиваемый экран, обновленный стильный дизайн и усовершенствованный функционал, направленный на заботу о здоровье. Новинки доступны в вариантах с диаметром циферблата 44 мм и 40 мм, а также в двух вариантах отделки корпуса: легком алюминиевом с практичным ремешком из фторэластомера (FKM) и премиальном стальном с кожаным ремешком. Съемный браслет может быть с легкостью заменен на любой другой, подходящий под стиль одежды и настроение. Изображение на дисплее можно настроить автоматически с помощью алгоритма подбора цвета My Style1, для чего достаточно загрузить фото своего образа в приложение Galaxy Wearable и выбрать один из пяти цветовых стилей.&lt;/p&gt;&lt;p&gt;&lt;br&gt;&lt;/p&gt;&lt;p&gt;Изюминка новинки – цифровой сенсорный безель, при помощи которого можно легко и удобно перемещаться по меню и управлять функциями часов. Super AMOLED дисплей с разрешением 360 x 360 точек защищен ударопрочным стеклом Corning Gorilla Glass DX+. Коммуникационные возможности данных смарт-часов определяются наличием интерфейсов Bluetooth, Wi-Fi b/g/n, NFC, A-GPS. На тыльной стороне Galaxy Watch Active2 установлены усовершенствованные датчики, способные считывать данные еще быстрее, благодаря чему пользователь моментально получает актуальную информацию о физиологических показателях своего организма.&lt;/p&gt;&lt;p&gt;&lt;br&gt;&lt;/p&gt;&lt;p&gt;Смарт-часы Galaxy Watch Active2 позволяют отслеживать более 39 типов тренировок, семь из которых активируются автоматически – в том числе бег, ходьба, езда на велосипеде, плавание, гребля, эллиптический тренажер и динамические тренировки. С обновленной функцией Running Coach пользователь может определять скорость бега в режиме реального времени и выбирать любую из семи различных программ для занятия. Кроме того, часы Galaxy Watch Active2 способны отслеживать уровень стресса и анализировать сон, помогая сбалансировать режим засыпания и пробуждения.&lt;/p&gt;', 'Продажи новинок Galaxy Watch Active2');
INSERT INTO `PREFIX_DB_aridius_news_description` (`aridius_news_id`, `language_id`, `title`, `meta_description`, `meta_title`, `description`, `meta_keyword`) VALUES ('2', '2', 'Продажи новинок Galaxy Watch Active2', 'Продажи новинок Galaxy Watch Active2', 'Продажи новинок Galaxy Watch Active2', '&lt;p&gt;Модели нового поколения смарт-часов Samsung Galaxy Watch Active2 уже находятся на складе Юг-контракта и доступны для заказа.&lt;/p&gt;&lt;p&gt;&lt;br&gt;&lt;/p&gt;&lt;p&gt;Новые смарт-часы Samsung Galaxy Watch Active2 получили большой настраиваемый экран, обновленный стильный дизайн и усовершенствованный функционал, направленный на заботу о здоровье. Новинки доступны в вариантах с диаметром циферблата 44 мм и 40 мм, а также в двух вариантах отделки корпуса: легком алюминиевом с практичным ремешком из фторэластомера (FKM) и премиальном стальном с кожаным ремешком. Съемный браслет может быть с легкостью заменен на любой другой, подходящий под стиль одежды и настроение. Изображение на дисплее можно настроить автоматически с помощью алгоритма подбора цвета My Style1, для чего достаточно загрузить фото своего образа в приложение Galaxy Wearable и выбрать один из пяти цветовых стилей.&lt;/p&gt;&lt;p&gt;&lt;br&gt;&lt;/p&gt;&lt;p&gt;Изюминка новинки – цифровой сенсорный безель, при помощи которого можно легко и удобно перемещаться по меню и управлять функциями часов. Super AMOLED дисплей с разрешением 360 x 360 точек защищен ударопрочным стеклом Corning Gorilla Glass DX+. Коммуникационные возможности данных смарт-часов определяются наличием интерфейсов Bluetooth, Wi-Fi b/g/n, NFC, A-GPS. На тыльной стороне Galaxy Watch Active2 установлены усовершенствованные датчики, способные считывать данные еще быстрее, благодаря чему пользователь моментально получает актуальную информацию о физиологических показателях своего организма.&lt;/p&gt;&lt;p&gt;&lt;br&gt;&lt;/p&gt;&lt;p&gt;Смарт-часы Galaxy Watch Active2 позволяют отслеживать более 39 типов тренировок, семь из которых активируются автоматически – в том числе бег, ходьба, езда на велосипеде, плавание, гребля, эллиптический тренажер и динамические тренировки. С обновленной функцией Running Coach пользователь может определять скорость бега в режиме реального времени и выбирать любую из семи различных программ для занятия. Кроме того, часы Galaxy Watch Active2 способны отслеживать уровень стресса и анализировать сон, помогая сбалансировать режим засыпания и пробуждения.&lt;/p&gt;&lt;p&gt;&lt;br&gt;&lt;/p&gt;&lt;p&gt;&lt;br&gt;&lt;/p&gt;', 'Продажи новинок Galaxy Watch Active2');
INSERT INTO `PREFIX_DB_aridius_news_description` (`aridius_news_id`, `language_id`, `title`, `meta_description`, `meta_title`, `description`, `meta_keyword`) VALUES ('4', '1', 'Одежда под брендом Oxouno', 'Одежда под брендом Oxouno', 'Одежда под брендом Oxouno', '&lt;p&gt;Сегодняшний легпром пестрит самыми разными проектами в одежной, обувной, текстильной отраслях — производить в России наконец стало выгодно, и малый и средний бизнес начал активно развивать новые продукты. Тем более что и рыночная обстановка этому способствует: из-за экономической стагнации, антироссийских санкций, роста курса доллара и прочих факторов целый ряд крупных иностранных операторов, выпускающих простую, недорогую и качественную одежду, ушли с российского рынка или сократили свое присутствие. К тому же потребитель устал от однотипного и не всегда качественного предложения международных розничных сетей, что дало возможность российским предпринимателям заявить о себе. Появились как отдельные модные дизайнерские проекты, так и производства, стремящиеся занять нишу индустриальных игроков. Причем новые предприятия создаются не только в Москве, где самый большой рынок сбыта в стране, но и в регионах. Как правило, конкурентные преимущества последних — гибкость, попытка создать уникальную и качественную продукцию за небольшие деньги, что и привлекает потребителей.&lt;/p&gt;&lt;p&gt;Одна из таких компаний нового типа — Sartoria uno, базирующаяся в Таганроге Ростовской области и выпускающая одежду под брендом Oxouno. В основе ее стратегии — японская технологичность: компанию привлекает опыт одной из наиболее технологичных компаний на одежном мировом рынке — японской Uniqlo, производство оснащено суперсовременным японским оборудованием, а в основе идеологии бизнеса — японская философия: «качество плюс трудолюбие».&lt;/p&gt;&lt;p&gt;На сегодняшний день Sartoria uno создает базовые вещи — нижний и верхний трикотаж, от трусов и термобелья до спортивных костюмов. Она не пытается конкурировать по цене с турецкими и китайскими фабриками, а во главу угла ставит качество. В компании рассказывают, что не изобретают велосипед, а собирают лучшие технологии со всего мира. Смотрят на лучшие образцы, дорабатывают их и в результате предлагают покупателям товар европейского качества по приемлемым ценам.&lt;/p&gt;&lt;p&gt;Сегодняшние амбиции бренда Oxouno, несмотря на его всего лишь двухлетнюю историю, высоки — стать лидерами рынка домашней одежды в среднем ценовом сегменте. «Мы планируем выстроить крупную компанию. Для этого создали команду, всю инфраструктуру, которая необходима для организации производства, от раскроя до складов. Причем мы видим, что вопрос масштабирования не потребует больших затрат. Нам достаточно добавить швей, и мы в короткие сроки можем кратно нарастить производство. Мы идем от продаж и при увеличении спроса не видим пределов своего роста», — уверен основатель Sartoria uno &lt;strong&gt;Алексей Едуш&lt;/strong&gt;.&lt;/p&gt;', 'Одежда под брендом Oxouno');
INSERT INTO `PREFIX_DB_aridius_news_description` (`aridius_news_id`, `language_id`, `title`, `meta_description`, `meta_title`, `description`, `meta_keyword`) VALUES ('4', '2', 'Одежда под брендом Oxouno', 'Одежда под брендом Oxouno', 'Одежда под брендом Oxouno', '&lt;p&gt;Сегодняшний легпром пестрит самыми разными проектами в одежной, обувной, текстильной отраслях — производить в России наконец стало выгодно, и малый и средний бизнес начал активно развивать новые продукты. Тем более что и рыночная обстановка этому способствует: из-за экономической стагнации, антироссийских санкций, роста курса доллара и прочих факторов целый ряд крупных иностранных операторов, выпускающих простую, недорогую и качественную одежду, ушли с российского рынка или сократили свое присутствие. К тому же потребитель устал от однотипного и не всегда качественного предложения международных розничных сетей, что дало возможность российским предпринимателям заявить о себе. Появились как отдельные модные дизайнерские проекты, так и производства, стремящиеся занять нишу индустриальных игроков. Причем новые предприятия создаются не только в Москве, где самый большой рынок сбыта в стране, но и в регионах. Как правило, конкурентные преимущества последних — гибкость, попытка создать уникальную и качественную продукцию за небольшие деньги, что и привлекает потребителей.&lt;/p&gt;&lt;p&gt;Одна из таких компаний нового типа — Sartoria uno, базирующаяся в Таганроге Ростовской области и выпускающая одежду под брендом Oxouno. В основе ее стратегии — японская технологичность: компанию привлекает опыт одной из наиболее технологичных компаний на одежном мировом рынке — японской Uniqlo, производство оснащено суперсовременным японским оборудованием, а в основе идеологии бизнеса — японская философия: «качество плюс трудолюбие».&lt;/p&gt;&lt;p&gt;На сегодняшний день Sartoria uno создает базовые вещи — нижний и верхний трикотаж, от трусов и термобелья до спортивных костюмов. Она не пытается конкурировать по цене с турецкими и китайскими фабриками, а во главу угла ставит качество. В компании рассказывают, что не изобретают велосипед, а собирают лучшие технологии со всего мира. Смотрят на лучшие образцы, дорабатывают их и в результате предлагают покупателям товар европейского качества по приемлемым ценам.&lt;/p&gt;&lt;p&gt;Сегодняшние амбиции бренда Oxouno, несмотря на его всего лишь двухлетнюю историю, высоки — стать лидерами рынка домашней одежды в среднем ценовом сегменте. «Мы планируем выстроить крупную компанию. Для этого создали команду, всю инфраструктуру, которая необходима для организации производства, от раскроя до складов. Причем мы видим, что вопрос масштабирования не потребует больших затрат. Нам достаточно добавить швей, и мы в короткие сроки можем кратно нарастить производство. Мы идем от продаж и при увеличении спроса не видим пределов своего роста», — уверен основатель Sartoria uno &lt;strong&gt;Алексей Едуш&lt;/strong&gt;.&lt;/p&gt;', 'Одежда под брендом Oxouno');
INSERT INTO `PREFIX_DB_aridius_news_description` (`aridius_news_id`, `language_id`, `title`, `meta_description`, `meta_title`, `description`, `meta_keyword`) VALUES ('5', '2', '14 вещей, которые делают интерьер морально устаревшим', '14 вещей, которые делают интерьер морально устаревшим', '14 вещей, которые делают интерьер морально устаревшим', '&lt;p&gt;За годы работы я нашла «свое» определение уникальным интерьерам. Лично я называю уникальностью то, к чему ваш глаз в интерьере все еще не привык. Что вам хочется рассматривать, сравнивать, к чему хочется чувствовать свою сопричастность и через пол года после окончания ремонта. Модные вещи через пару сезонов превращаются в шаржи для следующих поколений. «Проверенные временем» приемы вызывают тягучее ощущение «ничего нового» (а ваших сил, времени и денег при том было потрачено до обидного много).&lt;br&gt;&lt;br&gt;Так перестаньте понимать буквально дизайнерские аксиомы. В этой статье я расскажу, что с ними не так.            &lt;/p&gt;&lt;p&gt;&lt;b&gt;Гарнитуры — разбиваем&lt;/b&gt;&lt;br&gt;Дизайн-блоги отлично объяснили нам, чем плохи гарнитуры: кресла и одинаковый с ними диван, стол и стулья, люстра и настенные светильники не должны быть из одной коллекции. Такой подход напоминает филиал шоу-рума — предсказуемо и неинтересно до боли: предметы не «разговаривают» друг с другом, они сосуществуют, как машины в пробке.&lt;br&gt;&lt;br&gt;Но мало кто понимает, что относится это правило не только к мебельным наборам из одной коллекции. То же верно в отношении предметов одной фабрики / одной эпохи / одной страны — это не так явно, но, поверьте, вещи имеют единый культурный код, и со временем это будет вами прочитано и заучено. Самый большой декораторский секрет — заставить благородные предметы разных марок, стран, эпох и цветов сработать вместе.&lt;/p&gt;&lt;p&gt;&lt;b&gt;Люстре — быть&lt;/b&gt;&lt;br&gt;Что дает свет в нашей квартире или доме? Самый вероятный ответ — люстра. Я бы сказала, одна из самых недооцененных фигур в интерьере. Перестаньте воспринимать люстру (а следовательно — выбирать)  как основной источник света в комнате. Устарела морально не люстра, а вот это ваше к ней отношение. Люстра — это, в определенном смысле, арт-объект, который, конечно, дает свет, но это вторично. Необходимого уровня освещенности можно добиться с помощью технического света. Тогда как люстра — это, скорее, «про красоту». &lt;br&gt;&lt;br&gt;&lt;b&gt;Совет:&lt;/b&gt; не стоит заливать ярким светом комнаты, достаточно выделить акценты — там, где свет будет действительно нужен, исходя из вашего образа жизни, В помощь вам есть торшеры, бра, настольные лампы, различные виды подсветок&lt;/p&gt;&lt;p&gt;&lt;b&gt;Дерево в интерьере — не только дуб&lt;/b&gt;&lt;br&gt;Подавляющее большинство деревянных и псевдодеревянных поверхностей в нашей стране имеют дубовый рисунок и текстуру, и это  не только паркетные и массивные доски, но и поверхности столов, рисунки ламинатов, шпоны дверей. Этот рисунок на генетическом уровне пропитал нас. А значит, итог — скука и предсказуемость: «это мы уже видели». При этом практически у любого производителя есть фактуры других пород дерева. Даже в сетевых строительных магазинах присутствуют паркеты и паркетные / инженерные доски из ясеня, ореха, клена и др. по цене, соразмерной цене дуба. Многие производители дверей имеют двери в актуальных шпонах ясеня, ореха, вишни.&lt;br&gt;&lt;/p&gt;', '14 вещей, которые делают интерьер морально устаревшим');
INSERT INTO `PREFIX_DB_aridius_news_description` (`aridius_news_id`, `language_id`, `title`, `meta_description`, `meta_title`, `description`, `meta_keyword`) VALUES ('6', '2', 'Новинки Microsoft: компьютеры и наушники', 'Новинки Microsoft: компьютеры и наушники', 'Новинки Microsoft: компьютеры и наушники', '&lt;p&gt;Microsoft провела большую презентацию, на которой представила ряд своих новинок — моноблок Surface Studio 2, ноутбук Surface Laptop 2, планшет Surface Pro 6 и беспроводные наушники Surface Headphones.&lt;/p&gt;&lt;p&gt;&lt;strong&gt;Surface Studio 2&lt;/strong&gt;&lt;/p&gt;&lt;p&gt;Новый моноблок получил 28-дюймовый сенсорный дисплей с разрешением 4500×3000 пикселей. Он поддерживает до десяти одновременный касаний и работу с первом Surface Pen, которое входит в комплект вместе с беспроводной клавиатурой и мышью.&lt;/p&gt;&lt;p&gt;По железу новинка включает в себя процессор Intel Core i7-7820HQ, до 32 ГБ оперативной памяти, SSD объемом до 2 ТБ и видеокарту Nvidia GeForce GTX 1060 с 6 ГБ видеопамяти или GeForce GTX 1070 с 8 ГБ.&lt;/p&gt;&lt;p&gt;По разъемам имеются четыре USB 3.0, слот для SD-карт и разъем USB Type-C. Стоимость Surface Studio 2 начинается от $3 499. Точная дата старта продаж пока не объявлена.&lt;/p&gt;&lt;p&gt;&lt;strong&gt;Surface Laptop 2&lt;/strong&gt;&lt;/p&gt;&lt;p&gt;Ноутбук Surface Laptop 2 оснастили 13,5-дюймовым сенсорным экраном с разрешение 2256×1504 пикселей и контрастностью 1500:1.&lt;/p&gt;&lt;p&gt;Младшая версия включает в себя процессор Intel Core i5 восьмого поколения, 8 ГБ оперативки и SSD на 128 ГБ. Старшая модель обладает процессором Intel Core i7, 16 ГБ оперативки и SSD до 1 ТБ.&lt;/p&gt;&lt;p&gt;Ноутбук оснащен разъемом USB 3.0, гнездом для наушников и выходом Mini DisplayPort. Время работы на одной зарядки составит до 14,5 часов.&lt;/p&gt;&lt;p&gt;Купить Surface Laptop 2 можно будет с 16 октября по цене от $999.&lt;/p&gt;&lt;p&gt;&lt;strong&gt;Surface Pro 6&lt;/strong&gt;&lt;/p&gt;&lt;p&gt;Планшет оснастили 12,3-дюймовым сенсорным экраном с разрешением 2736×1824 пикселей. Он может распознавать до десяти одновременных нажатий. При желании можно подключить фирменную клавиатуру Type Cover.&lt;/p&gt;&lt;p&gt;Surface Pro 6, в зависимости от конфигурации, обладает процессорами Intel Core i5 или i7 восьмого поколения. Объем оперативной памяти составляет 8/16 ГБ, а для хранения данных предусмотрен SSD-накопитель емкостью от 128 до 1 ТБ.&lt;/p&gt;&lt;p&gt;Что касается разъемов, то на корпусе есть один USB 3.0, 3,5-мм аудиоджек, слот для SD-карт и Mini DisplayPort. Время автономной работы заявлено на уровне до 13,5 часов. Цена на Surface Pro 6 начинается от $899. Старт продаж запланирован на 16 октября.&lt;/p&gt;&lt;p&gt;&lt;strong&gt;Surface Headphones&lt;/strong&gt;&lt;/p&gt;&lt;p&gt;Это первые беспроводные наушники, выпущенные компанией Microsoft. Они обладают 40-мм динамиками, четырьмя микрофонами и системой шумоподавления. Уровень шумодава можно регулировать.&lt;/p&gt;&lt;p&gt;&lt;br&gt;&lt;/p&gt;', 'Новинки MiНовинки Microsoft: компьютеры и наушники');
INSERT INTO `PREFIX_DB_aridius_news_description` (`aridius_news_id`, `language_id`, `title`, `meta_description`, `meta_title`, `description`, `meta_keyword`) VALUES ('6', '1', 'Новинки Microsoft: компьютеры и наушники', 'Новинки Microsoft: компьютеры и наушники', 'Новинки Microsoft: компьютеры и наушники', '&lt;p&gt;Microsoft провела большую презентацию, на которой представила ряд своих новинок — моноблок Surface Studio 2, ноутбук Surface Laptop 2, планшет Surface Pro 6 и беспроводные наушники Surface Headphones.&lt;/p&gt;&lt;p&gt;&lt;strong&gt;Surface Studio 2&lt;/strong&gt;&lt;/p&gt;&lt;p&gt;Новый моноблок получил 28-дюймовый сенсорный дисплей с разрешением 4500×3000 пикселей. Он поддерживает до десяти одновременный касаний и работу с первом Surface Pen, которое входит в комплект вместе с беспроводной клавиатурой и мышью.&lt;/p&gt;&lt;p&gt;По железу новинка включает в себя процессор Intel Core i7-7820HQ, до 32 ГБ оперативной памяти, SSD объемом до 2 ТБ и видеокарту Nvidia GeForce GTX 1060 с 6 ГБ видеопамяти или GeForce GTX 1070 с 8 ГБ.&lt;/p&gt;&lt;p&gt;По разъемам имеются четыре USB 3.0, слот для SD-карт и разъем USB Type-C. Стоимость Surface Studio 2 начинается от $3 499. Точная дата старта продаж пока не объявлена.&lt;/p&gt;&lt;p&gt;&lt;strong&gt;Surface Laptop 2&lt;/strong&gt;&lt;/p&gt;&lt;p&gt;Ноутбук Surface Laptop 2 оснастили 13,5-дюймовым сенсорным экраном с разрешение 2256×1504 пикселей и контрастностью 1500:1.&lt;/p&gt;&lt;p&gt;Младшая версия включает в себя процессор Intel Core i5 восьмого поколения, 8 ГБ оперативки и SSD на 128 ГБ. Старшая модель обладает процессором Intel Core i7, 16 ГБ оперативки и SSD до 1 ТБ.&lt;/p&gt;&lt;p&gt;Ноутбук оснащен разъемом USB 3.0, гнездом для наушников и выходом Mini DisplayPort. Время работы на одной зарядки составит до 14,5 часов.&lt;/p&gt;&lt;p&gt;Купить Surface Laptop 2 можно будет с 16 октября по цене от $999.&lt;/p&gt;&lt;p&gt;&lt;strong&gt;Surface Pro 6&lt;/strong&gt;&lt;/p&gt;&lt;p&gt;Планшет оснастили 12,3-дюймовым сенсорным экраном с разрешением 2736×1824 пикселей. Он может распознавать до десяти одновременных нажатий. При желании можно подключить фирменную клавиатуру Type Cover.&lt;/p&gt;&lt;p&gt;Surface Pro 6, в зависимости от конфигурации, обладает процессорами Intel Core i5 или i7 восьмого поколения. Объем оперативной памяти составляет 8/16 ГБ, а для хранения данных предусмотрен SSD-накопитель емкостью от 128 до 1 ТБ.&lt;/p&gt;&lt;p&gt;Что касается разъемов, то на корпусе есть один USB 3.0, 3,5-мм аудиоджек, слот для SD-карт и Mini DisplayPort. Время автономной работы заявлено на уровне до 13,5 часов. Цена на Surface Pro 6 начинается от $899. Старт продаж запланирован на 16 октября.&lt;/p&gt;&lt;p&gt;&lt;strong&gt;Surface Headphones&lt;/strong&gt;&lt;/p&gt;&lt;p&gt;Это первые беспроводные наушники, выпущенные компанией Microsoft. Они обладают 40-мм динамиками, четырьмя микрофонами и системой шумоподавления. Уровень шумодава можно регулировать.&lt;/p&gt;&lt;p&gt;&lt;br&gt;&lt;/p&gt;', 'Новинки Microsoft: компьютеры и наушники');
INSERT INTO `PREFIX_DB_aridius_news_description` (`aridius_news_id`, `language_id`, `title`, `meta_description`, `meta_title`, `description`, `meta_keyword`) VALUES ('5', '1', '14 вещей, которые делают интерьер морально устаревшим', '14 вещей, которые делают интерьер морально устаревшим', '14 вещей, которые делают интерьер морально устаревшим', '&lt;p&gt;За годы работы я нашла «свое» определение уникальным интерьерам. Лично я называю уникальностью то, к чему ваш глаз в интерьере все еще не привык. Что вам хочется рассматривать, сравнивать, к чему хочется чувствовать свою сопричастность и через пол года после окончания ремонта. Модные вещи через пару сезонов превращаются в шаржи для следующих поколений. «Проверенные временем» приемы вызывают тягучее ощущение «ничего нового» (а ваших сил, времени и денег при том было потрачено до обидного много).&lt;br&gt;&lt;br&gt;Так перестаньте понимать буквально дизайнерские аксиомы. В этой статье я расскажу, что с ними не так.            &lt;/p&gt;&lt;p&gt;&lt;br&gt;&lt;/p&gt;&lt;p&gt;&lt;b&gt;Гарнитуры — разбиваем&lt;/b&gt;&lt;br&gt;Дизайн-блоги отлично объяснили нам, чем плохи гарнитуры: кресла и одинаковый с ними диван, стол и стулья, люстра и настенные светильники не должны быть из одной коллекции. Такой подход напоминает филиал шоу-рума — предсказуемо и неинтересно до боли: предметы не «разговаривают» друг с другом, они сосуществуют, как машины в пробке.&lt;br&gt;&lt;br&gt;Но мало кто понимает, что относится это правило не только к мебельным наборам из одной коллекции. То же верно в отношении предметов одной фабрики / одной эпохи / одной страны — это не так явно, но, поверьте, вещи имеют единый культурный код, и со временем это будет вами прочитано и заучено. Самый большой декораторский секрет — заставить благородные предметы разных марок, стран, эпох и цветов сработать вместе.&lt;/p&gt;&lt;p&gt;&lt;br&gt;&lt;/p&gt;&lt;p&gt;&lt;b&gt;Люстре — быть&lt;/b&gt;&lt;br&gt;Что дает свет в нашей квартире или доме? Самый вероятный ответ — люстра. Я бы сказала, одна из самых недооцененных фигур в интерьере. Перестаньте воспринимать люстру (а следовательно — выбирать)  как основной источник света в комнате. Устарела морально не люстра, а вот это ваше к ней отношение. Люстра — это, в определенном смысле, арт-объект, который, конечно, дает свет, но это вторично. Необходимого уровня освещенности можно добиться с помощью технического света. Тогда как люстра — это, скорее, «про красоту». &lt;br&gt;&lt;br&gt;&lt;b&gt;Совет:&lt;/b&gt; не стоит заливать ярким светом комнаты, достаточно выделить акценты — там, где свет будет действительно нужен, исходя из вашего образа жизни, В помощь вам есть торшеры, бра, настольные лампы, различные виды подсветок&lt;/p&gt;&lt;p&gt;&lt;br&gt;&lt;/p&gt;&lt;p&gt;&lt;b&gt;Дерево в интерьере — не только дуб&lt;/b&gt;&lt;br&gt;Подавляющее большинство деревянных и псевдодеревянных поверхностей в нашей стране имеют дубовый рисунок и текстуру, и это  не только паркетные и массивные доски, но и поверхности столов, рисунки ламинатов, шпоны дверей. Этот рисунок на генетическом уровне пропитал нас. А значит, итог — скука и предсказуемость: «это мы уже видели». При этом практически у любого производителя есть фактуры других пород дерева. Даже в сетевых строительных магазинах присутствуют паркеты и паркетные / инженерные доски из ясеня, ореха, клена и др. по цене, соразмерной цене дуба. Многие производители дверей имеют двери в актуальных шпонах ясеня, ореха, вишни.&lt;br&gt;&lt;/p&gt;&lt;p&gt;&lt;br&gt;&lt;/p&gt;', '14 вещей, которые делают интерьер морально устаревшим');


TRUNCATE TABLE `PREFIX_DB_aridius_news_product_related`;

INSERT INTO `PREFIX_DB_aridius_news_product_related` (`aridius_news_id`, `product_id`) VALUES ('1', '29');
INSERT INTO `PREFIX_DB_aridius_news_product_related` (`aridius_news_id`, `product_id`) VALUES ('1', '33');
INSERT INTO `PREFIX_DB_aridius_news_product_related` (`aridius_news_id`, `product_id`) VALUES ('1', '40');
INSERT INTO `PREFIX_DB_aridius_news_product_related` (`aridius_news_id`, `product_id`) VALUES ('1', '41');
INSERT INTO `PREFIX_DB_aridius_news_product_related` (`aridius_news_id`, `product_id`) VALUES ('1', '43');
INSERT INTO `PREFIX_DB_aridius_news_product_related` (`aridius_news_id`, `product_id`) VALUES ('1', '44');
INSERT INTO `PREFIX_DB_aridius_news_product_related` (`aridius_news_id`, `product_id`) VALUES ('1', '48');
INSERT INTO `PREFIX_DB_aridius_news_product_related` (`aridius_news_id`, `product_id`) VALUES ('1', '49');
INSERT INTO `PREFIX_DB_aridius_news_product_related` (`aridius_news_id`, `product_id`) VALUES ('2', '29');
INSERT INTO `PREFIX_DB_aridius_news_product_related` (`aridius_news_id`, `product_id`) VALUES ('2', '33');
INSERT INTO `PREFIX_DB_aridius_news_product_related` (`aridius_news_id`, `product_id`) VALUES ('2', '40');
INSERT INTO `PREFIX_DB_aridius_news_product_related` (`aridius_news_id`, `product_id`) VALUES ('2', '41');
INSERT INTO `PREFIX_DB_aridius_news_product_related` (`aridius_news_id`, `product_id`) VALUES ('2', '43');
INSERT INTO `PREFIX_DB_aridius_news_product_related` (`aridius_news_id`, `product_id`) VALUES ('2', '44');
INSERT INTO `PREFIX_DB_aridius_news_product_related` (`aridius_news_id`, `product_id`) VALUES ('2', '48');
INSERT INTO `PREFIX_DB_aridius_news_product_related` (`aridius_news_id`, `product_id`) VALUES ('2', '49');
INSERT INTO `PREFIX_DB_aridius_news_product_related` (`aridius_news_id`, `product_id`) VALUES ('4', '29');
INSERT INTO `PREFIX_DB_aridius_news_product_related` (`aridius_news_id`, `product_id`) VALUES ('4', '33');
INSERT INTO `PREFIX_DB_aridius_news_product_related` (`aridius_news_id`, `product_id`) VALUES ('4', '40');
INSERT INTO `PREFIX_DB_aridius_news_product_related` (`aridius_news_id`, `product_id`) VALUES ('4', '41');
INSERT INTO `PREFIX_DB_aridius_news_product_related` (`aridius_news_id`, `product_id`) VALUES ('4', '43');
INSERT INTO `PREFIX_DB_aridius_news_product_related` (`aridius_news_id`, `product_id`) VALUES ('4', '44');
INSERT INTO `PREFIX_DB_aridius_news_product_related` (`aridius_news_id`, `product_id`) VALUES ('4', '48');
INSERT INTO `PREFIX_DB_aridius_news_product_related` (`aridius_news_id`, `product_id`) VALUES ('4', '49');
INSERT INTO `PREFIX_DB_aridius_news_product_related` (`aridius_news_id`, `product_id`) VALUES ('5', '29');
INSERT INTO `PREFIX_DB_aridius_news_product_related` (`aridius_news_id`, `product_id`) VALUES ('5', '33');
INSERT INTO `PREFIX_DB_aridius_news_product_related` (`aridius_news_id`, `product_id`) VALUES ('5', '40');
INSERT INTO `PREFIX_DB_aridius_news_product_related` (`aridius_news_id`, `product_id`) VALUES ('5', '41');
INSERT INTO `PREFIX_DB_aridius_news_product_related` (`aridius_news_id`, `product_id`) VALUES ('5', '43');
INSERT INTO `PREFIX_DB_aridius_news_product_related` (`aridius_news_id`, `product_id`) VALUES ('5', '44');
INSERT INTO `PREFIX_DB_aridius_news_product_related` (`aridius_news_id`, `product_id`) VALUES ('5', '48');
INSERT INTO `PREFIX_DB_aridius_news_product_related` (`aridius_news_id`, `product_id`) VALUES ('5', '49');
INSERT INTO `PREFIX_DB_aridius_news_product_related` (`aridius_news_id`, `product_id`) VALUES ('6', '29');
INSERT INTO `PREFIX_DB_aridius_news_product_related` (`aridius_news_id`, `product_id`) VALUES ('6', '33');
INSERT INTO `PREFIX_DB_aridius_news_product_related` (`aridius_news_id`, `product_id`) VALUES ('6', '40');
INSERT INTO `PREFIX_DB_aridius_news_product_related` (`aridius_news_id`, `product_id`) VALUES ('6', '41');
INSERT INTO `PREFIX_DB_aridius_news_product_related` (`aridius_news_id`, `product_id`) VALUES ('6', '43');
INSERT INTO `PREFIX_DB_aridius_news_product_related` (`aridius_news_id`, `product_id`) VALUES ('6', '44');
INSERT INTO `PREFIX_DB_aridius_news_product_related` (`aridius_news_id`, `product_id`) VALUES ('6', '48');
INSERT INTO `PREFIX_DB_aridius_news_product_related` (`aridius_news_id`, `product_id`) VALUES ('6', '49');


TRUNCATE TABLE `PREFIX_DB_aridius_news_related`;

INSERT INTO `PREFIX_DB_aridius_news_related` (`aridius_news_id`, `related_aridius_news_id`) VALUES ('1', '1');
INSERT INTO `PREFIX_DB_aridius_news_related` (`aridius_news_id`, `related_aridius_news_id`) VALUES ('1', '2');
INSERT INTO `PREFIX_DB_aridius_news_related` (`aridius_news_id`, `related_aridius_news_id`) VALUES ('1', '4');
INSERT INTO `PREFIX_DB_aridius_news_related` (`aridius_news_id`, `related_aridius_news_id`) VALUES ('1', '5');
INSERT INTO `PREFIX_DB_aridius_news_related` (`aridius_news_id`, `related_aridius_news_id`) VALUES ('1', '6');
INSERT INTO `PREFIX_DB_aridius_news_related` (`aridius_news_id`, `related_aridius_news_id`) VALUES ('2', '1');
INSERT INTO `PREFIX_DB_aridius_news_related` (`aridius_news_id`, `related_aridius_news_id`) VALUES ('2', '2');
INSERT INTO `PREFIX_DB_aridius_news_related` (`aridius_news_id`, `related_aridius_news_id`) VALUES ('2', '4');
INSERT INTO `PREFIX_DB_aridius_news_related` (`aridius_news_id`, `related_aridius_news_id`) VALUES ('2', '5');
INSERT INTO `PREFIX_DB_aridius_news_related` (`aridius_news_id`, `related_aridius_news_id`) VALUES ('2', '6');
INSERT INTO `PREFIX_DB_aridius_news_related` (`aridius_news_id`, `related_aridius_news_id`) VALUES ('4', '1');
INSERT INTO `PREFIX_DB_aridius_news_related` (`aridius_news_id`, `related_aridius_news_id`) VALUES ('4', '2');
INSERT INTO `PREFIX_DB_aridius_news_related` (`aridius_news_id`, `related_aridius_news_id`) VALUES ('4', '4');
INSERT INTO `PREFIX_DB_aridius_news_related` (`aridius_news_id`, `related_aridius_news_id`) VALUES ('4', '5');
INSERT INTO `PREFIX_DB_aridius_news_related` (`aridius_news_id`, `related_aridius_news_id`) VALUES ('4', '6');
INSERT INTO `PREFIX_DB_aridius_news_related` (`aridius_news_id`, `related_aridius_news_id`) VALUES ('5', '1');
INSERT INTO `PREFIX_DB_aridius_news_related` (`aridius_news_id`, `related_aridius_news_id`) VALUES ('5', '2');
INSERT INTO `PREFIX_DB_aridius_news_related` (`aridius_news_id`, `related_aridius_news_id`) VALUES ('5', '4');
INSERT INTO `PREFIX_DB_aridius_news_related` (`aridius_news_id`, `related_aridius_news_id`) VALUES ('5', '5');
INSERT INTO `PREFIX_DB_aridius_news_related` (`aridius_news_id`, `related_aridius_news_id`) VALUES ('5', '6');
INSERT INTO `PREFIX_DB_aridius_news_related` (`aridius_news_id`, `related_aridius_news_id`) VALUES ('6', '1');
INSERT INTO `PREFIX_DB_aridius_news_related` (`aridius_news_id`, `related_aridius_news_id`) VALUES ('6', '2');
INSERT INTO `PREFIX_DB_aridius_news_related` (`aridius_news_id`, `related_aridius_news_id`) VALUES ('6', '4');
INSERT INTO `PREFIX_DB_aridius_news_related` (`aridius_news_id`, `related_aridius_news_id`) VALUES ('6', '5');
INSERT INTO `PREFIX_DB_aridius_news_related` (`aridius_news_id`, `related_aridius_news_id`) VALUES ('6', '6');


TRUNCATE TABLE `PREFIX_DB_aridius_news_to_store`;

INSERT INTO `PREFIX_DB_aridius_news_to_store` (`aridius_news_id`, `store_id`) VALUES ('1', '0');
INSERT INTO `PREFIX_DB_aridius_news_to_store` (`aridius_news_id`, `store_id`) VALUES ('2', '0');
INSERT INTO `PREFIX_DB_aridius_news_to_store` (`aridius_news_id`, `store_id`) VALUES ('4', '0');
INSERT INTO `PREFIX_DB_aridius_news_to_store` (`aridius_news_id`, `store_id`) VALUES ('5', '0');
INSERT INTO `PREFIX_DB_aridius_news_to_store` (`aridius_news_id`, `store_id`) VALUES ('6', '0');


TRUNCATE TABLE `PREFIX_DB_aridius_product_to_sticker`;

INSERT INTO `PREFIX_DB_aridius_product_to_sticker` (`product_id`, `sticker_id`) VALUES ('49', '104');
INSERT INTO `PREFIX_DB_aridius_product_to_sticker` (`product_id`, `sticker_id`) VALUES ('30', '103');
INSERT INTO `PREFIX_DB_aridius_product_to_sticker` (`product_id`, `sticker_id`) VALUES ('48', '102');
INSERT INTO `PREFIX_DB_aridius_product_to_sticker` (`product_id`, `sticker_id`) VALUES ('33', '105');
INSERT INTO `PREFIX_DB_aridius_product_to_sticker` (`product_id`, `sticker_id`) VALUES ('47', '106');


TRUNCATE TABLE `PREFIX_DB_aridius_review_news`;



TRUNCATE TABLE `PREFIX_DB_aridius_review_store`;

INSERT INTO `PREFIX_DB_aridius_review_store` (`review_id`, `parent`, `customer_id`, `author`, `text`, `rating`, `status`, `date_added`, `date_modified`) VALUES ('1', '0', '0', 'Сергей', 'Нужно было купить принтер. На сайте сравнения цена была самая низкая именно в этом магазине. Оставил заявку на перезвон, что бы уточнить некоторые детали. Перезвонили быстро, через этот звонок и оформили заказ. Сказали, что нету в наличии, нужно заказывать. А деньги уже перевели. Через неделю перезвонили, сказали что будет уже после нового года. Но на следующий день опять позвонили, и сказали, что отправили. Доставляли новой почтой, коробка оказалась мятой, но внутри все целое. В целом доволен, и рекомендую.', '5', '1', '2019-05-17 00:00:00', '2020-01-25 11:08:37');
INSERT INTO `PREFIX_DB_aridius_review_store` (`review_id`, `parent`, `customer_id`, `author`, `text`, `rating`, `status`, `date_added`, `date_modified`) VALUES ('2', '0', '0', 'Тимофей', 'Доставка была с опаданием. Вместо заказанного Голд доставлен был Сильвер. Как результат потеряно время на второй день. При выдаче забыли вложить обещанный переходник к зарядному. В остальном все хорошо', '5', '1', '2019-11-15 00:00:00', '2020-01-25 11:08:26');
INSERT INTO `PREFIX_DB_aridius_review_store` (`review_id`, `parent`, `customer_id`, `author`, `text`, `rating`, `status`, `date_added`, `date_modified`) VALUES ('3', '0', '0', 'Олег', 'Хороший магазин. Мне вместе с телефоном дали в &quot;подарок&quot; 3 стартовых пакета, которые пролежали у меня пару недель, и когда я распаковал один из них, оказалось, что сим карта в нем с дргуим номером и вообще у нее уже закончился срок годности. У остальных пакетов симки были тоже уже использованы. Мне вроде и не жалко, потому что мне они не нужны были. Но сама ситуация не очень приятная. Некрасиво так делать. В остальном покупка прошла быстро и без происшествий.', '5', '1', '2019-11-04 00:00:00', '2020-01-25 11:08:17');
INSERT INTO `PREFIX_DB_aridius_review_store` (`review_id`, `parent`, `customer_id`, `author`, `text`, `rating`, `status`, `date_added`, `date_modified`) VALUES ('4', '0', '0', 'Сергей', 'Не успел я отвести руки от клавиатуры после отправки запроса, как мне уже перезвонили из магазина и предложили помощь. Я выбирал смартфон среди моделей Xiaomi и консультант мне доходчиво объяснил преимущества каждого телефона. А заказав к нему еще и аксессуары, я получил на них скидку 10%. Покупал в Технобит впервые, сайт сделан на совесть, ничего лишнего, вся информация только по-делу. Ассортимент достойный, цены доступные, а постоянным покупателям еще и дополнительные скидки. С доставкой тянуть не стали, вечером оформил заказ, а утром следующего дня уже получил сообщение, что товар на Новой Почте. По совету консультанта оплатил сразу на карту и сэкономил на доставке денег продавцу. Одним словом магазин понравился, ассортиментом многие магазины могут похвастаться, а вот сервис такого уровня не везде предоставляют. Занес его в избранное и буду при необходимости обращаться сюда за покупками', '5', '1', '2019-08-15 00:00:00', '2020-01-25 11:08:04');
INSERT INTO `PREFIX_DB_aridius_review_store` (`review_id`, `parent`, `customer_id`, `author`, `text`, `rating`, `status`, `date_added`, `date_modified`) VALUES ('5', '0', '0', 'Тамара', 'Прекрасный магазин, цены самые радостные, новинки сразу тут, качество на уровне. Очень довольна покупкой и благодарна магазину. Отдельный плюс - место расположения магазина, ездила из другого города, возле жд вокзала в 2х шагах. Боялась дорогую покупку через почту делать, да и переплачивать наложку не хотелось. Рекомендую однозначно!', '5', '1', '2019-11-25 00:00:00', '2020-01-25 11:07:53');
INSERT INTO `PREFIX_DB_aridius_review_store` (`review_id`, `parent`, `customer_id`, `author`, `text`, `rating`, `status`, `date_added`, `date_modified`) VALUES ('6', '0', '0', 'Настя', 'Искала телефон в офис. Обратилась к ребятам из Ipodrom-проконсультировали, быстро подобрали нужный товар. Приятные ребята, отличный сервис . Рекомендую', '5', '1', '2020-01-15 00:00:00', '2020-01-25 11:07:46');
INSERT INTO `PREFIX_DB_aridius_review_store` (`review_id`, `parent`, `customer_id`, `author`, `text`, `rating`, `status`, `date_added`, `date_modified`) VALUES ('7', '6', '0', 'Менеджер магазина Сергей', 'Настя, спасибо за Ваш отзыв!!!', '1', '1', '2020-01-25 11:10:25', '2020-01-25 11:10:34');


TRUNCATE TABLE `PREFIX_DB_aridius_size`;

INSERT INTO `PREFIX_DB_aridius_size` (`aridius_size_id`, `status`) VALUES ('207', '1');


TRUNCATE TABLE `PREFIX_DB_aridius_size_category`;

INSERT INTO `PREFIX_DB_aridius_size_category` (`aridius_size_id`, `category_id`) VALUES ('207', '45');
INSERT INTO `PREFIX_DB_aridius_size_category` (`aridius_size_id`, `category_id`) VALUES ('207', '46');
INSERT INTO `PREFIX_DB_aridius_size_category` (`aridius_size_id`, `category_id`) VALUES ('207', '59');
INSERT INTO `PREFIX_DB_aridius_size_category` (`aridius_size_id`, `category_id`) VALUES ('207', '61');
INSERT INTO `PREFIX_DB_aridius_size_category` (`aridius_size_id`, `category_id`) VALUES ('207', '64');
INSERT INTO `PREFIX_DB_aridius_size_category` (`aridius_size_id`, `category_id`) VALUES ('207', '65');
INSERT INTO `PREFIX_DB_aridius_size_category` (`aridius_size_id`, `category_id`) VALUES ('207', '66');
INSERT INTO `PREFIX_DB_aridius_size_category` (`aridius_size_id`, `category_id`) VALUES ('207', '67');
INSERT INTO `PREFIX_DB_aridius_size_category` (`aridius_size_id`, `category_id`) VALUES ('207', '68');
INSERT INTO `PREFIX_DB_aridius_size_category` (`aridius_size_id`, `category_id`) VALUES ('207', '69');
INSERT INTO `PREFIX_DB_aridius_size_category` (`aridius_size_id`, `category_id`) VALUES ('207', '70');
INSERT INTO `PREFIX_DB_aridius_size_category` (`aridius_size_id`, `category_id`) VALUES ('207', '71');
INSERT INTO `PREFIX_DB_aridius_size_category` (`aridius_size_id`, `category_id`) VALUES ('207', '72');
INSERT INTO `PREFIX_DB_aridius_size_category` (`aridius_size_id`, `category_id`) VALUES ('207', '73');
INSERT INTO `PREFIX_DB_aridius_size_category` (`aridius_size_id`, `category_id`) VALUES ('207', '74');
INSERT INTO `PREFIX_DB_aridius_size_category` (`aridius_size_id`, `category_id`) VALUES ('207', '75');
INSERT INTO `PREFIX_DB_aridius_size_category` (`aridius_size_id`, `category_id`) VALUES ('207', '76');
INSERT INTO `PREFIX_DB_aridius_size_category` (`aridius_size_id`, `category_id`) VALUES ('207', '77');
INSERT INTO `PREFIX_DB_aridius_size_category` (`aridius_size_id`, `category_id`) VALUES ('207', '78');
INSERT INTO `PREFIX_DB_aridius_size_category` (`aridius_size_id`, `category_id`) VALUES ('207', '79');
INSERT INTO `PREFIX_DB_aridius_size_category` (`aridius_size_id`, `category_id`) VALUES ('207', '88');
INSERT INTO `PREFIX_DB_aridius_size_category` (`aridius_size_id`, `category_id`) VALUES ('207', '89');
INSERT INTO `PREFIX_DB_aridius_size_category` (`aridius_size_id`, `category_id`) VALUES ('207', '90');
INSERT INTO `PREFIX_DB_aridius_size_category` (`aridius_size_id`, `category_id`) VALUES ('207', '91');
INSERT INTO `PREFIX_DB_aridius_size_category` (`aridius_size_id`, `category_id`) VALUES ('207', '92');
INSERT INTO `PREFIX_DB_aridius_size_category` (`aridius_size_id`, `category_id`) VALUES ('207', '93');
INSERT INTO `PREFIX_DB_aridius_size_category` (`aridius_size_id`, `category_id`) VALUES ('207', '94');
INSERT INTO `PREFIX_DB_aridius_size_category` (`aridius_size_id`, `category_id`) VALUES ('207', '95');
INSERT INTO `PREFIX_DB_aridius_size_category` (`aridius_size_id`, `category_id`) VALUES ('207', '96');
INSERT INTO `PREFIX_DB_aridius_size_category` (`aridius_size_id`, `category_id`) VALUES ('207', '97');
INSERT INTO `PREFIX_DB_aridius_size_category` (`aridius_size_id`, `category_id`) VALUES ('207', '98');
INSERT INTO `PREFIX_DB_aridius_size_category` (`aridius_size_id`, `category_id`) VALUES ('207', '100');
INSERT INTO `PREFIX_DB_aridius_size_category` (`aridius_size_id`, `category_id`) VALUES ('207', '101');
INSERT INTO `PREFIX_DB_aridius_size_category` (`aridius_size_id`, `category_id`) VALUES ('207', '102');
INSERT INTO `PREFIX_DB_aridius_size_category` (`aridius_size_id`, `category_id`) VALUES ('207', '103');
INSERT INTO `PREFIX_DB_aridius_size_category` (`aridius_size_id`, `category_id`) VALUES ('207', '104');
INSERT INTO `PREFIX_DB_aridius_size_category` (`aridius_size_id`, `category_id`) VALUES ('207', '105');
INSERT INTO `PREFIX_DB_aridius_size_category` (`aridius_size_id`, `category_id`) VALUES ('207', '106');
INSERT INTO `PREFIX_DB_aridius_size_category` (`aridius_size_id`, `category_id`) VALUES ('207', '107');
INSERT INTO `PREFIX_DB_aridius_size_category` (`aridius_size_id`, `category_id`) VALUES ('207', '109');
INSERT INTO `PREFIX_DB_aridius_size_category` (`aridius_size_id`, `category_id`) VALUES ('207', '110');
INSERT INTO `PREFIX_DB_aridius_size_category` (`aridius_size_id`, `category_id`) VALUES ('207', '111');
INSERT INTO `PREFIX_DB_aridius_size_category` (`aridius_size_id`, `category_id`) VALUES ('207', '112');
INSERT INTO `PREFIX_DB_aridius_size_category` (`aridius_size_id`, `category_id`) VALUES ('207', '114');
INSERT INTO `PREFIX_DB_aridius_size_category` (`aridius_size_id`, `category_id`) VALUES ('207', '115');
INSERT INTO `PREFIX_DB_aridius_size_category` (`aridius_size_id`, `category_id`) VALUES ('207', '116');
INSERT INTO `PREFIX_DB_aridius_size_category` (`aridius_size_id`, `category_id`) VALUES ('207', '117');
INSERT INTO `PREFIX_DB_aridius_size_category` (`aridius_size_id`, `category_id`) VALUES ('207', '118');
INSERT INTO `PREFIX_DB_aridius_size_category` (`aridius_size_id`, `category_id`) VALUES ('207', '119');
INSERT INTO `PREFIX_DB_aridius_size_category` (`aridius_size_id`, `category_id`) VALUES ('207', '120');
INSERT INTO `PREFIX_DB_aridius_size_category` (`aridius_size_id`, `category_id`) VALUES ('207', '121');
INSERT INTO `PREFIX_DB_aridius_size_category` (`aridius_size_id`, `category_id`) VALUES ('207', '122');
INSERT INTO `PREFIX_DB_aridius_size_category` (`aridius_size_id`, `category_id`) VALUES ('207', '123');
INSERT INTO `PREFIX_DB_aridius_size_category` (`aridius_size_id`, `category_id`) VALUES ('207', '130');
INSERT INTO `PREFIX_DB_aridius_size_category` (`aridius_size_id`, `category_id`) VALUES ('207', '20');
INSERT INTO `PREFIX_DB_aridius_size_category` (`aridius_size_id`, `category_id`) VALUES ('207', '32');
INSERT INTO `PREFIX_DB_aridius_size_category` (`aridius_size_id`, `category_id`) VALUES ('207', '18');
INSERT INTO `PREFIX_DB_aridius_size_category` (`aridius_size_id`, `category_id`) VALUES ('207', '25');
INSERT INTO `PREFIX_DB_aridius_size_category` (`aridius_size_id`, `category_id`) VALUES ('207', '24');
INSERT INTO `PREFIX_DB_aridius_size_category` (`aridius_size_id`, `category_id`) VALUES ('207', '33');
INSERT INTO `PREFIX_DB_aridius_size_category` (`aridius_size_id`, `category_id`) VALUES ('207', '34');
INSERT INTO `PREFIX_DB_aridius_size_category` (`aridius_size_id`, `category_id`) VALUES ('207', '60');
INSERT INTO `PREFIX_DB_aridius_size_category` (`aridius_size_id`, `category_id`) VALUES ('207', '113');
INSERT INTO `PREFIX_DB_aridius_size_category` (`aridius_size_id`, `category_id`) VALUES ('207', '108');
INSERT INTO `PREFIX_DB_aridius_size_category` (`aridius_size_id`, `category_id`) VALUES ('207', '62');
INSERT INTO `PREFIX_DB_aridius_size_category` (`aridius_size_id`, `category_id`) VALUES ('207', '63');
INSERT INTO `PREFIX_DB_aridius_size_category` (`aridius_size_id`, `category_id`) VALUES ('207', '129');


TRUNCATE TABLE `PREFIX_DB_aridius_size_description`;

INSERT INTO `PREFIX_DB_aridius_size_description` (`aridius_size_id`, `language_id`, `name`, `description`) VALUES ('207', '1', 'Таблица размеров', '&lt;p&gt;&lt;span style=&quot;background-color:#FFFF00&quot;&gt;Таблицу размеров можно выводить для каждого товара отдельно или для всех товаров сразу&lt;/span&gt;&lt;/p&gt;&lt;p&gt;&lt;img alt=&quot;&quot; /&gt;&lt;/p&gt;');
INSERT INTO `PREFIX_DB_aridius_size_description` (`aridius_size_id`, `language_id`, `name`, `description`) VALUES ('207', '2', 'Таблица размеров', '');


TRUNCATE TABLE `PREFIX_DB_aridius_size_product`;



TRUNCATE TABLE `PREFIX_DB_aridius_sticker`;

INSERT INTO `PREFIX_DB_aridius_sticker` (`sticker_id`, `sort_order`, `color`, `background`) VALUES ('102', '0', '#ffffff', '#ff5a4b');
INSERT INTO `PREFIX_DB_aridius_sticker` (`sticker_id`, `sort_order`, `color`, `background`) VALUES ('103', '0', '#f7f7f7', '#ffba6a');
INSERT INTO `PREFIX_DB_aridius_sticker` (`sticker_id`, `sort_order`, `color`, `background`) VALUES ('104', '0', '#ffffff', '#1bac5a');
INSERT INTO `PREFIX_DB_aridius_sticker` (`sticker_id`, `sort_order`, `color`, `background`) VALUES ('105', '0', '#ffffff', '#2c41ac');
INSERT INTO `PREFIX_DB_aridius_sticker` (`sticker_id`, `sort_order`, `color`, `background`) VALUES ('106', '0', '#ffffff', '#365dac');


TRUNCATE TABLE `PREFIX_DB_aridius_sticker_description`;

INSERT INTO `PREFIX_DB_aridius_sticker_description` (`sticker_id`, `language_id`, `name`) VALUES ('102', '1', 'супер цена');
INSERT INTO `PREFIX_DB_aridius_sticker_description` (`sticker_id`, `language_id`, `name`) VALUES ('103', '1', 'хит продаж');
INSERT INTO `PREFIX_DB_aridius_sticker_description` (`sticker_id`, `language_id`, `name`) VALUES ('104', '2', 'НОВИНКА');
INSERT INTO `PREFIX_DB_aridius_sticker_description` (`sticker_id`, `language_id`, `name`) VALUES ('104', '1', 'новинка');
INSERT INTO `PREFIX_DB_aridius_sticker_description` (`sticker_id`, `language_id`, `name`) VALUES ('105', '2', 'успей купить');
INSERT INTO `PREFIX_DB_aridius_sticker_description` (`sticker_id`, `language_id`, `name`) VALUES ('105', '1', 'успей купить');
INSERT INTO `PREFIX_DB_aridius_sticker_description` (`sticker_id`, `language_id`, `name`) VALUES ('106', '2', 'доставка за 1р');
INSERT INTO `PREFIX_DB_aridius_sticker_description` (`sticker_id`, `language_id`, `name`) VALUES ('106', '1', 'доставка за 1р');
INSERT INTO `PREFIX_DB_aridius_sticker_description` (`sticker_id`, `language_id`, `name`) VALUES ('102', '2', 'супер цена');
INSERT INTO `PREFIX_DB_aridius_sticker_description` (`sticker_id`, `language_id`, `name`) VALUES ('103', '2', 'хит продаж');


TRUNCATE TABLE `PREFIX_DB_aridiuscallback`;

INSERT INTO `PREFIX_DB_aridiuscallback` (`order_id`, `product_id`, `contact`, `firstname`, `email`, `comment`, `comment_manager`, `status`, `time_in`, `time_off`, `date_added`) VALUES ('1', '0', '+7(654) 654-6546', '54654654', 'gfgfdgd@mail.ru', '', '', '0', '00:00:00', '00:00:00', '2019-01-24 13:49:01');
INSERT INTO `PREFIX_DB_aridiuscallback` (`order_id`, `product_id`, `contact`, `firstname`, `email`, `comment`, `comment_manager`, `status`, `time_in`, `time_off`, `date_added`) VALUES ('2', '0', '+7(543) 534-5345', '543543534', 'ghdffd54@gmail.ru', '', '', '0', '00:00:00', '00:00:00', '2019-03-26 23:53:35');


TRUNCATE TABLE `PREFIX_DB_aridiusfastorder`;

INSERT INTO `PREFIX_DB_aridiusfastorder` (`order_id`, `product_id`, `product_option_value_id`, `contact`, `firstname`, `email`, `comment`, `comment_manager`, `product_name`, `quantity`, `status`, `format_option`, `total`, `date_added`, `currency_id`, `currency_code`, `currency_value`) VALUES ('82', '32', '0', '+7(111) 111-1111', '1111', '1111@mail.ru', '6565', '', 'Машина New Bright', '1', '0', '', '13758.0000', '2020-02-04 22:10:50', '1', 'RUB', '1.00000000');
INSERT INTO `PREFIX_DB_aridiusfastorder` (`order_id`, `product_id`, `product_option_value_id`, `contact`, `firstname`, `email`, `comment`, `comment_manager`, `product_name`, `quantity`, `status`, `format_option`, `total`, `date_added`, `currency_id`, `currency_code`, `currency_value`) VALUES ('83', '32', '1', '+7(222) 222-2222', '2222222', '2222222222222@mail.ru', '', '', 'Машина New Bright', '1', '0', 'Пример опции: xl', '3833.0000', '2020-02-04 22:11:56', '1', 'RUB', '1.00000000');


TRUNCATE TABLE `PREFIX_DB_aridiusinstock`;

INSERT INTO `PREFIX_DB_aridiusinstock` (`order_id`, `product_id`, `contact`, `firstname`, `email`, `comment_manager`, `product_name`, `status`, `date_added`) VALUES ('1', '30', '+7(565) 465-4654', '54654654654', 'gt.87@bk.ru', '', 'Canon EOS 5D', '0', '2019-01-24 13:44:38');
INSERT INTO `PREFIX_DB_aridiusinstock` (`order_id`, `product_id`, `contact`, `firstname`, `email`, `comment_manager`, `product_name`, `status`, `date_added`) VALUES ('2', '30', '+7(654) 654-6546', '54654654654', 'fgdfgd@mail.ru', '', 'Canon EOS 5D', '0', '2019-01-24 13:44:56');
INSERT INTO `PREFIX_DB_aridiusinstock` (`order_id`, `product_id`, `contact`, `firstname`, `email`, `comment_manager`, `product_name`, `status`, `date_added`) VALUES ('3', '30', '+7(453) 453-4534', '534534534', 'sdsfds@mail.ru', '', 'Canon EOS 5D', '0', '2019-01-24 13:46:06');
INSERT INTO `PREFIX_DB_aridiusinstock` (`order_id`, `product_id`, `contact`, `firstname`, `email`, `comment_manager`, `product_name`, `status`, `date_added`) VALUES ('4', '30', '+7(453) 453-4534', '34534534534', 'dfsfs@mail.ru', '', 'Canon EOS 5D', '0', '2019-01-24 13:47:21');
INSERT INTO `PREFIX_DB_aridiusinstock` (`order_id`, `product_id`, `contact`, `firstname`, `email`, `comment_manager`, `product_name`, `status`, `date_added`) VALUES ('5', '30', '+7(654) 654-6546', '654654654', '54654@mail.ru', '', 'Canon EOS 5D', '0', '2019-01-24 13:47:40');
INSERT INTO `PREFIX_DB_aridiusinstock` (`order_id`, `product_id`, `contact`, `firstname`, `email`, `comment_manager`, `product_name`, `status`, `date_added`) VALUES ('6', '30', '+7(654) 654-6546', '5654654654', '54654@mail.ru', '', 'Canon EOS 5D', '0', '2019-01-24 13:48:19');
INSERT INTO `PREFIX_DB_aridiusinstock` (`order_id`, `product_id`, `contact`, `firstname`, `email`, `comment_manager`, `product_name`, `status`, `date_added`) VALUES ('7', '49', '+7(454) 353-4534', 'tretretre', 'fdgdfgd@mail.ru', '', 'Nike Air Max Sequent 2', '0', '2019-03-26 23:49:02');
INSERT INTO `PREFIX_DB_aridiusinstock` (`order_id`, `product_id`, `contact`, `firstname`, `email`, `comment_manager`, `product_name`, `status`, `date_added`) VALUES ('8', '30', '+7(654) 654-6546', '54654654654', 'gfhgfhgf@mail.ru', '', 'Софа Kelso', '0', '2019-03-26 23:49:41');
INSERT INTO `PREFIX_DB_aridiusinstock` (`order_id`, `product_id`, `contact`, `firstname`, `email`, `comment_manager`, `product_name`, `status`, `date_added`) VALUES ('9', '30', '+7(654) 654-6546', '54654654', 'ghfhgfhf@mail.ru', '', 'Софа Kelso', '0', '2019-03-26 23:49:57');
INSERT INTO `PREFIX_DB_aridiusinstock` (`order_id`, `product_id`, `contact`, `firstname`, `email`, `comment_manager`, `product_name`, `status`, `date_added`) VALUES ('10', '49', '+7(546) 546-5465', '546546', '546546@mail.ru', '', 'Nike Air Max Sequent 2', '0', '2019-10-17 13:58:29');


TRUNCATE TABLE `PREFIX_DB_aridiusundersell`;

INSERT INTO `PREFIX_DB_aridiusundersell` (`order_id`, `product_id`, `contact`, `firstname`, `email`, `link`, `comment`, `comment_manager`, `product_name`, `quantity`, `status`, `format_option`, `total`, `date_added`, `currency_id`, `currency_code`, `currency_value`) VALUES ('1', '41', '+7(654) 654-6546', '645654654', 'gfhgf@mail.ru', '6546546546', '54654654', '', 'Pavilion 550', '1', '0', '', '22.0000', '2019-03-26 23:52:51', '1', 'RUB', '1.00000000');


TRUNCATE TABLE `PREFIX_DB_attribute`;

INSERT INTO `PREFIX_DB_attribute` (`attribute_id`, `attribute_group_id`, `sort_order`) VALUES ('1', '6', '1');
INSERT INTO `PREFIX_DB_attribute` (`attribute_id`, `attribute_group_id`, `sort_order`) VALUES ('2', '6', '5');
INSERT INTO `PREFIX_DB_attribute` (`attribute_id`, `attribute_group_id`, `sort_order`) VALUES ('3', '6', '3');
INSERT INTO `PREFIX_DB_attribute` (`attribute_id`, `attribute_group_id`, `sort_order`) VALUES ('4', '3', '1');
INSERT INTO `PREFIX_DB_attribute` (`attribute_id`, `attribute_group_id`, `sort_order`) VALUES ('5', '3', '2');
INSERT INTO `PREFIX_DB_attribute` (`attribute_id`, `attribute_group_id`, `sort_order`) VALUES ('6', '3', '3');
INSERT INTO `PREFIX_DB_attribute` (`attribute_id`, `attribute_group_id`, `sort_order`) VALUES ('7', '3', '4');
INSERT INTO `PREFIX_DB_attribute` (`attribute_id`, `attribute_group_id`, `sort_order`) VALUES ('8', '3', '5');
INSERT INTO `PREFIX_DB_attribute` (`attribute_id`, `attribute_group_id`, `sort_order`) VALUES ('9', '3', '6');
INSERT INTO `PREFIX_DB_attribute` (`attribute_id`, `attribute_group_id`, `sort_order`) VALUES ('10', '3', '7');
INSERT INTO `PREFIX_DB_attribute` (`attribute_id`, `attribute_group_id`, `sort_order`) VALUES ('11', '3', '8');
INSERT INTO `PREFIX_DB_attribute` (`attribute_id`, `attribute_group_id`, `sort_order`) VALUES ('12', '7', '100');
INSERT INTO `PREFIX_DB_attribute` (`attribute_id`, `attribute_group_id`, `sort_order`) VALUES ('13', '7', '99');
INSERT INTO `PREFIX_DB_attribute` (`attribute_id`, `attribute_group_id`, `sort_order`) VALUES ('14', '7', '97');
INSERT INTO `PREFIX_DB_attribute` (`attribute_id`, `attribute_group_id`, `sort_order`) VALUES ('15', '7', '96');
INSERT INTO `PREFIX_DB_attribute` (`attribute_id`, `attribute_group_id`, `sort_order`) VALUES ('16', '7', '95');
INSERT INTO `PREFIX_DB_attribute` (`attribute_id`, `attribute_group_id`, `sort_order`) VALUES ('17', '7', '94');
INSERT INTO `PREFIX_DB_attribute` (`attribute_id`, `attribute_group_id`, `sort_order`) VALUES ('18', '7', '10');
INSERT INTO `PREFIX_DB_attribute` (`attribute_id`, `attribute_group_id`, `sort_order`) VALUES ('19', '7', '20');
INSERT INTO `PREFIX_DB_attribute` (`attribute_id`, `attribute_group_id`, `sort_order`) VALUES ('20', '7', '30');
INSERT INTO `PREFIX_DB_attribute` (`attribute_id`, `attribute_group_id`, `sort_order`) VALUES ('21', '7', '40');
INSERT INTO `PREFIX_DB_attribute` (`attribute_id`, `attribute_group_id`, `sort_order`) VALUES ('22', '7', '50');
INSERT INTO `PREFIX_DB_attribute` (`attribute_id`, `attribute_group_id`, `sort_order`) VALUES ('23', '7', '60');
INSERT INTO `PREFIX_DB_attribute` (`attribute_id`, `attribute_group_id`, `sort_order`) VALUES ('24', '7', '70');
INSERT INTO `PREFIX_DB_attribute` (`attribute_id`, `attribute_group_id`, `sort_order`) VALUES ('25', '7', '80');
INSERT INTO `PREFIX_DB_attribute` (`attribute_id`, `attribute_group_id`, `sort_order`) VALUES ('26', '7', '90');


TRUNCATE TABLE `PREFIX_DB_attribute_description`;

INSERT INTO `PREFIX_DB_attribute_description` (`attribute_id`, `language_id`, `name`) VALUES ('1', '1', 'Description');
INSERT INTO `PREFIX_DB_attribute_description` (`attribute_id`, `language_id`, `name`) VALUES ('2', '1', 'No. of Cores');
INSERT INTO `PREFIX_DB_attribute_description` (`attribute_id`, `language_id`, `name`) VALUES ('4', '1', 'test 1');
INSERT INTO `PREFIX_DB_attribute_description` (`attribute_id`, `language_id`, `name`) VALUES ('5', '1', 'test 2');
INSERT INTO `PREFIX_DB_attribute_description` (`attribute_id`, `language_id`, `name`) VALUES ('6', '1', 'test 3');
INSERT INTO `PREFIX_DB_attribute_description` (`attribute_id`, `language_id`, `name`) VALUES ('7', '1', 'test 4');
INSERT INTO `PREFIX_DB_attribute_description` (`attribute_id`, `language_id`, `name`) VALUES ('8', '1', 'test 5');
INSERT INTO `PREFIX_DB_attribute_description` (`attribute_id`, `language_id`, `name`) VALUES ('9', '1', 'test 6');
INSERT INTO `PREFIX_DB_attribute_description` (`attribute_id`, `language_id`, `name`) VALUES ('10', '1', 'test 7');
INSERT INTO `PREFIX_DB_attribute_description` (`attribute_id`, `language_id`, `name`) VALUES ('11', '1', 'test 8');
INSERT INTO `PREFIX_DB_attribute_description` (`attribute_id`, `language_id`, `name`) VALUES ('3', '1', 'Clockspeed');
INSERT INTO `PREFIX_DB_attribute_description` (`attribute_id`, `language_id`, `name`) VALUES ('1', '2', 'Description');
INSERT INTO `PREFIX_DB_attribute_description` (`attribute_id`, `language_id`, `name`) VALUES ('2', '2', 'No. of Cores');
INSERT INTO `PREFIX_DB_attribute_description` (`attribute_id`, `language_id`, `name`) VALUES ('4', '2', 'test 1');
INSERT INTO `PREFIX_DB_attribute_description` (`attribute_id`, `language_id`, `name`) VALUES ('5', '2', 'test 2');
INSERT INTO `PREFIX_DB_attribute_description` (`attribute_id`, `language_id`, `name`) VALUES ('6', '2', 'test 3');
INSERT INTO `PREFIX_DB_attribute_description` (`attribute_id`, `language_id`, `name`) VALUES ('7', '2', 'test 4');
INSERT INTO `PREFIX_DB_attribute_description` (`attribute_id`, `language_id`, `name`) VALUES ('8', '2', 'test 5');
INSERT INTO `PREFIX_DB_attribute_description` (`attribute_id`, `language_id`, `name`) VALUES ('9', '2', 'test 6');
INSERT INTO `PREFIX_DB_attribute_description` (`attribute_id`, `language_id`, `name`) VALUES ('10', '2', 'test 7');
INSERT INTO `PREFIX_DB_attribute_description` (`attribute_id`, `language_id`, `name`) VALUES ('11', '2', 'test 8');
INSERT INTO `PREFIX_DB_attribute_description` (`attribute_id`, `language_id`, `name`) VALUES ('3', '2', 'Clockspeed');
INSERT INTO `PREFIX_DB_attribute_description` (`attribute_id`, `language_id`, `name`) VALUES ('12', '1', 'Гарантия');
INSERT INTO `PREFIX_DB_attribute_description` (`attribute_id`, `language_id`, `name`) VALUES ('12', '2', 'Гарантия');
INSERT INTO `PREFIX_DB_attribute_description` (`attribute_id`, `language_id`, `name`) VALUES ('13', '1', 'Страна регистрации бренда');
INSERT INTO `PREFIX_DB_attribute_description` (`attribute_id`, `language_id`, `name`) VALUES ('13', '2', 'Страна регистрации бренда');
INSERT INTO `PREFIX_DB_attribute_description` (`attribute_id`, `language_id`, `name`) VALUES ('14', '1', 'Цвет');
INSERT INTO `PREFIX_DB_attribute_description` (`attribute_id`, `language_id`, `name`) VALUES ('14', '2', 'Цвет');
INSERT INTO `PREFIX_DB_attribute_description` (`attribute_id`, `language_id`, `name`) VALUES ('15', '1', 'Вес');
INSERT INTO `PREFIX_DB_attribute_description` (`attribute_id`, `language_id`, `name`) VALUES ('15', '2', 'Вес');
INSERT INTO `PREFIX_DB_attribute_description` (`attribute_id`, `language_id`, `name`) VALUES ('16', '1', 'Размеры');
INSERT INTO `PREFIX_DB_attribute_description` (`attribute_id`, `language_id`, `name`) VALUES ('16', '2', 'Размеры');
INSERT INTO `PREFIX_DB_attribute_description` (`attribute_id`, `language_id`, `name`) VALUES ('17', '2', 'Страна-производитель');
INSERT INTO `PREFIX_DB_attribute_description` (`attribute_id`, `language_id`, `name`) VALUES ('17', '1', 'Страна-производитель');
INSERT INTO `PREFIX_DB_attribute_description` (`attribute_id`, `language_id`, `name`) VALUES ('18', '1', 'Максимальная загрузка белья');
INSERT INTO `PREFIX_DB_attribute_description` (`attribute_id`, `language_id`, `name`) VALUES ('18', '2', 'Максимальная загрузка белья');
INSERT INTO `PREFIX_DB_attribute_description` (`attribute_id`, `language_id`, `name`) VALUES ('19', '1', 'Класс энергопотребления');
INSERT INTO `PREFIX_DB_attribute_description` (`attribute_id`, `language_id`, `name`) VALUES ('19', '2', 'Класс энергопотребления');
INSERT INTO `PREFIX_DB_attribute_description` (`attribute_id`, `language_id`, `name`) VALUES ('20', '1', 'Скорость отжима');
INSERT INTO `PREFIX_DB_attribute_description` (`attribute_id`, `language_id`, `name`) VALUES ('20', '2', 'Скорость отжима');
INSERT INTO `PREFIX_DB_attribute_description` (`attribute_id`, `language_id`, `name`) VALUES ('21', '1', 'Количество программ');
INSERT INTO `PREFIX_DB_attribute_description` (`attribute_id`, `language_id`, `name`) VALUES ('21', '2', 'Количество программ');
INSERT INTO `PREFIX_DB_attribute_description` (`attribute_id`, `language_id`, `name`) VALUES ('22', '1', 'Габариты (ВхШхГ)');
INSERT INTO `PREFIX_DB_attribute_description` (`attribute_id`, `language_id`, `name`) VALUES ('22', '2', 'Габариты (ВхШхГ)');
INSERT INTO `PREFIX_DB_attribute_description` (`attribute_id`, `language_id`, `name`) VALUES ('23', '1', 'Тип двигателя');
INSERT INTO `PREFIX_DB_attribute_description` (`attribute_id`, `language_id`, `name`) VALUES ('23', '2', 'Тип двигателя');
INSERT INTO `PREFIX_DB_attribute_description` (`attribute_id`, `language_id`, `name`) VALUES ('24', '1', 'Способ установки');
INSERT INTO `PREFIX_DB_attribute_description` (`attribute_id`, `language_id`, `name`) VALUES ('24', '2', 'Способ установки');
INSERT INTO `PREFIX_DB_attribute_description` (`attribute_id`, `language_id`, `name`) VALUES ('25', '1', 'Дисплей');
INSERT INTO `PREFIX_DB_attribute_description` (`attribute_id`, `language_id`, `name`) VALUES ('25', '2', 'Дисплей');
INSERT INTO `PREFIX_DB_attribute_description` (`attribute_id`, `language_id`, `name`) VALUES ('26', '1', 'Страна регистрации бренда');
INSERT INTO `PREFIX_DB_attribute_description` (`attribute_id`, `language_id`, `name`) VALUES ('26', '2', 'Страна регистрации бренда');


TRUNCATE TABLE `PREFIX_DB_attribute_group`;

INSERT INTO `PREFIX_DB_attribute_group` (`attribute_group_id`, `sort_order`) VALUES ('3', '2');
INSERT INTO `PREFIX_DB_attribute_group` (`attribute_group_id`, `sort_order`) VALUES ('4', '1');
INSERT INTO `PREFIX_DB_attribute_group` (`attribute_group_id`, `sort_order`) VALUES ('5', '3');
INSERT INTO `PREFIX_DB_attribute_group` (`attribute_group_id`, `sort_order`) VALUES ('6', '4');
INSERT INTO `PREFIX_DB_attribute_group` (`attribute_group_id`, `sort_order`) VALUES ('7', '1');


TRUNCATE TABLE `PREFIX_DB_attribute_group_description`;

INSERT INTO `PREFIX_DB_attribute_group_description` (`attribute_group_id`, `language_id`, `name`) VALUES ('3', '1', 'Память');
INSERT INTO `PREFIX_DB_attribute_group_description` (`attribute_group_id`, `language_id`, `name`) VALUES ('4', '1', 'Technical');
INSERT INTO `PREFIX_DB_attribute_group_description` (`attribute_group_id`, `language_id`, `name`) VALUES ('5', '1', 'Материнская плата');
INSERT INTO `PREFIX_DB_attribute_group_description` (`attribute_group_id`, `language_id`, `name`) VALUES ('6', '1', 'Процессор');
INSERT INTO `PREFIX_DB_attribute_group_description` (`attribute_group_id`, `language_id`, `name`) VALUES ('3', '2', 'Memory');
INSERT INTO `PREFIX_DB_attribute_group_description` (`attribute_group_id`, `language_id`, `name`) VALUES ('4', '2', 'Technical');
INSERT INTO `PREFIX_DB_attribute_group_description` (`attribute_group_id`, `language_id`, `name`) VALUES ('5', '2', 'Motherboard');
INSERT INTO `PREFIX_DB_attribute_group_description` (`attribute_group_id`, `language_id`, `name`) VALUES ('6', '2', 'Processor');
INSERT INTO `PREFIX_DB_attribute_group_description` (`attribute_group_id`, `language_id`, `name`) VALUES ('7', '1', 'Характеристики');
INSERT INTO `PREFIX_DB_attribute_group_description` (`attribute_group_id`, `language_id`, `name`) VALUES ('7', '2', 'Характеристики');


TRUNCATE TABLE `PREFIX_DB_banner`;

INSERT INTO `PREFIX_DB_banner` (`banner_id`, `name`, `status`) VALUES ('7', 'Слайдшоу слева', '1');
INSERT INTO `PREFIX_DB_banner` (`banner_id`, `name`, `status`) VALUES ('8', 'Производители', '1');
INSERT INTO `PREFIX_DB_banner` (`banner_id`, `name`, `status`) VALUES ('9', 'баннер правый 1', '1');
INSERT INTO `PREFIX_DB_banner` (`banner_id`, `name`, `status`) VALUES ('10', 'баннер правый 2', '1');
INSERT INTO `PREFIX_DB_banner` (`banner_id`, `name`, `status`) VALUES ('12', 'баннер средина 1', '1');
INSERT INTO `PREFIX_DB_banner` (`banner_id`, `name`, `status`) VALUES ('13', 'баннер средина 2', '1');
INSERT INTO `PREFIX_DB_banner` (`banner_id`, `name`, `status`) VALUES ('14', 'баннер средина 3', '1');
INSERT INTO `PREFIX_DB_banner` (`banner_id`, `name`, `status`) VALUES ('15', 'баннер низ', '1');
INSERT INTO `PREFIX_DB_banner` (`banner_id`, `name`, `status`) VALUES ('16', 'слайдер на всю ширину', '1');
INSERT INTO `PREFIX_DB_banner` (`banner_id`, `name`, `status`) VALUES ('17', 'баннер левая колонка', '1');
INSERT INTO `PREFIX_DB_banner` (`banner_id`, `name`, `status`) VALUES ('19', 'баннер вверх', '1');
INSERT INTO `PREFIX_DB_banner` (`banner_id`, `name`, `status`) VALUES ('20', 'Слайдшоу слева если есть левая колонка', '1');
INSERT INTO `PREFIX_DB_banner` (`banner_id`, `name`, `status`) VALUES ('22', 'баннер правый 1 если включена левая колонка', '1');
INSERT INTO `PREFIX_DB_banner` (`banner_id`, `name`, `status`) VALUES ('23', 'баннер правый 2 если включена левая колонка', '1');
INSERT INTO `PREFIX_DB_banner` (`banner_id`, `name`, `status`) VALUES ('24', 'слайдер с шапкой', '1');


TRUNCATE TABLE `PREFIX_DB_banner_image`;

INSERT INTO `PREFIX_DB_banner_image` (`banner_image_id`, `banner_id`, `language_id`, `title`, `description`, `link`, `image`, `sort_order`) VALUES ('723', '8', '1', 'lakailer', '', 'laptop-notebook/ipod-classic', 'catalog/tovar/man/man2.jpg', '0');
INSERT INTO `PREFIX_DB_banner_image` (`banner_image_id`, `banner_id`, `language_id`, `title`, `description`, `link`, `image`, `sort_order`) VALUES ('722', '8', '1', 'harvest', '', 'laptop-notebook/ipod-classic', 'catalog/tovar/man/man3.jpg', '0');
INSERT INTO `PREFIX_DB_banner_image` (`banner_image_id`, `banner_id`, `language_id`, `title`, `description`, `link`, `image`, `sort_order`) VALUES ('721', '8', '1', 'landlock', '', 'laptop-notebook/ipod-classic', 'catalog/tovar/man/man4.jpg', '0');
INSERT INTO `PREFIX_DB_banner_image` (`banner_image_id`, `banner_id`, `language_id`, `title`, `description`, `link`, `image`, `sort_order`) VALUES ('703', '17', '2', 'sale', '', 'laptop-notebook/ipod-classic', 'catalog/banners_aurus/banner_1-362x175.png', '0');
INSERT INTO `PREFIX_DB_banner_image` (`banner_image_id`, `banner_id`, `language_id`, `title`, `description`, `link`, `image`, `sort_order`) VALUES ('720', '8', '1', 'spectrum', '', 'laptop-notebook/ipod-classic', 'catalog/tovar/man/man5.jpg', '0');
INSERT INTO `PREFIX_DB_banner_image` (`banner_image_id`, `banner_id`, `language_id`, `title`, `description`, `link`, `image`, `sort_order`) VALUES ('770', '7', '2', 'apple', '&lt;div class=&quot;text-slider1 ef-slider1&quot;&gt;Новая линейка&lt;/div&gt;&lt;div class=&quot;text-slider2 ef-slider2&quot;&gt;Водонепроницаемых часов&lt;/div&gt;&lt;div class=&quot;text-slider3 ef-slider3&quot;&gt;От Apple&lt;/div&gt;&lt;div class=&quot;text-slider4 ef-slider4&quot;&gt;&lt;a class=&quot;btn-slider&quot; href=&quot;laptop-notebook/ipod-classic&quot; role=&quot;button&quot;&gt;Подробнее&lt;/a&gt;&lt;/div&gt;', 'desktops/', 'catalog/banners_aurus/left2.jpg', '0');
INSERT INTO `PREFIX_DB_banner_image` (`banner_image_id`, `banner_id`, `language_id`, `title`, `description`, `link`, `image`, `sort_order`) VALUES ('771', '7', '2', 'apple', '&lt;div class=&quot;text-slider1&quot;&gt;Новая линейка&lt;/div&gt;&lt;div class=&quot;text-slider2&quot;&gt;Золотых изделий&lt;/div&gt;&lt;div class=&quot;text-slider3&quot;&gt;популярных брендов по доступным ценам&lt;/div&gt;&lt;div class=&quot;text-slider4 ef-slider4&quot;&gt;&lt;a class=&quot;btn-slider&quot; href=&quot;laptop-notebook/ipod-classic&quot; role=&quot;button&quot;&gt;Подробнее&lt;/a&gt;&lt;/div&gt;', 'desktops/', 'catalog/banners_aurus/left1.jpg', '1');
INSERT INTO `PREFIX_DB_banner_image` (`banner_image_id`, `banner_id`, `language_id`, `title`, `description`, `link`, `image`, `sort_order`) VALUES ('701', '19', '2', 'iphone', '', 'laptop-notebook/ipod-classic', 'catalog/banners_aurus/top-1920x30.jpg', '0');
INSERT INTO `PREFIX_DB_banner_image` (`banner_image_id`, `banner_id`, `language_id`, `title`, `description`, `link`, `image`, `sort_order`) VALUES ('713', '23', '2', 'sale', '&lt;a class=&quot;btn btn-bannerright1&quot; href=&quot;desktops/&quot; role=&quot;button&quot;&gt;Смотреть&lt;/a&gt;', 'desktops/', 'catalog/banners_aurus/right_col_left2.jpg', '0');
INSERT INTO `PREFIX_DB_banner_image` (`banner_image_id`, `banner_id`, `language_id`, `title`, `description`, `link`, `image`, `sort_order`) VALUES ('707', '9', '2', 'мебель', '&lt;span class = &quot;bannerright-text&quot;&gt;новая линейка &lt;/span&gt;', 'desktops/', 'catalog/banners_aurus/right1.jpg', '0');
INSERT INTO `PREFIX_DB_banner_image` (`banner_image_id`, `banner_id`, `language_id`, `title`, `description`, `link`, `image`, `sort_order`) VALUES ('709', '22', '2', 'lg', '&lt;span class = &quot;bannerright-text&quot;&gt;новая линейка &lt;/span&gt;', 'desktops/', 'catalog/banners_aurus/right_col_left1.jpg', '0');
INSERT INTO `PREFIX_DB_banner_image` (`banner_image_id`, `banner_id`, `language_id`, `title`, `description`, `link`, `image`, `sort_order`) VALUES ('710', '10', '1', 'мебель', '&lt;a class=&quot;btn btn-bannerright1&quot; href=&quot;laptop-notebook/ipod-classic&quot; role=&quot;button&quot;&gt;Смотреть&lt;/a&gt;', 'laptop-notebook/ipod-classic', 'catalog/banners_aurus/right2.jpg', '0');
INSERT INTO `PREFIX_DB_banner_image` (`banner_image_id`, `banner_id`, `language_id`, `title`, `description`, `link`, `image`, `sort_order`) VALUES ('715', '12', '2', 'apple', '&lt;span class = &quot;bannercenter-text&quot;&gt;новинка&lt;/span&gt;', 'desktops/', 'catalog/banners_aurus/md1.jpg', '0');
INSERT INTO `PREFIX_DB_banner_image` (`banner_image_id`, `banner_id`, `language_id`, `title`, `description`, `link`, `image`, `sort_order`) VALUES ('716', '13', '1', 'apple', '&lt;a class=&quot;btn btn-bannercenter&quot; href=&quot;laptop-notebook/ipod-classic&quot; role=&quot;button&quot;&gt;Смотреть&lt;/a&gt;', 'laptop-notebook/ipod-classic', 'catalog/banners_aurus/md3.jpg', '0');
INSERT INTO `PREFIX_DB_banner_image` (`banner_image_id`, `banner_id`, `language_id`, `title`, `description`, `link`, `image`, `sort_order`) VALUES ('719', '14', '2', 'apple', '&lt;a class=&quot;btn btn-bannercenter2&quot; href=&quot;desktops/&quot; role=&quot;button&quot;&gt;Смотреть&lt;/a&gt;', 'desktops/', 'catalog/banners_aurus/md2.jpg', '0');
INSERT INTO `PREFIX_DB_banner_image` (`banner_image_id`, `banner_id`, `language_id`, `title`, `description`, `link`, `image`, `sort_order`) VALUES ('705', '15', '2', 'sale', '&lt;a class=&quot;btn btn-bannerbottom&quot; href=&quot;laptop-notebook/ipod-classic&quot; role=&quot;button&quot;&gt;Смотреть&lt;/a&gt;', 'laptop-notebook/ipod-classic', 'catalog/banners_aurus/bot.jpg', '0');
INSERT INTO `PREFIX_DB_banner_image` (`banner_image_id`, `banner_id`, `language_id`, `title`, `description`, `link`, `image`, `sort_order`) VALUES ('761', '16', '2', 'apple', '', 'desktops/', 'catalog/banners_aurus/ful1.jpg', '0');
INSERT INTO `PREFIX_DB_banner_image` (`banner_image_id`, `banner_id`, `language_id`, `title`, `description`, `link`, `image`, `sort_order`) VALUES ('762', '16', '2', 'apple', '', 'desktops/', 'catalog/banners_aurus/ful2.jpg', '0');
INSERT INTO `PREFIX_DB_banner_image` (`banner_image_id`, `banner_id`, `language_id`, `title`, `description`, `link`, `image`, `sort_order`) VALUES ('758', '16', '1', 'apple', '&lt;div class=&quot;text-slider1 ef-slider1&quot;&gt;Новая линейка&lt;/div&gt;&lt;div class=&quot;text-slider2 ef-slider2&quot;&gt;Водонепроницаемых часов&lt;/div&gt;&lt;div class=&quot;text-slider3 ef-slider3&quot;&gt;От Apple&lt;/div&gt;&lt;div class=&quot;text-slider4 ef-slider4&quot;&gt;&lt;a class=&quot;btn-slider&quot; href=&quot;laptop-notebook/ipod-classic&quot; role=&quot;button&quot;&gt;Подробнее&lt;/a&gt;&lt;/div&gt;', 'laptop-notebook/ipod-classic', 'catalog/banners_aurus/ful1.jpg', '0');
INSERT INTO `PREFIX_DB_banner_image` (`banner_image_id`, `banner_id`, `language_id`, `title`, `description`, `link`, `image`, `sort_order`) VALUES ('759', '16', '1', 'apple', '&lt;div class=&quot;text-slider1&quot;&gt;Ароматизаторы и освежители воздуха&lt;/div&gt;&lt;div class=&quot;text-slider2 ef-slider2&quot;&gt;Только оригинальная продукция!&lt;/div&gt;&lt;div class=&quot;text-slider3 ef-slider3&quot;&gt;По лучшей цене&lt;/div&gt;&lt;div class=&quot;text-slider4 ef-slider4&quot;&gt;&lt;a class=&quot;btn-slider&quot; href=&quot;laptop-notebook/ipod-classic&quot; role=&quot;button&quot;&gt;Подробнее&lt;/a&gt;&lt;/div&gt;', 'laptop-notebook/ipod-classic', 'catalog/banners_aurus/ful2.jpg', '1');
INSERT INTO `PREFIX_DB_banner_image` (`banner_image_id`, `banner_id`, `language_id`, `title`, `description`, `link`, `image`, `sort_order`) VALUES ('768', '7', '1', 'apple', '&lt;div class=&quot;text-slider1 ef-slider1&quot;&gt;Новая линейка&lt;/div&gt;&lt;div class=&quot;text-slider2 ef-slider2&quot;&gt;Водонепроницаемых часов&lt;/div&gt;&lt;div class=&quot;text-slider3 ef-slider3&quot;&gt;От Apple&lt;/div&gt;&lt;div class=&quot;text-slider4 ef-slider4&quot;&gt;&lt;a class=&quot;btn-slider&quot; href=&quot;laptop-notebook/ipod-classic&quot; role=&quot;button&quot;&gt;Подробнее&lt;/a&gt;&lt;/div&gt;', 'laptop-notebook/ipod-classic', 'catalog/banners_aurus/left2.jpg', '0');
INSERT INTO `PREFIX_DB_banner_image` (`banner_image_id`, `banner_id`, `language_id`, `title`, `description`, `link`, `image`, `sort_order`) VALUES ('714', '12', '1', 'apple', '&lt;span class = &quot;bannercenter-text&quot;&gt;новинка&lt;/span&gt;', 'laptop-notebook/ipod-classic', 'catalog/banners_aurus/md1.jpg', '0');
INSERT INTO `PREFIX_DB_banner_image` (`banner_image_id`, `banner_id`, `language_id`, `title`, `description`, `link`, `image`, `sort_order`) VALUES ('763', '16', '2', 'apple', '', 'desktops/', 'catalog/banners_aurus/ful3.jpg', '0');
INSERT INTO `PREFIX_DB_banner_image` (`banner_image_id`, `banner_id`, `language_id`, `title`, `description`, `link`, `image`, `sort_order`) VALUES ('760', '16', '1', 'adidas', '&lt;div class=&quot;text-slider1&quot;&gt;Купить мужские кроссовки&lt;/div&gt;&lt;div class=&quot;text-slider2 ef-slider2&quot;&gt;Nike и Air Jordan&lt;/div&gt;&lt;div class=&quot;text-slider3 ef-slider3&quot;&gt;По лучшей цене&lt;/div&gt;&lt;div class=&quot;text-slider4 ef-slider4&quot;&gt;&lt;a class=&quot;btn-slider&quot; href=&quot;laptop-notebook/ipod-classic&quot; role=&quot;button&quot;&gt;Подробнее&lt;/a&gt;&lt;/div&gt;', 'laptop-notebook/ipod-classic', 'catalog/banners_aurus/ful3.jpg', '2');
INSERT INTO `PREFIX_DB_banner_image` (`banner_image_id`, `banner_id`, `language_id`, `title`, `description`, `link`, `image`, `sort_order`) VALUES ('769', '7', '1', 'apple', '&lt;div class=&quot;text-slider1&quot;&gt;Новая линейка&lt;/div&gt;&lt;div class=&quot;text-slider2&quot;&gt;Золотых изделий&lt;/div&gt;&lt;div class=&quot;text-slider3&quot;&gt;популярных брендов по доступным ценам&lt;/div&gt;&lt;div class=&quot;text-slider4 ef-slider4&quot;&gt;&lt;a class=&quot;btn-slider&quot; href=&quot;laptop-notebook/ipod-classic&quot; role=&quot;button&quot;&gt;Подробнее&lt;/a&gt;&lt;/div&gt;', 'laptop-notebook/ipod-classic', 'catalog/banners_aurus/left1.jpg', '1');
INSERT INTO `PREFIX_DB_banner_image` (`banner_image_id`, `banner_id`, `language_id`, `title`, `description`, `link`, `image`, `sort_order`) VALUES ('700', '19', '1', 'iphone', '', 'laptop-notebook/ipod-classic', 'catalog/banners_aurus/top-1920x30.jpg', '0');
INSERT INTO `PREFIX_DB_banner_image` (`banner_image_id`, `banner_id`, `language_id`, `title`, `description`, `link`, `image`, `sort_order`) VALUES ('711', '10', '2', 'мебель', '&lt;a class=&quot;btn btn-bannerright1&quot; href=&quot;desktops/&quot; role=&quot;button&quot;&gt;Смотреть&lt;/a&gt;', 'desktops/', 'catalog/banners_aurus/right2.jpg', '0');
INSERT INTO `PREFIX_DB_banner_image` (`banner_image_id`, `banner_id`, `language_id`, `title`, `description`, `link`, `image`, `sort_order`) VALUES ('706', '9', '1', 'техника', '&lt;span class = &quot;bannerright-text&quot;&gt;новая линейка &lt;/span&gt;', 'laptop-notebook/ipod-classic', 'catalog/banners_aurus/right1.jpg', '0');
INSERT INTO `PREFIX_DB_banner_image` (`banner_image_id`, `banner_id`, `language_id`, `title`, `description`, `link`, `image`, `sort_order`) VALUES ('717', '13', '2', 'apple', '&lt;a class=&quot;btn btn-bannercenter&quot; href=&quot;desktops/&quot; role=&quot;button&quot;&gt;Смотреть&lt;/a&gt;', 'desktops/', 'catalog/banners_aurus/md3.jpg', '0');
INSERT INTO `PREFIX_DB_banner_image` (`banner_image_id`, `banner_id`, `language_id`, `title`, `description`, `link`, `image`, `sort_order`) VALUES ('718', '14', '1', 'apple', '&lt;a class=&quot;btn btn-bannercenter2&quot; href=&quot;laptop-notebook/ipod-classic&quot; role=&quot;button&quot;&gt;Смотреть&lt;/a&gt;', 'laptop-notebook/ipod-classic', 'catalog/banners_aurus/md2.jpg', '0');
INSERT INTO `PREFIX_DB_banner_image` (`banner_image_id`, `banner_id`, `language_id`, `title`, `description`, `link`, `image`, `sort_order`) VALUES ('708', '22', '1', 'lg', '&lt;span class = &quot;bannerright-text&quot;&gt;новая линейка &lt;/span&gt;', 'laptop-notebook/ipod-classic', 'catalog/banners_aurus/right_col_left1.jpg', '0');
INSERT INTO `PREFIX_DB_banner_image` (`banner_image_id`, `banner_id`, `language_id`, `title`, `description`, `link`, `image`, `sort_order`) VALUES ('702', '17', '1', 'sale', '', 'laptop-notebook/ipod-classic', 'catalog/banners_aurus/banner_1-362x175.png', '0');
INSERT INTO `PREFIX_DB_banner_image` (`banner_image_id`, `banner_id`, `language_id`, `title`, `description`, `link`, `image`, `sort_order`) VALUES ('712', '23', '1', 'sale', '&lt;a class=&quot;btn btn-bannerright1&quot; href=&quot;laptop-notebook/ipod-classic&quot; role=&quot;button&quot;&gt;Смотреть&lt;/a&gt;', 'laptop-notebook/ipod-classic', 'catalog/banners_aurus/right_col_left2.jpg', '0');
INSERT INTO `PREFIX_DB_banner_image` (`banner_image_id`, `banner_id`, `language_id`, `title`, `description`, `link`, `image`, `sort_order`) VALUES ('704', '15', '1', 'sale', '&lt;a class=&quot;btn btn-bannerbottom&quot; href=&quot;desktops/&quot; role=&quot;button&quot;&gt;Смотреть&lt;/a&gt;', 'laptop-notebook/ipod-classic', 'catalog/banners_aurus/bot.jpg', '0');
INSERT INTO `PREFIX_DB_banner_image` (`banner_image_id`, `banner_id`, `language_id`, `title`, `description`, `link`, `image`, `sort_order`) VALUES ('741', '20', '2', 'apple', '&lt;div class=&quot;text-slider1&quot;&gt;Новая линейка&lt;/div&gt;&lt;div class=&quot;text-slider2&quot;&gt;Золотых изделий&lt;/div&gt;&lt;div class=&quot;text-slider3&quot;&gt;популярных брендов по доступным ценам&lt;/div&gt;&lt;div class=&quot;text-slider4 ef-slider4&quot;&gt;&lt;a class=&quot;btn-slider&quot; href=&quot;laptop-notebook/ipod-classic&quot; role=&quot;button&quot;&gt;Подробнее&lt;/a&gt;&lt;/div&gt;', 'desktops/', 'catalog/banners_aurus/left_col_left1.jpg', '0');
INSERT INTO `PREFIX_DB_banner_image` (`banner_image_id`, `banner_id`, `language_id`, `title`, `description`, `link`, `image`, `sort_order`) VALUES ('740', '20', '2', 'apple', '&lt;div class=&quot;text-slider1 ef-slider1&quot;&gt;Новая линейка&lt;/div&gt;&lt;div class=&quot;text-slider2 ef-slider2&quot;&gt;Водонепроницаемых часов&lt;/div&gt;&lt;div class=&quot;text-slider3 ef-slider3&quot;&gt;От Apple&lt;/div&gt;&lt;div class=&quot;text-slider4 ef-slider4&quot;&gt;&lt;a class=&quot;btn-slider&quot; href=&quot;laptop-notebook/ipod-classic&quot; role=&quot;button&quot;&gt;Подробнее&lt;/a&gt;&lt;/div&gt;', 'desktops/', 'catalog/banners_aurus/left2_col_left.jpg', '0');
INSERT INTO `PREFIX_DB_banner_image` (`banner_image_id`, `banner_id`, `language_id`, `title`, `description`, `link`, `image`, `sort_order`) VALUES ('739', '20', '1', 'apple', '&lt;div class=&quot;text-slider1&quot;&gt;Новая линейка&lt;/div&gt;&lt;div class=&quot;text-slider2&quot;&gt;Золотых изделий&lt;/div&gt;&lt;div class=&quot;text-slider3&quot;&gt;популярных брендов по доступным ценам&lt;/div&gt;&lt;div class=&quot;text-slider4 ef-slider4&quot;&gt;&lt;a class=&quot;btn-slider&quot; href=&quot;laptop-notebook/ipod-classic&quot; role=&quot;button&quot;&gt;Подробнее&lt;/a&gt;&lt;/div&gt;', 'laptop-notebook/ipod-classic', 'catalog/banners_aurus/left_col_left1.jpg', '1');
INSERT INTO `PREFIX_DB_banner_image` (`banner_image_id`, `banner_id`, `language_id`, `title`, `description`, `link`, `image`, `sort_order`) VALUES ('738', '20', '1', 'apple', '&lt;div class=&quot;text-slider1 ef-slider1&quot;&gt;Новая линейка&lt;/div&gt;&lt;div class=&quot;text-slider2 ef-slider2&quot;&gt;Водонепроницаемых часов&lt;/div&gt;&lt;div class=&quot;text-slider3 ef-slider3&quot;&gt;От Apple&lt;/div&gt;&lt;div class=&quot;text-slider4 ef-slider4&quot;&gt;&lt;a class=&quot;btn-slider&quot; href=&quot;laptop-notebook/ipod-classic&quot; role=&quot;button&quot;&gt;Подробнее&lt;/a&gt;&lt;/div&gt;', 'laptop-notebook/ipod-classic', 'catalog/banners_aurus/left2_col_left.jpg', '0');
INSERT INTO `PREFIX_DB_banner_image` (`banner_image_id`, `banner_id`, `language_id`, `title`, `description`, `link`, `image`, `sort_order`) VALUES ('724', '8', '1', 'bakery', '', 'laptop-notebook/ipod-classic', 'catalog/tovar/man/man1.jpg', '0');
INSERT INTO `PREFIX_DB_banner_image` (`banner_image_id`, `banner_id`, `language_id`, `title`, `description`, `link`, `image`, `sort_order`) VALUES ('725', '8', '1', 'xpel', '', 'laptop-notebook/ipod-classic', 'catalog/tovar/man/man7.jpg', '0');
INSERT INTO `PREFIX_DB_banner_image` (`banner_image_id`, `banner_id`, `language_id`, `title`, `description`, `link`, `image`, `sort_order`) VALUES ('726', '8', '1', 'stone', '', 'laptop-notebook/ipod-classic', 'catalog/tovar/man/man9.jpg', '0');
INSERT INTO `PREFIX_DB_banner_image` (`banner_image_id`, `banner_id`, `language_id`, `title`, `description`, `link`, `image`, `sort_order`) VALUES ('727', '8', '1', 'atf', '', 'laptop-notebook/ipod-classic', 'catalog/tovar/man/man11.jpg', '0');
INSERT INTO `PREFIX_DB_banner_image` (`banner_image_id`, `banner_id`, `language_id`, `title`, `description`, `link`, `image`, `sort_order`) VALUES ('775', '24', '2', 'apple', '&lt;div class=&quot;text-slider1&quot;&gt;Новая линейка&lt;/div&gt;&lt;div class=&quot;text-slider2 ef-slider2&quot;&gt;Водонепроницаемых часов&lt;/div&gt;&lt;div class=&quot;text-slider3 ef-slider3&quot;&gt;От Apple&lt;/div&gt;&lt;div class=&quot;text-slider4 ef-slider4&quot;&gt;&lt;a class=&quot;btn-slider&quot; href=&quot;laptop-notebook/ipod-classic&quot; role=&quot;button&quot;&gt;Подробнее&lt;/a&gt;&lt;/div&gt;', 'laptop-notebook/ipod-classic', 'catalog/banners_aurus/22222.jpg', '1');
INSERT INTO `PREFIX_DB_banner_image` (`banner_image_id`, `banner_id`, `language_id`, `title`, `description`, `link`, `image`, `sort_order`) VALUES ('774', '24', '2', 'apple', '&lt;div class=&quot;text-slider1 ef-slider1&quot;&gt;Новая линейка&lt;/div&gt;&lt;div class=&quot;text-slider2 ef-slider2&quot;&gt;Водонепроницаемых часов&lt;/div&gt;&lt;div class=&quot;text-slider3 ef-slider3&quot;&gt;От Apple&lt;/div&gt;&lt;div class=&quot;text-slider4 ef-slider4&quot;&gt;&lt;a class=&quot;btn-slider&quot; href=&quot;laptop-notebook/ipod-classic&quot; role=&quot;button&quot;&gt;Подробнее&lt;/a&gt;&lt;/div&gt;', 'laptop-notebook/ipod-classic', 'catalog/banners_aurus/1111.jpg', '0');
INSERT INTO `PREFIX_DB_banner_image` (`banner_image_id`, `banner_id`, `language_id`, `title`, `description`, `link`, `image`, `sort_order`) VALUES ('772', '24', '1', 'apple', '&lt;div class=&quot;text-slider1 ef-slider1&quot;&gt;Новая линейка&lt;/div&gt;&lt;div class=&quot;text-slider2 ef-slider2&quot;&gt;Smart телевизоров&lt;/div&gt;&lt;div class=&quot;text-slider3 ef-slider3&quot;&gt;По лучшей цене&lt;/div&gt;&lt;div class=&quot;text-slider4 ef-slider4&quot;&gt;&lt;a class=&quot;btn-slider&quot; href=&quot;laptop-notebook/ipod-classic&quot; role=&quot;button&quot;&gt;Подробнее&lt;/a&gt;&lt;/div&gt;', 'laptop-notebook/ipod-classic', 'catalog/banners_aurus/22222.jpg', '0');
INSERT INTO `PREFIX_DB_banner_image` (`banner_image_id`, `banner_id`, `language_id`, `title`, `description`, `link`, `image`, `sort_order`) VALUES ('773', '24', '1', 'apple', '&lt;div class=&quot;text-slider1&quot;&gt;Новая линейка&lt;/div&gt;&lt;div class=&quot;text-slider2 ef-slider2&quot;&gt;Водонепроницаемых часов&lt;/div&gt;&lt;div class=&quot;text-slider3 ef-slider3&quot;&gt;От Apple&lt;/div&gt;&lt;div class=&quot;text-slider4 ef-slider4&quot;&gt;&lt;a class=&quot;btn-slider&quot; href=&quot;laptop-notebook/ipod-classic&quot; role=&quot;button&quot;&gt;Подробнее&lt;/a&gt;&lt;/div&gt;', 'laptop-notebook/ipod-classic', 'catalog/banners_aurus/1111.jpg', '1');




TRUNCATE TABLE `PREFIX_DB_category`;

INSERT INTO `PREFIX_DB_category` (`category_id`, `image`, `image_menu`, `image_menu_width`, `image_menu_height`, `parent_id`, `top`, `column`, `sort_order`, `status`, `stickers`, `date_added`, `date_modified`) VALUES ('25', 'catalog/tovar/img_cat/armor_titan_pro_royal_01.jpg', 'catalog/tovar/img_cat/bag_m2.jpg', '1903', '165', '0', '1', '4', '3', '1', '2', '2009-01-31 01:04:25', '2020-01-31 15:37:40');
INSERT INTO `PREFIX_DB_category` (`category_id`, `image`, `image_menu`, `image_menu_width`, `image_menu_height`, `parent_id`, `top`, `column`, `sort_order`, `status`, `stickers`, `date_added`, `date_modified`) VALUES ('20', 'catalog/tovar/img_cat/124545.jpg', 'catalog/tovar/img_cat/bag_m1111.jpg', '406', '251', '0', '1', '6', '1', '1', '1', '2009-01-05 21:49:43', '2020-01-31 19:37:48');
INSERT INTO `PREFIX_DB_category` (`category_id`, `image`, `image_menu`, `image_menu_width`, `image_menu_height`, `parent_id`, `top`, `column`, `sort_order`, `status`, `stickers`, `date_added`, `date_modified`) VALUES ('24', 'catalog/tovar/img_cat/000007689086.jpg', '', '0', '0', '0', '0', '1', '5', '1', '0', '2009-01-20 02:36:26', '2020-01-31 10:03:42');
INSERT INTO `PREFIX_DB_category` (`category_id`, `image`, `image_menu`, `image_menu_width`, `image_menu_height`, `parent_id`, `top`, `column`, `sort_order`, `status`, `stickers`, `date_added`, `date_modified`) VALUES ('18', 'catalog/tovar/img_cat/2180438385.jpg', '', '0', '0', '0', '0', '0', '2', '1', '0', '2009-01-05 21:49:15', '2020-01-31 09:43:42');
INSERT INTO `PREFIX_DB_category` (`category_id`, `image`, `image_menu`, `image_menu_width`, `image_menu_height`, `parent_id`, `top`, `column`, `sort_order`, `status`, `stickers`, `date_added`, `date_modified`) VALUES ('59', '', '', '0', '0', '25', '0', '1', '0', '1', '3', '2016-03-15 19:02:55', '2016-07-18 19:30:37');
INSERT INTO `PREFIX_DB_category` (`category_id`, `image`, `image_menu`, `image_menu_width`, `image_menu_height`, `parent_id`, `top`, `column`, `sort_order`, `status`, `stickers`, `date_added`, `date_modified`) VALUES ('76', '', '', '0', '0', '63', '0', '1', '0', '1', '0', '2016-03-23 12:39:42', '2016-03-23 12:39:42');
INSERT INTO `PREFIX_DB_category` (`category_id`, `image`, `image_menu`, `image_menu_width`, `image_menu_height`, `parent_id`, `top`, `column`, `sort_order`, `status`, `stickers`, `date_added`, `date_modified`) VALUES ('88', '', '', '0', '0', '68', '0', '1', '0', '1', '0', '2016-04-15 19:16:21', '2016-04-15 19:16:21');
INSERT INTO `PREFIX_DB_category` (`category_id`, `image`, `image_menu`, `image_menu_width`, `image_menu_height`, `parent_id`, `top`, `column`, `sort_order`, `status`, `stickers`, `date_added`, `date_modified`) VALUES ('32', '', '', '0', '0', '25', '0', '0', '1', '1', '0', '2009-02-03 14:17:34', '2016-04-15 19:07:38');
INSERT INTO `PREFIX_DB_category` (`category_id`, `image`, `image_menu`, `image_menu_width`, `image_menu_height`, `parent_id`, `top`, `column`, `sort_order`, `status`, `stickers`, `date_added`, `date_modified`) VALUES ('33', 'catalog/tovar/img_cat/samsung-gear-s3-frontier_l_30-1.jpg', '', '0', '0', '0', '1', '1', '6', '1', '2', '2009-02-03 14:17:55', '2020-01-31 09:52:18');
INSERT INTO `PREFIX_DB_category` (`category_id`, `image`, `image_menu`, `image_menu_width`, `image_menu_height`, `parent_id`, `top`, `column`, `sort_order`, `status`, `stickers`, `date_added`, `date_modified`) VALUES ('34', 'catalog/tovar/img_cat/68065115_images_13953890980.jpg', '', '0', '0', '0', '0', '1', '7', '1', '3', '2009-02-03 14:18:11', '2020-01-31 15:54:44');
INSERT INTO `PREFIX_DB_category` (`category_id`, `image`, `image_menu`, `image_menu_width`, `image_menu_height`, `parent_id`, `top`, `column`, `sort_order`, `status`, `stickers`, `date_added`, `date_modified`) VALUES ('77', '', '', '0', '0', '62', '0', '1', '0', '1', '0', '2016-03-23 12:40:12', '2016-03-23 12:40:12');
INSERT INTO `PREFIX_DB_category` (`category_id`, `image`, `image_menu`, `image_menu_width`, `image_menu_height`, `parent_id`, `top`, `column`, `sort_order`, `status`, `stickers`, `date_added`, `date_modified`) VALUES ('70', '', '', '0', '0', '60', '0', '1', '0', '1', '0', '2016-03-23 12:36:05', '2016-07-18 19:32:11');
INSERT INTO `PREFIX_DB_category` (`category_id`, `image`, `image_menu`, `image_menu_width`, `image_menu_height`, `parent_id`, `top`, `column`, `sort_order`, `status`, `stickers`, `date_added`, `date_modified`) VALUES ('90', '', '', '0', '0', '59', '0', '1', '0', '1', '0', '2016-04-15 19:17:36', '2016-04-15 19:17:36');
INSERT INTO `PREFIX_DB_category` (`category_id`, `image`, `image_menu`, `image_menu_width`, `image_menu_height`, `parent_id`, `top`, `column`, `sort_order`, `status`, `stickers`, `date_added`, `date_modified`) VALUES ('68', '', '', '0', '0', '25', '0', '1', '0', '1', '0', '2016-03-20 12:11:27', '2020-01-28 13:18:43');
INSERT INTO `PREFIX_DB_category` (`category_id`, `image`, `image_menu`, `image_menu_width`, `image_menu_height`, `parent_id`, `top`, `column`, `sort_order`, `status`, `stickers`, `date_added`, `date_modified`) VALUES ('67', '', '', '0', '0', '25', '0', '1', '0', '1', '2', '2016-03-20 12:02:57', '2016-07-07 17:28:33');
INSERT INTO `PREFIX_DB_category` (`category_id`, `image`, `image_menu`, `image_menu_width`, `image_menu_height`, `parent_id`, `top`, `column`, `sort_order`, `status`, `stickers`, `date_added`, `date_modified`) VALUES ('89', '', '', '0', '0', '68', '1', '1', '0', '1', '0', '2016-04-15 19:16:55', '2016-04-15 19:16:55');
INSERT INTO `PREFIX_DB_category` (`category_id`, `image`, `image_menu`, `image_menu_width`, `image_menu_height`, `parent_id`, `top`, `column`, `sort_order`, `status`, `stickers`, `date_added`, `date_modified`) VALUES ('45', '', '', '0', '0', '18', '0', '0', '0', '1', '0', '2010-09-24 18:29:16', '2011-04-26 08:52:11');
INSERT INTO `PREFIX_DB_category` (`category_id`, `image`, `image_menu`, `image_menu_width`, `image_menu_height`, `parent_id`, `top`, `column`, `sort_order`, `status`, `stickers`, `date_added`, `date_modified`) VALUES ('46', '', '', '0', '0', '18', '0', '0', '0', '1', '0', '2010-09-24 18:29:31', '2011-04-26 08:52:23');
INSERT INTO `PREFIX_DB_category` (`category_id`, `image`, `image_menu`, `image_menu_width`, `image_menu_height`, `parent_id`, `top`, `column`, `sort_order`, `status`, `stickers`, `date_added`, `date_modified`) VALUES ('75', '', '', '0', '0', '63', '0', '1', '0', '1', '0', '2016-03-23 12:39:09', '2016-07-18 19:31:29');
INSERT INTO `PREFIX_DB_category` (`category_id`, `image`, `image_menu`, `image_menu_width`, `image_menu_height`, `parent_id`, `top`, `column`, `sort_order`, `status`, `stickers`, `date_added`, `date_modified`) VALUES ('74', '', '', '0', '0', '63', '0', '1', '0', '1', '0', '2016-03-23 12:38:13', '2016-03-23 12:38:13');
INSERT INTO `PREFIX_DB_category` (`category_id`, `image`, `image_menu`, `image_menu_width`, `image_menu_height`, `parent_id`, `top`, `column`, `sort_order`, `status`, `stickers`, `date_added`, `date_modified`) VALUES ('73', '', '', '0', '0', '63', '0', '1', '0', '1', '0', '2016-03-23 12:37:58', '2016-03-23 12:37:58');
INSERT INTO `PREFIX_DB_category` (`category_id`, `image`, `image_menu`, `image_menu_width`, `image_menu_height`, `parent_id`, `top`, `column`, `sort_order`, `status`, `stickers`, `date_added`, `date_modified`) VALUES ('72', '', '', '0', '0', '60', '0', '1', '0', '1', '1', '2016-03-23 12:36:53', '2019-11-18 11:50:34');
INSERT INTO `PREFIX_DB_category` (`category_id`, `image`, `image_menu`, `image_menu_width`, `image_menu_height`, `parent_id`, `top`, `column`, `sort_order`, `status`, `stickers`, `date_added`, `date_modified`) VALUES ('71', '', '', '0', '0', '60', '0', '1', '0', '1', '0', '2016-03-23 12:36:19', '2016-07-18 19:32:03');
INSERT INTO `PREFIX_DB_category` (`category_id`, `image`, `image_menu`, `image_menu_width`, `image_menu_height`, `parent_id`, `top`, `column`, `sort_order`, `status`, `stickers`, `date_added`, `date_modified`) VALUES ('60', 'catalog/tovar/img_cat/menu_top3-165x100.jpg', '', '0', '0', '20', '0', '1', '10', '1', '1', '2016-03-15 19:03:53', '2020-01-28 13:22:19');
INSERT INTO `PREFIX_DB_category` (`category_id`, `image`, `image_menu`, `image_menu_width`, `image_menu_height`, `parent_id`, `top`, `column`, `sort_order`, `status`, `stickers`, `date_added`, `date_modified`) VALUES ('61', '', '', '0', '0', '25', '0', '1', '0', '1', '0', '2016-03-15 19:04:12', '2016-04-15 19:07:27');
INSERT INTO `PREFIX_DB_category` (`category_id`, `image`, `image_menu`, `image_menu_width`, `image_menu_height`, `parent_id`, `top`, `column`, `sort_order`, `status`, `stickers`, `date_added`, `date_modified`) VALUES ('62', 'catalog/tovar/img_cat/menu_top2-165x100.jpg', '', '0', '0', '20', '0', '1', '40', '1', '0', '2016-03-15 19:06:44', '2020-01-28 13:22:52');
INSERT INTO `PREFIX_DB_category` (`category_id`, `image`, `image_menu`, `image_menu_width`, `image_menu_height`, `parent_id`, `top`, `column`, `sort_order`, `status`, `stickers`, `date_added`, `date_modified`) VALUES ('63', 'catalog/tovar/img_cat/menu_top1-165x100.jpg', '', '0', '0', '20', '0', '1', '50', '1', '1', '2016-03-15 19:07:08', '2020-01-28 13:23:02');
INSERT INTO `PREFIX_DB_category` (`category_id`, `image`, `image_menu`, `image_menu_width`, `image_menu_height`, `parent_id`, `top`, `column`, `sort_order`, `status`, `stickers`, `date_added`, `date_modified`) VALUES ('64', '', '', '0', '0', '18', '0', '1', '0', '1', '0', '2016-03-15 19:09:44', '2016-03-15 19:09:44');
INSERT INTO `PREFIX_DB_category` (`category_id`, `image`, `image_menu`, `image_menu_width`, `image_menu_height`, `parent_id`, `top`, `column`, `sort_order`, `status`, `stickers`, `date_added`, `date_modified`) VALUES ('65', '', '', '0', '0', '18', '0', '1', '0', '1', '0', '2016-03-15 19:10:23', '2016-03-15 19:10:23');
INSERT INTO `PREFIX_DB_category` (`category_id`, `image`, `image_menu`, `image_menu_width`, `image_menu_height`, `parent_id`, `top`, `column`, `sort_order`, `status`, `stickers`, `date_added`, `date_modified`) VALUES ('66', '', '', '0', '0', '18', '0', '1', '0', '1', '0', '2016-03-15 19:11:01', '2016-03-15 19:11:01');
INSERT INTO `PREFIX_DB_category` (`category_id`, `image`, `image_menu`, `image_menu_width`, `image_menu_height`, `parent_id`, `top`, `column`, `sort_order`, `status`, `stickers`, `date_added`, `date_modified`) VALUES ('69', '', '', '0', '0', '60', '0', '1', '0', '1', '0', '2016-03-23 12:35:19', '2016-03-23 12:35:19');
INSERT INTO `PREFIX_DB_category` (`category_id`, `image`, `image_menu`, `image_menu_width`, `image_menu_height`, `parent_id`, `top`, `column`, `sort_order`, `status`, `stickers`, `date_added`, `date_modified`) VALUES ('78', '', '', '0', '0', '62', '0', '1', '0', '1', '0', '2016-03-23 12:41:21', '2016-03-23 12:41:21');
INSERT INTO `PREFIX_DB_category` (`category_id`, `image`, `image_menu`, `image_menu_width`, `image_menu_height`, `parent_id`, `top`, `column`, `sort_order`, `status`, `stickers`, `date_added`, `date_modified`) VALUES ('79', '', '', '0', '0', '62', '0', '1', '0', '1', '0', '2016-03-23 12:41:46', '2016-03-23 12:41:46');
INSERT INTO `PREFIX_DB_category` (`category_id`, `image`, `image_menu`, `image_menu_width`, `image_menu_height`, `parent_id`, `top`, `column`, `sort_order`, `status`, `stickers`, `date_added`, `date_modified`) VALUES ('91', '', '', '0', '0', '59', '0', '1', '0', '1', '0', '2016-04-15 19:17:51', '2016-04-15 19:17:51');
INSERT INTO `PREFIX_DB_category` (`category_id`, `image`, `image_menu`, `image_menu_width`, `image_menu_height`, `parent_id`, `top`, `column`, `sort_order`, `status`, `stickers`, `date_added`, `date_modified`) VALUES ('92', '', '', '0', '0', '59', '0', '1', '0', '1', '0', '2016-04-15 19:18:14', '2016-04-15 19:18:14');
INSERT INTO `PREFIX_DB_category` (`category_id`, `image`, `image_menu`, `image_menu_width`, `image_menu_height`, `parent_id`, `top`, `column`, `sort_order`, `status`, `stickers`, `date_added`, `date_modified`) VALUES ('93', '', '', '0', '0', '61', '0', '1', '0', '1', '0', '2016-04-15 19:18:54', '2016-04-15 19:18:54');
INSERT INTO `PREFIX_DB_category` (`category_id`, `image`, `image_menu`, `image_menu_width`, `image_menu_height`, `parent_id`, `top`, `column`, `sort_order`, `status`, `stickers`, `date_added`, `date_modified`) VALUES ('94', '', '', '0', '0', '61', '0', '1', '0', '1', '0', '2016-04-15 19:19:26', '2016-04-15 19:19:26');
INSERT INTO `PREFIX_DB_category` (`category_id`, `image`, `image_menu`, `image_menu_width`, `image_menu_height`, `parent_id`, `top`, `column`, `sort_order`, `status`, `stickers`, `date_added`, `date_modified`) VALUES ('95', '', '', '0', '0', '61', '0', '1', '0', '1', '0', '2016-04-15 19:19:58', '2016-04-15 19:19:58');
INSERT INTO `PREFIX_DB_category` (`category_id`, `image`, `image_menu`, `image_menu_width`, `image_menu_height`, `parent_id`, `top`, `column`, `sort_order`, `status`, `stickers`, `date_added`, `date_modified`) VALUES ('96', '', '', '0', '0', '34', '0', '1', '0', '1', '0', '2016-07-07 17:31:03', '2016-07-07 17:31:03');
INSERT INTO `PREFIX_DB_category` (`category_id`, `image`, `image_menu`, `image_menu_width`, `image_menu_height`, `parent_id`, `top`, `column`, `sort_order`, `status`, `stickers`, `date_added`, `date_modified`) VALUES ('97', '', '', '0', '0', '34', '0', '1', '0', '1', '0', '2016-07-07 17:38:57', '2016-07-14 09:59:00');
INSERT INTO `PREFIX_DB_category` (`category_id`, `image`, `image_menu`, `image_menu_width`, `image_menu_height`, `parent_id`, `top`, `column`, `sort_order`, `status`, `stickers`, `date_added`, `date_modified`) VALUES ('98', '', '', '0', '0', '34', '0', '1', '0', '1', '0', '2016-07-07 17:39:38', '2016-07-07 17:39:38');
INSERT INTO `PREFIX_DB_category` (`category_id`, `image`, `image_menu`, `image_menu_width`, `image_menu_height`, `parent_id`, `top`, `column`, `sort_order`, `status`, `stickers`, `date_added`, `date_modified`) VALUES ('100', '', '', '0', '0', '24', '0', '1', '0', '1', '0', '2016-12-18 12:02:27', '2016-12-18 12:02:27');
INSERT INTO `PREFIX_DB_category` (`category_id`, `image`, `image_menu`, `image_menu_width`, `image_menu_height`, `parent_id`, `top`, `column`, `sort_order`, `status`, `stickers`, `date_added`, `date_modified`) VALUES ('101', '', '', '0', '0', '24', '0', '1', '0', '1', '0', '2016-12-18 12:03:09', '2016-12-18 12:03:09');
INSERT INTO `PREFIX_DB_category` (`category_id`, `image`, `image_menu`, `image_menu_width`, `image_menu_height`, `parent_id`, `top`, `column`, `sort_order`, `status`, `stickers`, `date_added`, `date_modified`) VALUES ('102', '', '', '0', '0', '24', '0', '1', '0', '1', '0', '2016-12-18 12:03:30', '2016-12-18 12:03:30');
INSERT INTO `PREFIX_DB_category` (`category_id`, `image`, `image_menu`, `image_menu_width`, `image_menu_height`, `parent_id`, `top`, `column`, `sort_order`, `status`, `stickers`, `date_added`, `date_modified`) VALUES ('103', '', '', '0', '0', '24', '0', '1', '0', '1', '0', '2016-12-18 12:04:02', '2017-01-08 11:02:53');
INSERT INTO `PREFIX_DB_category` (`category_id`, `image`, `image_menu`, `image_menu_width`, `image_menu_height`, `parent_id`, `top`, `column`, `sort_order`, `status`, `stickers`, `date_added`, `date_modified`) VALUES ('104', '', '', '0', '0', '33', '0', '1', '0', '1', '0', '2016-12-18 12:11:58', '2016-12-18 12:11:58');
INSERT INTO `PREFIX_DB_category` (`category_id`, `image`, `image_menu`, `image_menu_width`, `image_menu_height`, `parent_id`, `top`, `column`, `sort_order`, `status`, `stickers`, `date_added`, `date_modified`) VALUES ('105', '', '', '0', '0', '33', '0', '1', '0', '1', '0', '2016-12-18 12:12:45', '2019-12-06 16:22:29');
INSERT INTO `PREFIX_DB_category` (`category_id`, `image`, `image_menu`, `image_menu_width`, `image_menu_height`, `parent_id`, `top`, `column`, `sort_order`, `status`, `stickers`, `date_added`, `date_modified`) VALUES ('106', '', '', '0', '0', '33', '0', '1', '0', '1', '0', '2016-12-18 12:13:59', '2016-12-18 12:14:29');
INSERT INTO `PREFIX_DB_category` (`category_id`, `image`, `image_menu`, `image_menu_width`, `image_menu_height`, `parent_id`, `top`, `column`, `sort_order`, `status`, `stickers`, `date_added`, `date_modified`) VALUES ('107', '', '', '0', '0', '33', '0', '1', '0', '1', '0', '2016-12-18 12:14:59', '2016-12-18 12:14:59');
INSERT INTO `PREFIX_DB_category` (`category_id`, `image`, `image_menu`, `image_menu_width`, `image_menu_height`, `parent_id`, `top`, `column`, `sort_order`, `status`, `stickers`, `date_added`, `date_modified`) VALUES ('108', 'catalog/tovar/img_cat/menu_top5-165x100.jpg', '', '0', '0', '20', '1', '1', '30', '1', '0', '2017-01-13 14:17:03', '2020-01-28 13:22:39');
INSERT INTO `PREFIX_DB_category` (`category_id`, `image`, `image_menu`, `image_menu_width`, `image_menu_height`, `parent_id`, `top`, `column`, `sort_order`, `status`, `stickers`, `date_added`, `date_modified`) VALUES ('109', '', '', '0', '0', '108', '1', '1', '0', '1', '0', '2017-01-13 14:19:12', '2017-01-13 14:19:12');
INSERT INTO `PREFIX_DB_category` (`category_id`, `image`, `image_menu`, `image_menu_width`, `image_menu_height`, `parent_id`, `top`, `column`, `sort_order`, `status`, `stickers`, `date_added`, `date_modified`) VALUES ('110', '', '', '0', '0', '108', '0', '1', '0', '1', '0', '2017-01-13 14:19:45', '2017-01-13 14:19:45');
INSERT INTO `PREFIX_DB_category` (`category_id`, `image`, `image_menu`, `image_menu_width`, `image_menu_height`, `parent_id`, `top`, `column`, `sort_order`, `status`, `stickers`, `date_added`, `date_modified`) VALUES ('111', '', '', '0', '0', '108', '0', '1', '0', '1', '0', '2017-01-13 14:20:08', '2017-01-13 14:20:08');
INSERT INTO `PREFIX_DB_category` (`category_id`, `image`, `image_menu`, `image_menu_width`, `image_menu_height`, `parent_id`, `top`, `column`, `sort_order`, `status`, `stickers`, `date_added`, `date_modified`) VALUES ('112', '', '', '0', '0', '108', '0', '1', '0', '1', '0', '2017-01-13 14:20:28', '2017-01-13 14:20:46');
INSERT INTO `PREFIX_DB_category` (`category_id`, `image`, `image_menu`, `image_menu_width`, `image_menu_height`, `parent_id`, `top`, `column`, `sort_order`, `status`, `stickers`, `date_added`, `date_modified`) VALUES ('113', 'catalog/tovar/img_cat/menu_top4-165x100.jpg', '', '0', '0', '20', '1', '12', '20', '1', '3', '2017-01-13 14:21:41', '2020-01-28 13:22:29');
INSERT INTO `PREFIX_DB_category` (`category_id`, `image`, `image_menu`, `image_menu_width`, `image_menu_height`, `parent_id`, `top`, `column`, `sort_order`, `status`, `stickers`, `date_added`, `date_modified`) VALUES ('114', '', '', '0', '0', '113', '0', '1', '0', '1', '0', '2017-01-13 14:22:30', '2017-01-13 14:22:30');
INSERT INTO `PREFIX_DB_category` (`category_id`, `image`, `image_menu`, `image_menu_width`, `image_menu_height`, `parent_id`, `top`, `column`, `sort_order`, `status`, `stickers`, `date_added`, `date_modified`) VALUES ('115', '', '', '0', '0', '113', '0', '1', '0', '1', '0', '2017-01-13 14:23:16', '2017-01-13 14:23:16');
INSERT INTO `PREFIX_DB_category` (`category_id`, `image`, `image_menu`, `image_menu_width`, `image_menu_height`, `parent_id`, `top`, `column`, `sort_order`, `status`, `stickers`, `date_added`, `date_modified`) VALUES ('116', '', '', '0', '0', '113', '0', '1', '0', '1', '0', '2017-01-13 14:23:56', '2017-01-13 14:23:56');
INSERT INTO `PREFIX_DB_category` (`category_id`, `image`, `image_menu`, `image_menu_width`, `image_menu_height`, `parent_id`, `top`, `column`, `sort_order`, `status`, `stickers`, `date_added`, `date_modified`) VALUES ('117', '', '', '0', '0', '116', '0', '1', '0', '1', '0', '2017-01-13 14:24:25', '2017-01-13 14:24:25');
INSERT INTO `PREFIX_DB_category` (`category_id`, `image`, `image_menu`, `image_menu_width`, `image_menu_height`, `parent_id`, `top`, `column`, `sort_order`, `status`, `stickers`, `date_added`, `date_modified`) VALUES ('118', 'catalog/tovar/img_cat/14547.jpg', '', '0', '0', '0', '0', '1', '0', '1', '0', '2017-01-14 17:55:37', '2020-01-31 09:33:25');
INSERT INTO `PREFIX_DB_category` (`category_id`, `image`, `image_menu`, `image_menu_width`, `image_menu_height`, `parent_id`, `top`, `column`, `sort_order`, `status`, `stickers`, `date_added`, `date_modified`) VALUES ('119', '', '', '0', '0', '118', '0', '1', '0', '1', '0', '2017-01-14 17:56:14', '2017-01-14 17:56:14');
INSERT INTO `PREFIX_DB_category` (`category_id`, `image`, `image_menu`, `image_menu_width`, `image_menu_height`, `parent_id`, `top`, `column`, `sort_order`, `status`, `stickers`, `date_added`, `date_modified`) VALUES ('120', '', '', '0', '0', '118', '0', '1', '0', '1', '0', '2017-01-14 17:56:47', '2017-01-14 17:56:47');
INSERT INTO `PREFIX_DB_category` (`category_id`, `image`, `image_menu`, `image_menu_width`, `image_menu_height`, `parent_id`, `top`, `column`, `sort_order`, `status`, `stickers`, `date_added`, `date_modified`) VALUES ('121', '', '', '0', '0', '118', '0', '1', '0', '1', '0', '2017-01-14 17:57:10', '2017-01-14 17:57:10');
INSERT INTO `PREFIX_DB_category` (`category_id`, `image`, `image_menu`, `image_menu_width`, `image_menu_height`, `parent_id`, `top`, `column`, `sort_order`, `status`, `stickers`, `date_added`, `date_modified`) VALUES ('122', '', '', '0', '0', '118', '0', '1', '0', '1', '0', '2017-01-14 17:57:35', '2017-01-14 17:57:43');
INSERT INTO `PREFIX_DB_category` (`category_id`, `image`, `image_menu`, `image_menu_width`, `image_menu_height`, `parent_id`, `top`, `column`, `sort_order`, `status`, `stickers`, `date_added`, `date_modified`) VALUES ('123', '', '', '0', '0', '118', '0', '1', '0', '1', '0', '2017-01-14 17:58:32', '2017-01-14 17:58:32');
INSERT INTO `PREFIX_DB_category` (`category_id`, `image`, `image_menu`, `image_menu_width`, `image_menu_height`, `parent_id`, `top`, `column`, `sort_order`, `status`, `stickers`, `date_added`, `date_modified`) VALUES ('129', 'catalog/tovar/img_cat/12454s.png', '', '0', '0', '0', '1', '1', '777', '1', '3', '2017-01-18 12:41:47', '2020-01-31 09:53:17');
INSERT INTO `PREFIX_DB_category` (`category_id`, `image`, `image_menu`, `image_menu_width`, `image_menu_height`, `parent_id`, `top`, `column`, `sort_order`, `status`, `stickers`, `date_added`, `date_modified`) VALUES ('130', '', '', '0', '0', '129', '0', '1', '0', '1', '0', '2019-03-12 12:20:18', '2019-03-12 12:20:18');


TRUNCATE TABLE `PREFIX_DB_category_description`;

INSERT INTO `PREFIX_DB_category_description` (`category_id`, `language_id`, `name`, `description`, `meta_title`, `meta_h1`, `meta_description`, `meta_keyword`) VALUES ('32', '1', 'Сумки', '&lt;p&gt;&lt;br&gt;&lt;/p&gt;', '', '', '', '');
INSERT INTO `PREFIX_DB_category_description` (`category_id`, `language_id`, `name`, `description`, `meta_title`, `meta_h1`, `meta_description`, `meta_keyword`) VALUES ('71', '1', 'Регланы', '&lt;p&gt;&lt;br&gt;&lt;/p&gt;', '', '', '', '');
INSERT INTO `PREFIX_DB_category_description` (`category_id`, `language_id`, `name`, `description`, `meta_title`, `meta_h1`, `meta_description`, `meta_keyword`) VALUES ('59', '2', 'Очки', '&lt;p&gt;&lt;br&gt;&lt;/p&gt;', '', '', '', '');
INSERT INTO `PREFIX_DB_category_description` (`category_id`, `language_id`, `name`, `description`, `meta_title`, `meta_h1`, `meta_description`, `meta_keyword`) VALUES ('67', '2', 'Часы', '&lt;p&gt;&lt;br&gt;&lt;/p&gt;', '', '', '', '');
INSERT INTO `PREFIX_DB_category_description` (`category_id`, `language_id`, `name`, `description`, `meta_title`, `meta_h1`, `meta_description`, `meta_keyword`) VALUES ('45', '1', 'Windows', '', '', '', '', '');
INSERT INTO `PREFIX_DB_category_description` (`category_id`, `language_id`, `name`, `description`, `meta_title`, `meta_h1`, `meta_description`, `meta_keyword`) VALUES ('46', '1', 'Macs', '', '', '', '', '');
INSERT INTO `PREFIX_DB_category_description` (`category_id`, `language_id`, `name`, `description`, `meta_title`, `meta_h1`, `meta_description`, `meta_keyword`) VALUES ('71', '2', 'Регланы', '&lt;p&gt;&lt;br&gt;&lt;/p&gt;', '', '', '', '');
INSERT INTO `PREFIX_DB_category_description` (`category_id`, `language_id`, `name`, `description`, `meta_title`, `meta_h1`, `meta_description`, `meta_keyword`) VALUES ('69', '1', 'Трикотаж', '&lt;p&gt;&lt;br&gt;&lt;/p&gt;', '', '', '', '');
INSERT INTO `PREFIX_DB_category_description` (`category_id`, `language_id`, `name`, `description`, `meta_title`, `meta_h1`, `meta_description`, `meta_keyword`) VALUES ('70', '2', 'Футболки', '&lt;p&gt;&lt;br&gt;&lt;/p&gt;', '', '', '', '');
INSERT INTO `PREFIX_DB_category_description` (`category_id`, `language_id`, `name`, `description`, `meta_title`, `meta_h1`, `meta_description`, `meta_keyword`) VALUES ('32', '2', 'Web Cameras', '&lt;p&gt;&lt;br&gt;&lt;/p&gt;', '', '', '', '');
INSERT INTO `PREFIX_DB_category_description` (`category_id`, `language_id`, `name`, `description`, `meta_title`, `meta_h1`, `meta_description`, `meta_keyword`) VALUES ('72', '2', 'Платья', '&lt;p&gt;&lt;br&gt;&lt;/p&gt;', '', '', '', '');
INSERT INTO `PREFIX_DB_category_description` (`category_id`, `language_id`, `name`, `description`, `meta_title`, `meta_h1`, `meta_description`, `meta_keyword`) VALUES ('67', '1', 'Часы', '&lt;p&gt;&lt;br&gt;&lt;/p&gt;', '', '', '', '');
INSERT INTO `PREFIX_DB_category_description` (`category_id`, `language_id`, `name`, `description`, `meta_title`, `meta_h1`, `meta_description`, `meta_keyword`) VALUES ('34', '1', 'Плееры', '&lt;p&gt;&lt;span style=&quot;font-size:14px&quot;&gt;Интернет-магазины обычно позволяют покупателям использовать функции «поиска», чтобы найти конкретные модели, бренды или предметы.&lt;br /&gt;Когда онлайн-магазин настроен на то, чтобы позволить компаниям покупать у других компаний, этот процесс называется онлайн-магазинами бизнес для бизнеса (B2B). Типичный интернет-магазин позволяет клиенту просматривать ассортимент продуктов и услуг фирмы, просматривать фотографии или изображения продуктов, а также информацию о технических характеристиках продукта и ценах.&lt;/span&gt;&lt;/p&gt;&lt;p&gt;&lt;span style=&quot;font-size:14px&quot;&gt;Интернет-магазин (англ. online shop или e-shop) — сайт, торгующий товарами посредством сети Интернет. Позволяет пользователям онлайн, в своём браузере или через мобильное приложение, сформировать заказ на покупку, выбрать способ оплаты и доставки заказа, оплатить заказ. При этом продажа товаров осуществляется дистанционным способом и она накладывает ограничения на продаваемые товары. Так, в некоторых странах имеется запрет на интернет-торговлю алкоголем, оружием, ювелирными изделиями и другими товарами (к примеру, в России запрещена дистанционная продажа алкоголя, ювелирных изделий и других товаров, свободная реализация которых запрещена или ограничена).&lt;/span&gt;&lt;/p&gt;&lt;p&gt;&lt;span style=&quot;font-size:14px&quot;&gt;Интернет-магазины обычно позволяют покупателям использовать функции «поиска», чтобы найти конкретные модели, бренды или предметы.&lt;br /&gt;Когда онлайн-магазин настроен на то, чтобы позволить компаниям покупать у других компаний, этот процесс называется онлайн-магазинами бизнес для бизнеса (B2B). Типичный интернет-магазин позволяет клиенту просматривать ассортимент продуктов и услуг фирмы, просматривать фотографии или изображения продуктов, а также информацию о технических характеристиках продукта и ценах.&lt;/span&gt;&lt;/p&gt;&lt;p&gt;&lt;span style=&quot;font-size:14px&quot;&gt;Интернет-магазин (англ. online shop или e-shop) — сайт, торгующий товарами посредством сети Интернет. Позволяет пользователям онлайн, в своём браузере или через мобильное приложение, сформировать заказ на покупку, выбрать способ оплаты и доставки заказа, оплатить заказ. При этом продажа товаров осуществляется дистанционным способом и она накладывает ограничения на продаваемые товары. Так, в некоторых странах имеется запрет на интернет-торговлю алкоголем, оружием, ювелирными изделиями и другими товарами (к примеру, в России запрещена дистанционная продажа алкоголя, ювелирных изделий и других товаров, свободная реализация которых запрещена или ограничена).&lt;/span&gt;&lt;/p&gt;', '', '', '', '');
INSERT INTO `PREFIX_DB_category_description` (`category_id`, `language_id`, `name`, `description`, `meta_title`, `meta_h1`, `meta_description`, `meta_keyword`) VALUES ('18', '2', 'Laptops &amp; Notebooks', '&lt;p&gt;Shop Laptop feature only the best laptop deals on the market. By comparing laptop deals from the likes of PC World, Comet, Dixons, The Link and Carphone Warehouse, Shop Laptop has the most comprehensive selection of laptops on the internet. At Shop Laptop, we pride ourselves on offering customers the very best laptop deals. From refurbished laptops to netbooks, Shop Laptop ensures that every laptop - in every colour, style, size and technical spec - is featured on the site at the lowest possible price.&lt;/p&gt;', '', '', '', '');
INSERT INTO `PREFIX_DB_category_description` (`category_id`, `language_id`, `name`, `description`, `meta_title`, `meta_h1`, `meta_description`, `meta_keyword`) VALUES ('45', '2', 'Windows', '', '', '', '', '');
INSERT INTO `PREFIX_DB_category_description` (`category_id`, `language_id`, `name`, `description`, `meta_title`, `meta_h1`, `meta_description`, `meta_keyword`) VALUES ('46', '2', 'Macs', '', '', '', '', '');
INSERT INTO `PREFIX_DB_category_description` (`category_id`, `language_id`, `name`, `description`, `meta_title`, `meta_h1`, `meta_description`, `meta_keyword`) VALUES ('70', '1', 'Футболки', '&lt;p&gt;&lt;br&gt;&lt;/p&gt;', '', '', '', '');
INSERT INTO `PREFIX_DB_category_description` (`category_id`, `language_id`, `name`, `description`, `meta_title`, `meta_h1`, `meta_description`, `meta_keyword`) VALUES ('69', '2', 'Трикотаж', '&lt;p&gt;&lt;br&gt;&lt;/p&gt;', '', '', '', '');
INSERT INTO `PREFIX_DB_category_description` (`category_id`, `language_id`, `name`, `description`, `meta_title`, `meta_h1`, `meta_description`, `meta_keyword`) VALUES ('59', '1', 'Очки', '&lt;p&gt;&lt;br&gt;&lt;/p&gt;', '', '', '', '');
INSERT INTO `PREFIX_DB_category_description` (`category_id`, `language_id`, `name`, `description`, `meta_title`, `meta_h1`, `meta_description`, `meta_keyword`) VALUES ('61', '1', 'Украшения', '&lt;p&gt;&lt;br&gt;&lt;/p&gt;', '', '', '', '');
INSERT INTO `PREFIX_DB_category_description` (`category_id`, `language_id`, `name`, `description`, `meta_title`, `meta_h1`, `meta_description`, `meta_keyword`) VALUES ('61', '2', 'Украшения', '&lt;p&gt;&lt;br&gt;&lt;/p&gt;', '', '', '', '');
INSERT INTO `PREFIX_DB_category_description` (`category_id`, `language_id`, `name`, `description`, `meta_title`, `meta_h1`, `meta_description`, `meta_keyword`) VALUES ('64', '1', 'Коллекция сумок', '&lt;p&gt;&lt;br&gt;&lt;/p&gt;', '', '', '', '');
INSERT INTO `PREFIX_DB_category_description` (`category_id`, `language_id`, `name`, `description`, `meta_title`, `meta_h1`, `meta_description`, `meta_keyword`) VALUES ('64', '2', 'Коллекция сумок', '&lt;p&gt;&lt;br&gt;&lt;/p&gt;', '', '', '', '');
INSERT INTO `PREFIX_DB_category_description` (`category_id`, `language_id`, `name`, `description`, `meta_title`, `meta_h1`, `meta_description`, `meta_keyword`) VALUES ('65', '1', 'Обувь из кожи', '&lt;p&gt;&lt;br&gt;&lt;/p&gt;', '', '', '', '');
INSERT INTO `PREFIX_DB_category_description` (`category_id`, `language_id`, `name`, `description`, `meta_title`, `meta_h1`, `meta_description`, `meta_keyword`) VALUES ('65', '2', 'Обувь из кожи', '&lt;p&gt;&lt;br&gt;&lt;/p&gt;', '', '', '', '');
INSERT INTO `PREFIX_DB_category_description` (`category_id`, `language_id`, `name`, `description`, `meta_title`, `meta_h1`, `meta_description`, `meta_keyword`) VALUES ('66', '1', 'Нижнее белье', '&lt;p&gt;&lt;br&gt;&lt;/p&gt;', '', '', '', '');
INSERT INTO `PREFIX_DB_category_description` (`category_id`, `language_id`, `name`, `description`, `meta_title`, `meta_h1`, `meta_description`, `meta_keyword`) VALUES ('66', '2', 'Нижнее белье', '&lt;p&gt;&lt;br&gt;&lt;/p&gt;', '', '', '', '');
INSERT INTO `PREFIX_DB_category_description` (`category_id`, `language_id`, `name`, `description`, `meta_title`, `meta_h1`, `meta_description`, `meta_keyword`) VALUES ('72', '1', 'Платья', '&lt;p&gt;&lt;br&gt;&lt;/p&gt;', '', '', '', '');
INSERT INTO `PREFIX_DB_category_description` (`category_id`, `language_id`, `name`, `description`, `meta_title`, `meta_h1`, `meta_description`, `meta_keyword`) VALUES ('73', '1', 'Толстовки', '&lt;p&gt;&lt;br&gt;&lt;/p&gt;', '', '', '', '');
INSERT INTO `PREFIX_DB_category_description` (`category_id`, `language_id`, `name`, `description`, `meta_title`, `meta_h1`, `meta_description`, `meta_keyword`) VALUES ('73', '2', 'Толстовки', '&lt;p&gt;&lt;br&gt;&lt;/p&gt;', '', '', '', '');
INSERT INTO `PREFIX_DB_category_description` (`category_id`, `language_id`, `name`, `description`, `meta_title`, `meta_h1`, `meta_description`, `meta_keyword`) VALUES ('74', '1', 'Брюки', '&lt;p&gt;&lt;br&gt;&lt;/p&gt;', '', '', '', '');
INSERT INTO `PREFIX_DB_category_description` (`category_id`, `language_id`, `name`, `description`, `meta_title`, `meta_h1`, `meta_description`, `meta_keyword`) VALUES ('74', '2', 'Брюки', '&lt;p&gt;&lt;br&gt;&lt;/p&gt;', '', '', '', '');
INSERT INTO `PREFIX_DB_category_description` (`category_id`, `language_id`, `name`, `description`, `meta_title`, `meta_h1`, `meta_description`, `meta_keyword`) VALUES ('75', '2', 'Верхняя одежда', '&lt;p&gt;&lt;br&gt;&lt;/p&gt;', '', '', '', '');
INSERT INTO `PREFIX_DB_category_description` (`category_id`, `language_id`, `name`, `description`, `meta_title`, `meta_h1`, `meta_description`, `meta_keyword`) VALUES ('75', '1', 'Верхняя одежда', '&lt;p&gt;&lt;br&gt;&lt;/p&gt;', '', '', '', '');
INSERT INTO `PREFIX_DB_category_description` (`category_id`, `language_id`, `name`, `description`, `meta_title`, `meta_h1`, `meta_description`, `meta_keyword`) VALUES ('76', '1', 'Купальники', '&lt;p&gt;&lt;br&gt;&lt;/p&gt;', '', '', '', '');
INSERT INTO `PREFIX_DB_category_description` (`category_id`, `language_id`, `name`, `description`, `meta_title`, `meta_h1`, `meta_description`, `meta_keyword`) VALUES ('76', '2', 'Купальники', '&lt;p&gt;&lt;br&gt;&lt;/p&gt;', '', '', '', '');
INSERT INTO `PREFIX_DB_category_description` (`category_id`, `language_id`, `name`, `description`, `meta_title`, `meta_h1`, `meta_description`, `meta_keyword`) VALUES ('77', '1', 'Обувь', '&lt;p&gt;&lt;br&gt;&lt;/p&gt;', '', '', '', '');
INSERT INTO `PREFIX_DB_category_description` (`category_id`, `language_id`, `name`, `description`, `meta_title`, `meta_h1`, `meta_description`, `meta_keyword`) VALUES ('77', '2', 'Обувь', '&lt;p&gt;&lt;br&gt;&lt;/p&gt;', '', '', '', '');
INSERT INTO `PREFIX_DB_category_description` (`category_id`, `language_id`, `name`, `description`, `meta_title`, `meta_h1`, `meta_description`, `meta_keyword`) VALUES ('78', '1', 'Рубашки', '&lt;p&gt;&lt;br&gt;&lt;/p&gt;', '', '', '', '');
INSERT INTO `PREFIX_DB_category_description` (`category_id`, `language_id`, `name`, `description`, `meta_title`, `meta_h1`, `meta_description`, `meta_keyword`) VALUES ('78', '2', 'Рубашки', '&lt;p&gt;&lt;br&gt;&lt;/p&gt;', '', '', '', '');
INSERT INTO `PREFIX_DB_category_description` (`category_id`, `language_id`, `name`, `description`, `meta_title`, `meta_h1`, `meta_description`, `meta_keyword`) VALUES ('79', '1', 'Брюки', '&lt;p&gt;&lt;br&gt;&lt;/p&gt;', '', '', '', '');
INSERT INTO `PREFIX_DB_category_description` (`category_id`, `language_id`, `name`, `description`, `meta_title`, `meta_h1`, `meta_description`, `meta_keyword`) VALUES ('79', '2', 'Брюки', '&lt;p&gt;&lt;br&gt;&lt;/p&gt;', '', '', '', '');
INSERT INTO `PREFIX_DB_category_description` (`category_id`, `language_id`, `name`, `description`, `meta_title`, `meta_h1`, `meta_description`, `meta_keyword`) VALUES ('88', '1', 'Для женщин', '&lt;p&gt;&lt;br&gt;&lt;/p&gt;', '', '', '', '');
INSERT INTO `PREFIX_DB_category_description` (`category_id`, `language_id`, `name`, `description`, `meta_title`, `meta_h1`, `meta_description`, `meta_keyword`) VALUES ('88', '2', 'Для женщин', '&lt;p&gt;&lt;br&gt;&lt;/p&gt;', '', '', '', '');
INSERT INTO `PREFIX_DB_category_description` (`category_id`, `language_id`, `name`, `description`, `meta_title`, `meta_h1`, `meta_description`, `meta_keyword`) VALUES ('89', '1', 'Для мужчин', '&lt;p&gt;&lt;br&gt;&lt;/p&gt;', '', '', '', '');
INSERT INTO `PREFIX_DB_category_description` (`category_id`, `language_id`, `name`, `description`, `meta_title`, `meta_h1`, `meta_description`, `meta_keyword`) VALUES ('89', '2', 'Для мужчин', '&lt;p&gt;&lt;br&gt;&lt;/p&gt;', '', '', '', '');
INSERT INTO `PREFIX_DB_category_description` (`category_id`, `language_id`, `name`, `description`, `meta_title`, `meta_h1`, `meta_description`, `meta_keyword`) VALUES ('90', '1', 'Для женщин', '&lt;p&gt;&lt;br&gt;&lt;/p&gt;', '', '', '', '');
INSERT INTO `PREFIX_DB_category_description` (`category_id`, `language_id`, `name`, `description`, `meta_title`, `meta_h1`, `meta_description`, `meta_keyword`) VALUES ('90', '2', 'Для женщин', '&lt;p&gt;&lt;br&gt;&lt;/p&gt;', '', '', '', '');
INSERT INTO `PREFIX_DB_category_description` (`category_id`, `language_id`, `name`, `description`, `meta_title`, `meta_h1`, `meta_description`, `meta_keyword`) VALUES ('91', '1', 'Для мужчин', '&lt;p&gt;&lt;br&gt;&lt;/p&gt;', '', '', '', '');
INSERT INTO `PREFIX_DB_category_description` (`category_id`, `language_id`, `name`, `description`, `meta_title`, `meta_h1`, `meta_description`, `meta_keyword`) VALUES ('91', '2', 'Для мужчин', '&lt;p&gt;&lt;br&gt;&lt;/p&gt;', '', '', '', '');
INSERT INTO `PREFIX_DB_category_description` (`category_id`, `language_id`, `name`, `description`, `meta_title`, `meta_h1`, `meta_description`, `meta_keyword`) VALUES ('92', '1', 'Унисекс', '&lt;p&gt;&lt;br&gt;&lt;/p&gt;', '', '', '', '');
INSERT INTO `PREFIX_DB_category_description` (`category_id`, `language_id`, `name`, `description`, `meta_title`, `meta_h1`, `meta_description`, `meta_keyword`) VALUES ('92', '2', 'Унисекс', '&lt;p&gt;&lt;br&gt;&lt;/p&gt;', '', '', '', '');
INSERT INTO `PREFIX_DB_category_description` (`category_id`, `language_id`, `name`, `description`, `meta_title`, `meta_h1`, `meta_description`, `meta_keyword`) VALUES ('93', '1', 'Золото', '&lt;p&gt;&lt;br&gt;&lt;/p&gt;', '', '', '', '');
INSERT INTO `PREFIX_DB_category_description` (`category_id`, `language_id`, `name`, `description`, `meta_title`, `meta_h1`, `meta_description`, `meta_keyword`) VALUES ('93', '2', 'Золото', '&lt;p&gt;&lt;br&gt;&lt;/p&gt;', '', '', '', '');
INSERT INTO `PREFIX_DB_category_description` (`category_id`, `language_id`, `name`, `description`, `meta_title`, `meta_h1`, `meta_description`, `meta_keyword`) VALUES ('94', '1', 'Серебро', '&lt;p&gt;&lt;br&gt;&lt;/p&gt;', '', '', '', '');
INSERT INTO `PREFIX_DB_category_description` (`category_id`, `language_id`, `name`, `description`, `meta_title`, `meta_h1`, `meta_description`, `meta_keyword`) VALUES ('94', '2', 'Серебро', '&lt;p&gt;&lt;br&gt;&lt;/p&gt;', '', '', '', '');
INSERT INTO `PREFIX_DB_category_description` (`category_id`, `language_id`, `name`, `description`, `meta_title`, `meta_h1`, `meta_description`, `meta_keyword`) VALUES ('95', '1', 'Позолота', '&lt;p&gt;&lt;br&gt;&lt;/p&gt;', '', '', '', '');
INSERT INTO `PREFIX_DB_category_description` (`category_id`, `language_id`, `name`, `description`, `meta_title`, `meta_h1`, `meta_description`, `meta_keyword`) VALUES ('95', '2', 'Позолота', '&lt;p&gt;&lt;br&gt;&lt;/p&gt;', '', '', '', '');
INSERT INTO `PREFIX_DB_category_description` (`category_id`, `language_id`, `name`, `description`, `meta_title`, `meta_h1`, `meta_description`, `meta_keyword`) VALUES ('96', '1', 'Свитера', '&lt;p&gt;&lt;br&gt;&lt;/p&gt;', '', '', '', '');
INSERT INTO `PREFIX_DB_category_description` (`category_id`, `language_id`, `name`, `description`, `meta_title`, `meta_h1`, `meta_description`, `meta_keyword`) VALUES ('96', '2', 'Свитера', '&lt;p&gt;&lt;br&gt;&lt;/p&gt;', '', '', '', '');
INSERT INTO `PREFIX_DB_category_description` (`category_id`, `language_id`, `name`, `description`, `meta_title`, `meta_h1`, `meta_description`, `meta_keyword`) VALUES ('97', '1', 'Кофты', '&lt;p&gt;&lt;br&gt;&lt;/p&gt;', '', '', '', '');
INSERT INTO `PREFIX_DB_category_description` (`category_id`, `language_id`, `name`, `description`, `meta_title`, `meta_h1`, `meta_description`, `meta_keyword`) VALUES ('97', '2', 'Кофты', '&lt;p&gt;&lt;br&gt;&lt;/p&gt;', '', '', '', '');
INSERT INTO `PREFIX_DB_category_description` (`category_id`, `language_id`, `name`, `description`, `meta_title`, `meta_h1`, `meta_description`, `meta_keyword`) VALUES ('98', '1', 'Часы', '&lt;p&gt;&lt;br&gt;&lt;/p&gt;', '', '', '', '');
INSERT INTO `PREFIX_DB_category_description` (`category_id`, `language_id`, `name`, `description`, `meta_title`, `meta_h1`, `meta_description`, `meta_keyword`) VALUES ('98', '2', 'Часы', '&lt;p&gt;&lt;br&gt;&lt;/p&gt;', '', '', '', '');
INSERT INTO `PREFIX_DB_category_description` (`category_id`, `language_id`, `name`, `description`, `meta_title`, `meta_h1`, `meta_description`, `meta_keyword`) VALUES ('100', '1', 'Чайники', '', '', '', '', '');
INSERT INTO `PREFIX_DB_category_description` (`category_id`, `language_id`, `name`, `description`, `meta_title`, `meta_h1`, `meta_description`, `meta_keyword`) VALUES ('100', '2', 'Чайники', '', '', '', '', '');
INSERT INTO `PREFIX_DB_category_description` (`category_id`, `language_id`, `name`, `description`, `meta_title`, `meta_h1`, `meta_description`, `meta_keyword`) VALUES ('101', '1', 'Кофеварки', '', '', '', '', '');
INSERT INTO `PREFIX_DB_category_description` (`category_id`, `language_id`, `name`, `description`, `meta_title`, `meta_h1`, `meta_description`, `meta_keyword`) VALUES ('101', '2', 'Кофеварки', '', '', '', '', '');
INSERT INTO `PREFIX_DB_category_description` (`category_id`, `language_id`, `name`, `description`, `meta_title`, `meta_h1`, `meta_description`, `meta_keyword`) VALUES ('102', '1', 'Миксеры', '', '', '', '', '');
INSERT INTO `PREFIX_DB_category_description` (`category_id`, `language_id`, `name`, `description`, `meta_title`, `meta_h1`, `meta_description`, `meta_keyword`) VALUES ('102', '2', 'Миксеры', '', '', '', '', '');
INSERT INTO `PREFIX_DB_category_description` (`category_id`, `language_id`, `name`, `description`, `meta_title`, `meta_h1`, `meta_description`, `meta_keyword`) VALUES ('103', '2', 'Соковыжималки', '', '', '', '', '');
INSERT INTO `PREFIX_DB_category_description` (`category_id`, `language_id`, `name`, `description`, `meta_title`, `meta_h1`, `meta_description`, `meta_keyword`) VALUES ('103', '1', 'Блендеры', '', '', '', '', '');
INSERT INTO `PREFIX_DB_category_description` (`category_id`, `language_id`, `name`, `description`, `meta_title`, `meta_h1`, `meta_description`, `meta_keyword`) VALUES ('104', '1', 'Для мужчин', '', '', '', '', '');
INSERT INTO `PREFIX_DB_category_description` (`category_id`, `language_id`, `name`, `description`, `meta_title`, `meta_h1`, `meta_description`, `meta_keyword`) VALUES ('104', '2', 'Для мужчин', '', '', '', '', '');
INSERT INTO `PREFIX_DB_category_description` (`category_id`, `language_id`, `name`, `description`, `meta_title`, `meta_h1`, `meta_description`, `meta_keyword`) VALUES ('105', '1', 'Для женщин', '', '', '', '', '');
INSERT INTO `PREFIX_DB_category_description` (`category_id`, `language_id`, `name`, `description`, `meta_title`, `meta_h1`, `meta_description`, `meta_keyword`) VALUES ('106', '2', 'Унисекс', '', '', '', '', '');
INSERT INTO `PREFIX_DB_category_description` (`category_id`, `language_id`, `name`, `description`, `meta_title`, `meta_h1`, `meta_description`, `meta_keyword`) VALUES ('106', '1', 'Унисекс', '', '', '', '', '');
INSERT INTO `PREFIX_DB_category_description` (`category_id`, `language_id`, `name`, `description`, `meta_title`, `meta_h1`, `meta_description`, `meta_keyword`) VALUES ('107', '1', 'Настенные', '', '', '', '', '');
INSERT INTO `PREFIX_DB_category_description` (`category_id`, `language_id`, `name`, `description`, `meta_title`, `meta_h1`, `meta_description`, `meta_keyword`) VALUES ('107', '2', 'Настенные', '', '', '', '', '');
INSERT INTO `PREFIX_DB_category_description` (`category_id`, `language_id`, `name`, `description`, `meta_title`, `meta_h1`, `meta_description`, `meta_keyword`) VALUES ('108', '2', 'Верхняя', '', '', '', '', '');
INSERT INTO `PREFIX_DB_category_description` (`category_id`, `language_id`, `name`, `description`, `meta_title`, `meta_h1`, `meta_description`, `meta_keyword`) VALUES ('109', '1', 'Жилетки', '', '', '', '', '');
INSERT INTO `PREFIX_DB_category_description` (`category_id`, `language_id`, `name`, `description`, `meta_title`, `meta_h1`, `meta_description`, `meta_keyword`) VALUES ('109', '2', 'Жилетки', '', '', '', '', '');
INSERT INTO `PREFIX_DB_category_description` (`category_id`, `language_id`, `name`, `description`, `meta_title`, `meta_h1`, `meta_description`, `meta_keyword`) VALUES ('110', '1', 'Куртки', '', '', '', '', '');
INSERT INTO `PREFIX_DB_category_description` (`category_id`, `language_id`, `name`, `description`, `meta_title`, `meta_h1`, `meta_description`, `meta_keyword`) VALUES ('110', '2', 'Куртки', '', '', '', '', '');
INSERT INTO `PREFIX_DB_category_description` (`category_id`, `language_id`, `name`, `description`, `meta_title`, `meta_h1`, `meta_description`, `meta_keyword`) VALUES ('111', '1', 'Пальта', '', '', '', '', '');
INSERT INTO `PREFIX_DB_category_description` (`category_id`, `language_id`, `name`, `description`, `meta_title`, `meta_h1`, `meta_description`, `meta_keyword`) VALUES ('111', '2', 'Пальта', '', '', '', '', '');
INSERT INTO `PREFIX_DB_category_description` (`category_id`, `language_id`, `name`, `description`, `meta_title`, `meta_h1`, `meta_description`, `meta_keyword`) VALUES ('112', '2', 'Шубы', '', '', '', '', '');
INSERT INTO `PREFIX_DB_category_description` (`category_id`, `language_id`, `name`, `description`, `meta_title`, `meta_h1`, `meta_description`, `meta_keyword`) VALUES ('112', '1', 'Шубы', '', '', '', '', '');
INSERT INTO `PREFIX_DB_category_description` (`category_id`, `language_id`, `name`, `description`, `meta_title`, `meta_h1`, `meta_description`, `meta_keyword`) VALUES ('113', '1', 'Спортивная', '', '', '', '', '');
INSERT INTO `PREFIX_DB_category_description` (`category_id`, `language_id`, `name`, `description`, `meta_title`, `meta_h1`, `meta_description`, `meta_keyword`) VALUES ('114', '1', 'Ботинки', '', '', '', '', '');
INSERT INTO `PREFIX_DB_category_description` (`category_id`, `language_id`, `name`, `description`, `meta_title`, `meta_h1`, `meta_description`, `meta_keyword`) VALUES ('114', '2', 'Ботинки', '', '', '', '', '');
INSERT INTO `PREFIX_DB_category_description` (`category_id`, `language_id`, `name`, `description`, `meta_title`, `meta_h1`, `meta_description`, `meta_keyword`) VALUES ('115', '1', 'Куртки', '', '', '', '', '');
INSERT INTO `PREFIX_DB_category_description` (`category_id`, `language_id`, `name`, `description`, `meta_title`, `meta_h1`, `meta_description`, `meta_keyword`) VALUES ('115', '2', 'Куртки', '', '', '', '', '');
INSERT INTO `PREFIX_DB_category_description` (`category_id`, `language_id`, `name`, `description`, `meta_title`, `meta_h1`, `meta_description`, `meta_keyword`) VALUES ('116', '1', 'Шапки', '', '', '', '', '');
INSERT INTO `PREFIX_DB_category_description` (`category_id`, `language_id`, `name`, `description`, `meta_title`, `meta_h1`, `meta_description`, `meta_keyword`) VALUES ('116', '2', 'Шапки', '', '', '', '', '');
INSERT INTO `PREFIX_DB_category_description` (`category_id`, `language_id`, `name`, `description`, `meta_title`, `meta_h1`, `meta_description`, `meta_keyword`) VALUES ('117', '1', 'Штаны', '', '', '', '', '');
INSERT INTO `PREFIX_DB_category_description` (`category_id`, `language_id`, `name`, `description`, `meta_title`, `meta_h1`, `meta_description`, `meta_keyword`) VALUES ('117', '2', 'Штаны', '', '', '', '', '');
INSERT INTO `PREFIX_DB_category_description` (`category_id`, `language_id`, `name`, `description`, `meta_title`, `meta_h1`, `meta_description`, `meta_keyword`) VALUES ('119', '1', ' Серьги', '', '', '', '', '');
INSERT INTO `PREFIX_DB_category_description` (`category_id`, `language_id`, `name`, `description`, `meta_title`, `meta_h1`, `meta_description`, `meta_keyword`) VALUES ('119', '2', ' Серьги', '', '', '', '', '');
INSERT INTO `PREFIX_DB_category_description` (`category_id`, `language_id`, `name`, `description`, `meta_title`, `meta_h1`, `meta_description`, `meta_keyword`) VALUES ('120', '1', 'Кольца', '', '', '', '', '');
INSERT INTO `PREFIX_DB_category_description` (`category_id`, `language_id`, `name`, `description`, `meta_title`, `meta_h1`, `meta_description`, `meta_keyword`) VALUES ('120', '2', 'Кольца', '', '', '', '', '');
INSERT INTO `PREFIX_DB_category_description` (`category_id`, `language_id`, `name`, `description`, `meta_title`, `meta_h1`, `meta_description`, `meta_keyword`) VALUES ('121', '1', 'Жемчуг', '', '', '', '', '');
INSERT INTO `PREFIX_DB_category_description` (`category_id`, `language_id`, `name`, `description`, `meta_title`, `meta_h1`, `meta_description`, `meta_keyword`) VALUES ('121', '2', 'Жемчуг', '', '', '', '', '');
INSERT INTO `PREFIX_DB_category_description` (`category_id`, `language_id`, `name`, `description`, `meta_title`, `meta_h1`, `meta_description`, `meta_keyword`) VALUES ('122', '2', 'Браслеты', '', '', '', '', '');
INSERT INTO `PREFIX_DB_category_description` (`category_id`, `language_id`, `name`, `description`, `meta_title`, `meta_h1`, `meta_description`, `meta_keyword`) VALUES ('122', '1', 'Браслеты', '', '', '', '', '');
INSERT INTO `PREFIX_DB_category_description` (`category_id`, `language_id`, `name`, `description`, `meta_title`, `meta_h1`, `meta_description`, `meta_keyword`) VALUES ('123', '1', 'Бриллианты', '', '', '', '', '');
INSERT INTO `PREFIX_DB_category_description` (`category_id`, `language_id`, `name`, `description`, `meta_title`, `meta_h1`, `meta_description`, `meta_keyword`) VALUES ('123', '2', 'Бриллианты', '', '', '', '', '');
INSERT INTO `PREFIX_DB_category_description` (`category_id`, `language_id`, `name`, `description`, `meta_title`, `meta_h1`, `meta_description`, `meta_keyword`) VALUES ('62', '1', 'Для мужчин', '', '', '', '', '');
INSERT INTO `PREFIX_DB_category_description` (`category_id`, `language_id`, `name`, `description`, `meta_title`, `meta_h1`, `meta_description`, `meta_keyword`) VALUES ('60', '2', 'Парфюмерия', '', '', '', '', '');
INSERT INTO `PREFIX_DB_category_description` (`category_id`, `language_id`, `name`, `description`, `meta_title`, `meta_h1`, `meta_description`, `meta_keyword`) VALUES ('60', '1', 'Парфюмерия', '', '', '', '', '');
INSERT INTO `PREFIX_DB_category_description` (`category_id`, `language_id`, `name`, `description`, `meta_title`, `meta_h1`, `meta_description`, `meta_keyword`) VALUES ('63', '1', 'Для женщин', '', '', '', '', '');
INSERT INTO `PREFIX_DB_category_description` (`category_id`, `language_id`, `name`, `description`, `meta_title`, `meta_h1`, `meta_description`, `meta_keyword`) VALUES ('113', '2', 'Спортивная', '', '', '', '', '');
INSERT INTO `PREFIX_DB_category_description` (`category_id`, `language_id`, `name`, `description`, `meta_title`, `meta_h1`, `meta_description`, `meta_keyword`) VALUES ('108', '1', 'Верхняя', '', '', '', '', '');
INSERT INTO `PREFIX_DB_category_description` (`category_id`, `language_id`, `name`, `description`, `meta_title`, `meta_h1`, `meta_description`, `meta_keyword`) VALUES ('25', '2', 'Components', '', '', '', '', '');
INSERT INTO `PREFIX_DB_category_description` (`category_id`, `language_id`, `name`, `description`, `meta_title`, `meta_h1`, `meta_description`, `meta_keyword`) VALUES ('130', '1', '111111111111', '&lt;p&gt;1111111111111111&lt;br&gt;&lt;/p&gt;', '', '', '', '');
INSERT INTO `PREFIX_DB_category_description` (`category_id`, `language_id`, `name`, `description`, `meta_title`, `meta_h1`, `meta_description`, `meta_keyword`) VALUES ('130', '2', '1111111111111', '&lt;p&gt;11111111111111111&lt;br&gt;&lt;/p&gt;', '', '', '', '');
INSERT INTO `PREFIX_DB_category_description` (`category_id`, `language_id`, `name`, `description`, `meta_title`, `meta_h1`, `meta_description`, `meta_keyword`) VALUES ('68', '1', 'Духи', '', '', '', '', '');
INSERT INTO `PREFIX_DB_category_description` (`category_id`, `language_id`, `name`, `description`, `meta_title`, `meta_h1`, `meta_description`, `meta_keyword`) VALUES ('68', '2', 'Духи', '', '', '', '', '');
INSERT INTO `PREFIX_DB_category_description` (`category_id`, `language_id`, `name`, `description`, `meta_title`, `meta_h1`, `meta_description`, `meta_keyword`) VALUES ('63', '2', 'Кошельки', '', '', '', '', '');
INSERT INTO `PREFIX_DB_category_description` (`category_id`, `language_id`, `name`, `description`, `meta_title`, `meta_h1`, `meta_description`, `meta_keyword`) VALUES ('62', '2', 'Ремни', '', '', '', '', '');
INSERT INTO `PREFIX_DB_category_description` (`category_id`, `language_id`, `name`, `description`, `meta_title`, `meta_h1`, `meta_description`, `meta_keyword`) VALUES ('118', '2', 'Бижутерия', '', '', '', '', '');
INSERT INTO `PREFIX_DB_category_description` (`category_id`, `language_id`, `name`, `description`, `meta_title`, `meta_h1`, `meta_description`, `meta_keyword`) VALUES ('20', '2', 'Desktops', '&lt;p&gt;Example of category description text&lt;/p&gt;', 'Example of category description', '', '', '');
INSERT INTO `PREFIX_DB_category_description` (`category_id`, `language_id`, `name`, `description`, `meta_title`, `meta_h1`, `meta_description`, `meta_keyword`) VALUES ('105', '2', 'Для женщин', '', '', '', '', '');
INSERT INTO `PREFIX_DB_category_description` (`category_id`, `language_id`, `name`, `description`, `meta_title`, `meta_h1`, `meta_description`, `meta_keyword`) VALUES ('20', '1', 'Одежда', '&lt;p&gt;&lt;span style=&quot;font-size:14px&quot;&gt;Интернет-магазины обычно позволяют покупателям использовать функции «поиска», чтобы найти конкретные модели, бренды или предметы.&lt;br /&gt;Когда онлайн-магазин настроен на то, чтобы позволить компаниям покупать у других компаний, этот процесс называется онлайн-магазинами бизнес для бизнеса (B2B). Типичный интернет-магазин позволяет клиенту просматривать ассортимент продуктов и услуг фирмы, просматривать фотографии или изображения продуктов, а также информацию о технических характеристиках продукта и ценах.&lt;/span&gt;&lt;/p&gt;&lt;p&gt;&lt;span style=&quot;font-size:14px&quot;&gt;Интернет-магазин (англ. online shop или e-shop) — сайт, торгующий товарами посредством сети Интернет. Позволяет пользователям онлайн, в своём браузере или через мобильное приложение, сформировать заказ на покупку, выбрать способ оплаты и доставки заказа, оплатить заказ. При этом продажа товаров осуществляется дистанционным способом и она накладывает ограничения на продаваемые товары. Так, в некоторых странах имеется запрет на интернет-торговлю алкоголем, оружием, ювелирными изделиями и другими товарами (к примеру, в России запрещена дистанционная продажа алкоголя, ювелирных изделий и других товаров, свободная реализация которых запрещена или ограничена).&lt;/span&gt;&lt;/p&gt;&lt;p&gt;&lt;span style=&quot;font-size:14px&quot;&gt;Интернет-магазины обычно позволяют покупателям использовать функции «поиска», чтобы найти конкретные модели, бренды или предметы.&lt;br /&gt;Когда онлайн-магазин настроен на то, чтобы позволить компаниям покупать у других компаний, этот процесс называется онлайн-магазинами бизнес для бизнеса (B2B). Типичный интернет-магазин позволяет клиенту просматривать ассортимент продуктов и услуг фирмы, просматривать фотографии или изображения продуктов, а также информацию о технических характеристиках продукта и ценах.&lt;/span&gt;&lt;/p&gt;&lt;p&gt;&lt;span style=&quot;font-size:14px&quot;&gt;Интернет-магазин (англ. online shop или e-shop) — сайт, торгующий товарами посредством сети Интернет. Позволяет пользователям онлайн, в своём браузере или через мобильное приложение, сформировать заказ на покупку, выбрать способ оплаты и доставки заказа, оплатить заказ. При этом продажа товаров осуществляется дистанционным способом и она накладывает ограничения на продаваемые товары. Так, в некоторых странах имеется запрет на интернет-торговлю алкоголем, оружием, ювелирными изделиями и другими товарами (к примеру, в России запрещена дистанционная продажа алкоголя, ювелирных изделий и других товаров, свободная реализация которых запрещена или ограничена).&lt;/span&gt;&lt;/p&gt;', 'H1 заголовок Комьпютеров', '', '', '');
INSERT INTO `PREFIX_DB_category_description` (`category_id`, `language_id`, `name`, `description`, `meta_title`, `meta_h1`, `meta_description`, `meta_keyword`) VALUES ('24', '1', 'Бытовая техника', '&lt;p&gt;&lt;span style=&quot;font-size:14px&quot;&gt;Интернет-магазины обычно позволяют покупателям использовать функции «поиска», чтобы найти конкретные модели, бренды или предметы.&lt;br /&gt;Когда онлайн-магазин настроен на то, чтобы позволить компаниям покупать у других компаний, этот процесс называется онлайн-магазинами бизнес для бизнеса (B2B). Типичный интернет-магазин позволяет клиенту просматривать ассортимент продуктов и услуг фирмы, просматривать фотографии или изображения продуктов, а также информацию о технических характеристиках продукта и ценах.&lt;/span&gt;&lt;/p&gt;&lt;p&gt;&lt;span style=&quot;font-size:14px&quot;&gt;Интернет-магазин (англ. online shop или e-shop) — сайт, торгующий товарами посредством сети Интернет. Позволяет пользователям онлайн, в своём браузере или через мобильное приложение, сформировать заказ на покупку, выбрать способ оплаты и доставки заказа, оплатить заказ. При этом продажа товаров осуществляется дистанционным способом и она накладывает ограничения на продаваемые товары. Так, в некоторых странах имеется запрет на интернет-торговлю алкоголем, оружием, ювелирными изделиями и другими товарами (к примеру, в России запрещена дистанционная продажа алкоголя, ювелирных изделий и других товаров, свободная реализация которых запрещена или ограничена).&lt;/span&gt;&lt;/p&gt;&lt;p&gt;&lt;span style=&quot;font-size:14px&quot;&gt;Интернет-магазины обычно позволяют покупателям использовать функции «поиска», чтобы найти конкретные модели, бренды или предметы.&lt;br /&gt;Когда онлайн-магазин настроен на то, чтобы позволить компаниям покупать у других компаний, этот процесс называется онлайн-магазинами бизнес для бизнеса (B2B). Типичный интернет-магазин позволяет клиенту просматривать ассортимент продуктов и услуг фирмы, просматривать фотографии или изображения продуктов, а также информацию о технических характеристиках продукта и ценах.&lt;/span&gt;&lt;/p&gt;&lt;p&gt;&lt;span style=&quot;font-size:14px&quot;&gt;Интернет-магазин (англ. online shop или e-shop) — сайт, торгующий товарами посредством сети Интернет. Позволяет пользователям онлайн, в своём браузере или через мобильное приложение, сформировать заказ на покупку, выбрать способ оплаты и доставки заказа, оплатить заказ. При этом продажа товаров осуществляется дистанционным способом и она накладывает ограничения на продаваемые товары. Так, в некоторых странах имеется запрет на интернет-торговлю алкоголем, оружием, ювелирными изделиями и другими товарами (к примеру, в России запрещена дистанционная продажа алкоголя, ювелирных изделий и других товаров, свободная реализация которых запрещена или ограничена).&lt;/span&gt;&lt;/p&gt;&lt;p&gt;&amp;nbsp;&lt;/p&gt;', '', '', '', '');
INSERT INTO `PREFIX_DB_category_description` (`category_id`, `language_id`, `name`, `description`, `meta_title`, `meta_h1`, `meta_description`, `meta_keyword`) VALUES ('34', '2', 'Players', '&lt;p&gt;Shop Laptop feature only the best laptop deals on the market. By comparing laptop deals from the likes of PC World, Comet, Dixons, The Link and Carphone Warehouse, Shop Laptop has the most comprehensive selection of laptops on the internet. At Shop Laptop, we pride ourselves on offering customers the very best laptop deals. From refurbished laptops to netbooks, Shop Laptop ensures that every laptop - in every colour, style, size and technical spec - is featured on the site at the lowest possible price.&lt;/p&gt;', '', '', '', '');
INSERT INTO `PREFIX_DB_category_description` (`category_id`, `language_id`, `name`, `description`, `meta_title`, `meta_h1`, `meta_description`, `meta_keyword`) VALUES ('33', '1', 'Часы', '&lt;p&gt;&lt;span style=&quot;font-size:14px&quot;&gt;Интернет-магазины обычно позволяют покупателям использовать функции «поиска», чтобы найти конкретные модели, бренды или предметы.&lt;br /&gt;Когда онлайн-магазин настроен на то, чтобы позволить компаниям покупать у других компаний, этот процесс называется онлайн-магазинами бизнес для бизнеса (B2B). Типичный интернет-магазин позволяет клиенту просматривать ассортимент продуктов и услуг фирмы, просматривать фотографии или изображения продуктов, а также информацию о технических характеристиках продукта и ценах.&lt;/span&gt;&lt;/p&gt;&lt;p&gt;&lt;span style=&quot;font-size:14px&quot;&gt;Интернет-магазин (англ. online shop или e-shop) — сайт, торгующий товарами посредством сети Интернет. Позволяет пользователям онлайн, в своём браузере или через мобильное приложение, сформировать заказ на покупку, выбрать способ оплаты и доставки заказа, оплатить заказ. При этом продажа товаров осуществляется дистанционным способом и она накладывает ограничения на продаваемые товары. Так, в некоторых странах имеется запрет на интернет-торговлю алкоголем, оружием, ювелирными изделиями и другими товарами (к примеру, в России запрещена дистанционная продажа алкоголя, ювелирных изделий и других товаров, свободная реализация которых запрещена или ограничена).&lt;/span&gt;&lt;/p&gt;&lt;p&gt;&lt;span style=&quot;font-size:14px&quot;&gt;Интернет-магазины обычно позволяют покупателям использовать функции «поиска», чтобы найти конкретные модели, бренды или предметы.&lt;br /&gt;Когда онлайн-магазин настроен на то, чтобы позволить компаниям покупать у других компаний, этот процесс называется онлайн-магазинами бизнес для бизнеса (B2B). Типичный интернет-магазин позволяет клиенту просматривать ассортимент продуктов и услуг фирмы, просматривать фотографии или изображения продуктов, а также информацию о технических характеристиках продукта и ценах.&lt;/span&gt;&lt;/p&gt;&lt;p&gt;&lt;span style=&quot;font-size:14px&quot;&gt;Интернет-магазин (англ. online shop или e-shop) — сайт, торгующий товарами посредством сети Интернет. Позволяет пользователям онлайн, в своём браузере или через мобильное приложение, сформировать заказ на покупку, выбрать способ оплаты и доставки заказа, оплатить заказ. При этом продажа товаров осуществляется дистанционным способом и она накладывает ограничения на продаваемые товары. Так, в некоторых странах имеется запрет на интернет-торговлю алкоголем, оружием, ювелирными изделиями и другими товарами (к примеру, в России запрещена дистанционная продажа алкоголя, ювелирных изделий и других товаров, свободная реализация которых запрещена или ограничена).&lt;/span&gt;&lt;/p&gt;&lt;p&gt;&amp;nbsp;&lt;/p&gt;', '', '', '', '');
INSERT INTO `PREFIX_DB_category_description` (`category_id`, `language_id`, `name`, `description`, `meta_title`, `meta_h1`, `meta_description`, `meta_keyword`) VALUES ('129', '1', 'Спорт', '&lt;p&gt;&lt;span style=&quot;font-size:14px&quot;&gt;Интернет-магазины обычно позволяют покупателям использовать функции «поиска», чтобы найти конкретные модели, бренды или предметы.&lt;br /&gt;Когда онлайн-магазин настроен на то, чтобы позволить компаниям покупать у других компаний, этот процесс называется онлайн-магазинами бизнес для бизнеса (B2B). Типичный интернет-магазин позволяет клиенту просматривать ассортимент продуктов и услуг фирмы, просматривать фотографии или изображения продуктов, а также информацию о технических характеристиках продукта и ценах.&lt;/span&gt;&lt;/p&gt;&lt;p&gt;&lt;span style=&quot;font-size:14px&quot;&gt;Интернет-магазин (англ. online shop или e-shop) — сайт, торгующий товарами посредством сети Интернет. Позволяет пользователям онлайн, в своём браузере или через мобильное приложение, сформировать заказ на покупку, выбрать способ оплаты и доставки заказа, оплатить заказ. При этом продажа товаров осуществляется дистанционным способом и она накладывает ограничения на продаваемые товары. Так, в некоторых странах имеется запрет на интернет-торговлю алкоголем, оружием, ювелирными изделиями и другими товарами (к примеру, в России запрещена дистанционная продажа алкоголя, ювелирных изделий и других товаров, свободная реализация которых запрещена или ограничена).&lt;/span&gt;&lt;/p&gt;&lt;p&gt;&lt;span style=&quot;font-size:14px&quot;&gt;Интернет-магазины обычно позволяют покупателям использовать функции «поиска», чтобы найти конкретные модели, бренды или предметы.&lt;br /&gt;Когда онлайн-магазин настроен на то, чтобы позволить компаниям покупать у других компаний, этот процесс называется онлайн-магазинами бизнес для бизнеса (B2B). Типичный интернет-магазин позволяет клиенту просматривать ассортимент продуктов и услуг фирмы, просматривать фотографии или изображения продуктов, а также информацию о технических характеристиках продукта и ценах.&lt;/span&gt;&lt;/p&gt;&lt;p&gt;&lt;span style=&quot;font-size:14px&quot;&gt;Интернет-магазин (англ. online shop или e-shop) — сайт, торгующий товарами посредством сети Интернет. Позволяет пользователям онлайн, в своём браузере или через мобильное приложение, сформировать заказ на покупку, выбрать способ оплаты и доставки заказа, оплатить заказ. При этом продажа товаров осуществляется дистанционным способом и она накладывает ограничения на продаваемые товары. Так, в некоторых странах имеется запрет на интернет-торговлю алкоголем, оружием, ювелирными изделиями и другими товарами (к примеру, в России запрещена дистанционная продажа алкоголя, ювелирных изделий и других товаров, свободная реализация которых запрещена или ограничена).&lt;/span&gt;&lt;/p&gt;&lt;p&gt;&amp;nbsp;&lt;/p&gt;', '', '', '', '');
INSERT INTO `PREFIX_DB_category_description` (`category_id`, `language_id`, `name`, `description`, `meta_title`, `meta_h1`, `meta_description`, `meta_keyword`) VALUES ('118', '1', 'Бижутерия', '&lt;p&gt;&lt;span style=&quot;font-size:14px&quot;&gt;Интернет-магазины обычно позволяют покупателям использовать функции «поиска», чтобы найти конкретные модели, бренды или предметы.&lt;br /&gt;Когда онлайн-магазин настроен на то, чтобы позволить компаниям покупать у других компаний, этот процесс называется онлайн-магазинами бизнес для бизнеса (B2B). Типичный интернет-магазин позволяет клиенту просматривать ассортимент продуктов и услуг фирмы, просматривать фотографии или изображения продуктов, а также информацию о технических характеристиках продукта и ценах.&lt;/span&gt;&lt;/p&gt;&lt;p&gt;&lt;span style=&quot;font-size:14px&quot;&gt;Интернет-магазин (англ. online shop или e-shop) — сайт, торгующий товарами посредством сети Интернет. Позволяет пользователям онлайн, в своём браузере или через мобильное приложение, сформировать заказ на покупку, выбрать способ оплаты и доставки заказа, оплатить заказ. При этом продажа товаров осуществляется дистанционным способом и она накладывает ограничения на продаваемые товары. Так, в некоторых странах имеется запрет на интернет-торговлю алкоголем, оружием, ювелирными изделиями и другими товарами (к примеру, в России запрещена дистанционная продажа алкоголя, ювелирных изделий и других товаров, свободная реализация которых запрещена или ограничена).&lt;/span&gt;&lt;/p&gt;&lt;p&gt;&lt;span style=&quot;font-size:14px&quot;&gt;Интернет-магазины обычно позволяют покупателям использовать функции «поиска», чтобы найти конкретные модели, бренды или предметы.&lt;br /&gt;Когда онлайн-магазин настроен на то, чтобы позволить компаниям покупать у других компаний, этот процесс называется онлайн-магазинами бизнес для бизнеса (B2B). Типичный интернет-магазин позволяет клиенту просматривать ассортимент продуктов и услуг фирмы, просматривать фотографии или изображения продуктов, а также информацию о технических характеристиках продукта и ценах.&lt;/span&gt;&lt;/p&gt;&lt;p&gt;&lt;span style=&quot;font-size:14px&quot;&gt;Интернет-магазин (англ. online shop или e-shop) — сайт, торгующий товарами посредством сети Интернет. Позволяет пользователям онлайн, в своём браузере или через мобильное приложение, сформировать заказ на покупку, выбрать способ оплаты и доставки заказа, оплатить заказ. При этом продажа товаров осуществляется дистанционным способом и она накладывает ограничения на продаваемые товары. Так, в некоторых странах имеется запрет на интернет-торговлю алкоголем, оружием, ювелирными изделиями и другими товарами (к примеру, в России запрещена дистанционная продажа алкоголя, ювелирных изделий и других товаров, свободная реализация которых запрещена или ограничена).&lt;/span&gt;&lt;/p&gt;', '', '', '', '');
INSERT INTO `PREFIX_DB_category_description` (`category_id`, `language_id`, `name`, `description`, `meta_title`, `meta_h1`, `meta_description`, `meta_keyword`) VALUES ('18', '1', 'Ноутбуки', '&lt;p&gt;&lt;span style=&quot;font-size:14px&quot;&gt;Интернет-магазины обычно позволяют покупателям использовать функции «поиска», чтобы найти конкретные модели, бренды или предметы.&lt;br /&gt;Когда онлайн-магазин настроен на то, чтобы позволить компаниям покупать у других компаний, этот процесс называется онлайн-магазинами бизнес для бизнеса (B2B). Типичный интернет-магазин позволяет клиенту просматривать ассортимент продуктов и услуг фирмы, просматривать фотографии или изображения продуктов, а также информацию о технических характеристиках продукта и ценах.&lt;/span&gt;&lt;/p&gt;&lt;p&gt;&lt;span style=&quot;font-size:14px&quot;&gt;Интернет-магазин (англ. online shop или e-shop) — сайт, торгующий товарами посредством сети Интернет. Позволяет пользователям онлайн, в своём браузере или через мобильное приложение, сформировать заказ на покупку, выбрать способ оплаты и доставки заказа, оплатить заказ. При этом продажа товаров осуществляется дистанционным способом и она накладывает ограничения на продаваемые товары. Так, в некоторых странах имеется запрет на интернет-торговлю алкоголем, оружием, ювелирными изделиями и другими товарами (к примеру, в России запрещена дистанционная продажа алкоголя, ювелирных изделий и других товаров, свободная реализация которых запрещена или ограничена).&lt;/span&gt;&lt;/p&gt;&lt;p&gt;&lt;span style=&quot;font-size:14px&quot;&gt;Интернет-магазины обычно позволяют покупателям использовать функции «поиска», чтобы найти конкретные модели, бренды или предметы.&lt;br /&gt;Когда онлайн-магазин настроен на то, чтобы позволить компаниям покупать у других компаний, этот процесс называется онлайн-магазинами бизнес для бизнеса (B2B). Типичный интернет-магазин позволяет клиенту просматривать ассортимент продуктов и услуг фирмы, просматривать фотографии или изображения продуктов, а также информацию о технических характеристиках продукта и ценах.&lt;/span&gt;&lt;/p&gt;&lt;p&gt;&lt;span style=&quot;font-size:14px&quot;&gt;Интернет-магазин (англ. online shop или e-shop) — сайт, торгующий товарами посредством сети Интернет. Позволяет пользователям онлайн, в своём браузере или через мобильное приложение, сформировать заказ на покупку, выбрать способ оплаты и доставки заказа, оплатить заказ. При этом продажа товаров осуществляется дистанционным способом и она накладывает ограничения на продаваемые товары. Так, в некоторых странах имеется запрет на интернет-торговлю алкоголем, оружием, ювелирными изделиями и другими товарами (к примеру, в России запрещена дистанционная продажа алкоголя, ювелирных изделий и других товаров, свободная реализация которых запрещена или ограничена).&lt;/span&gt;&lt;/p&gt;', '', '', '', '');
INSERT INTO `PREFIX_DB_category_description` (`category_id`, `language_id`, `name`, `description`, `meta_title`, `meta_h1`, `meta_description`, `meta_keyword`) VALUES ('25', '1', 'Аксессуары', '&lt;p&gt;&lt;span style=&quot;font-size:14px&quot;&gt;Интернет-магазины обычно позволяют покупателям использовать функции «поиска», чтобы найти конкретные модели, бренды или предметы.&lt;br /&gt;Когда онлайн-магазин настроен на то, чтобы позволить компаниям покупать у других компаний, этот процесс называется онлайн-магазинами бизнес для бизнеса (B2B). Типичный интернет-магазин позволяет клиенту просматривать ассортимент продуктов и услуг фирмы, просматривать фотографии или изображения продуктов, а также информацию о технических характеристиках продукта и ценах.&lt;/span&gt;&lt;/p&gt;&lt;p&gt;&lt;span style=&quot;font-size:14px&quot;&gt;Интернет-магазин (англ. online shop или e-shop) — сайт, торгующий товарами посредством сети Интернет. Позволяет пользователям онлайн, в своём браузере или через мобильное приложение, сформировать заказ на покупку, выбрать способ оплаты и доставки заказа, оплатить заказ. При этом продажа товаров осуществляется дистанционным способом и она накладывает ограничения на продаваемые товары. Так, в некоторых странах имеется запрет на интернет-торговлю алкоголем, оружием, ювелирными изделиями и другими товарами (к примеру, в России запрещена дистанционная продажа алкоголя, ювелирных изделий и других товаров, свободная реализация которых запрещена или ограничена).&lt;/span&gt;&lt;/p&gt;&lt;p&gt;&lt;span style=&quot;font-size:14px&quot;&gt;Интернет-магазины обычно позволяют покупателям использовать функции «поиска», чтобы найти конкретные модели, бренды или предметы.&lt;br /&gt;Когда онлайн-магазин настроен на то, чтобы позволить компаниям покупать у других компаний, этот процесс называется онлайн-магазинами бизнес для бизнеса (B2B). Типичный интернет-магазин позволяет клиенту просматривать ассортимент продуктов и услуг фирмы, просматривать фотографии или изображения продуктов, а также информацию о технических характеристиках продукта и ценах.&lt;/span&gt;&lt;/p&gt;&lt;p&gt;&lt;span style=&quot;font-size:14px&quot;&gt;Интернет-магазин (англ. online shop или e-shop) — сайт, торгующий товарами посредством сети Интернет. Позволяет пользователям онлайн, в своём браузере или через мобильное приложение, сформировать заказ на покупку, выбрать способ оплаты и доставки заказа, оплатить заказ. При этом продажа товаров осуществляется дистанционным способом и она накладывает ограничения на продаваемые товары. Так, в некоторых странах имеется запрет на интернет-торговлю алкоголем, оружием, ювелирными изделиями и другими товарами (к примеру, в России запрещена дистанционная продажа алкоголя, ювелирных изделий и других товаров, свободная реализация которых запрещена или ограничена).&lt;/span&gt;&lt;/p&gt;&lt;p&gt;&amp;nbsp;&lt;/p&gt;', '', '', '', '');
INSERT INTO `PREFIX_DB_category_description` (`category_id`, `language_id`, `name`, `description`, `meta_title`, `meta_h1`, `meta_description`, `meta_keyword`) VALUES ('24', '2', 'Phones &amp; PDAs', '', '', '', '', '');
INSERT INTO `PREFIX_DB_category_description` (`category_id`, `language_id`, `name`, `description`, `meta_title`, `meta_h1`, `meta_description`, `meta_keyword`) VALUES ('33', '2', 'Cameras', '', '', '', '', '');
INSERT INTO `PREFIX_DB_category_description` (`category_id`, `language_id`, `name`, `description`, `meta_title`, `meta_h1`, `meta_description`, `meta_keyword`) VALUES ('129', '2', 'Sport', '', '', '', '', '');


TRUNCATE TABLE `PREFIX_DB_category_path`;

INSERT INTO `PREFIX_DB_category_path` (`category_id`, `path_id`, `level`) VALUES ('25', '25', '0');
INSERT INTO `PREFIX_DB_category_path` (`category_id`, `path_id`, `level`) VALUES ('32', '25', '0');
INSERT INTO `PREFIX_DB_category_path` (`category_id`, `path_id`, `level`) VALUES ('32', '32', '1');
INSERT INTO `PREFIX_DB_category_path` (`category_id`, `path_id`, `level`) VALUES ('20', '20', '0');
INSERT INTO `PREFIX_DB_category_path` (`category_id`, `path_id`, `level`) VALUES ('24', '24', '0');
INSERT INTO `PREFIX_DB_category_path` (`category_id`, `path_id`, `level`) VALUES ('18', '18', '0');
INSERT INTO `PREFIX_DB_category_path` (`category_id`, `path_id`, `level`) VALUES ('45', '18', '0');
INSERT INTO `PREFIX_DB_category_path` (`category_id`, `path_id`, `level`) VALUES ('45', '45', '1');
INSERT INTO `PREFIX_DB_category_path` (`category_id`, `path_id`, `level`) VALUES ('46', '18', '0');
INSERT INTO `PREFIX_DB_category_path` (`category_id`, `path_id`, `level`) VALUES ('46', '46', '1');
INSERT INTO `PREFIX_DB_category_path` (`category_id`, `path_id`, `level`) VALUES ('59', '59', '1');
INSERT INTO `PREFIX_DB_category_path` (`category_id`, `path_id`, `level`) VALUES ('33', '33', '0');
INSERT INTO `PREFIX_DB_category_path` (`category_id`, `path_id`, `level`) VALUES ('34', '34', '0');
INSERT INTO `PREFIX_DB_category_path` (`category_id`, `path_id`, `level`) VALUES ('70', '70', '2');
INSERT INTO `PREFIX_DB_category_path` (`category_id`, `path_id`, `level`) VALUES ('70', '20', '0');
INSERT INTO `PREFIX_DB_category_path` (`category_id`, `path_id`, `level`) VALUES ('71', '20', '0');
INSERT INTO `PREFIX_DB_category_path` (`category_id`, `path_id`, `level`) VALUES ('71', '60', '1');
INSERT INTO `PREFIX_DB_category_path` (`category_id`, `path_id`, `level`) VALUES ('70', '60', '1');
INSERT INTO `PREFIX_DB_category_path` (`category_id`, `path_id`, `level`) VALUES ('69', '69', '2');
INSERT INTO `PREFIX_DB_category_path` (`category_id`, `path_id`, `level`) VALUES ('69', '60', '1');
INSERT INTO `PREFIX_DB_category_path` (`category_id`, `path_id`, `level`) VALUES ('69', '20', '0');
INSERT INTO `PREFIX_DB_category_path` (`category_id`, `path_id`, `level`) VALUES ('68', '68', '1');
INSERT INTO `PREFIX_DB_category_path` (`category_id`, `path_id`, `level`) VALUES ('68', '25', '0');
INSERT INTO `PREFIX_DB_category_path` (`category_id`, `path_id`, `level`) VALUES ('67', '67', '1');
INSERT INTO `PREFIX_DB_category_path` (`category_id`, `path_id`, `level`) VALUES ('67', '25', '0');
INSERT INTO `PREFIX_DB_category_path` (`category_id`, `path_id`, `level`) VALUES ('79', '79', '2');
INSERT INTO `PREFIX_DB_category_path` (`category_id`, `path_id`, `level`) VALUES ('79', '62', '1');
INSERT INTO `PREFIX_DB_category_path` (`category_id`, `path_id`, `level`) VALUES ('79', '20', '0');
INSERT INTO `PREFIX_DB_category_path` (`category_id`, `path_id`, `level`) VALUES ('78', '78', '2');
INSERT INTO `PREFIX_DB_category_path` (`category_id`, `path_id`, `level`) VALUES ('78', '62', '1');
INSERT INTO `PREFIX_DB_category_path` (`category_id`, `path_id`, `level`) VALUES ('78', '20', '0');
INSERT INTO `PREFIX_DB_category_path` (`category_id`, `path_id`, `level`) VALUES ('77', '77', '2');
INSERT INTO `PREFIX_DB_category_path` (`category_id`, `path_id`, `level`) VALUES ('77', '62', '1');
INSERT INTO `PREFIX_DB_category_path` (`category_id`, `path_id`, `level`) VALUES ('77', '20', '0');
INSERT INTO `PREFIX_DB_category_path` (`category_id`, `path_id`, `level`) VALUES ('76', '76', '2');
INSERT INTO `PREFIX_DB_category_path` (`category_id`, `path_id`, `level`) VALUES ('76', '63', '1');
INSERT INTO `PREFIX_DB_category_path` (`category_id`, `path_id`, `level`) VALUES ('76', '20', '0');
INSERT INTO `PREFIX_DB_category_path` (`category_id`, `path_id`, `level`) VALUES ('75', '75', '2');
INSERT INTO `PREFIX_DB_category_path` (`category_id`, `path_id`, `level`) VALUES ('75', '20', '0');
INSERT INTO `PREFIX_DB_category_path` (`category_id`, `path_id`, `level`) VALUES ('75', '63', '1');
INSERT INTO `PREFIX_DB_category_path` (`category_id`, `path_id`, `level`) VALUES ('74', '74', '2');
INSERT INTO `PREFIX_DB_category_path` (`category_id`, `path_id`, `level`) VALUES ('74', '63', '1');
INSERT INTO `PREFIX_DB_category_path` (`category_id`, `path_id`, `level`) VALUES ('74', '20', '0');
INSERT INTO `PREFIX_DB_category_path` (`category_id`, `path_id`, `level`) VALUES ('73', '73', '2');
INSERT INTO `PREFIX_DB_category_path` (`category_id`, `path_id`, `level`) VALUES ('73', '63', '1');
INSERT INTO `PREFIX_DB_category_path` (`category_id`, `path_id`, `level`) VALUES ('73', '20', '0');
INSERT INTO `PREFIX_DB_category_path` (`category_id`, `path_id`, `level`) VALUES ('72', '72', '2');
INSERT INTO `PREFIX_DB_category_path` (`category_id`, `path_id`, `level`) VALUES ('72', '20', '0');
INSERT INTO `PREFIX_DB_category_path` (`category_id`, `path_id`, `level`) VALUES ('72', '60', '1');
INSERT INTO `PREFIX_DB_category_path` (`category_id`, `path_id`, `level`) VALUES ('71', '71', '2');
INSERT INTO `PREFIX_DB_category_path` (`category_id`, `path_id`, `level`) VALUES ('59', '25', '0');
INSERT INTO `PREFIX_DB_category_path` (`category_id`, `path_id`, `level`) VALUES ('60', '20', '0');
INSERT INTO `PREFIX_DB_category_path` (`category_id`, `path_id`, `level`) VALUES ('60', '60', '1');
INSERT INTO `PREFIX_DB_category_path` (`category_id`, `path_id`, `level`) VALUES ('61', '25', '0');
INSERT INTO `PREFIX_DB_category_path` (`category_id`, `path_id`, `level`) VALUES ('61', '61', '1');
INSERT INTO `PREFIX_DB_category_path` (`category_id`, `path_id`, `level`) VALUES ('62', '20', '0');
INSERT INTO `PREFIX_DB_category_path` (`category_id`, `path_id`, `level`) VALUES ('62', '62', '1');
INSERT INTO `PREFIX_DB_category_path` (`category_id`, `path_id`, `level`) VALUES ('63', '20', '0');
INSERT INTO `PREFIX_DB_category_path` (`category_id`, `path_id`, `level`) VALUES ('63', '63', '1');
INSERT INTO `PREFIX_DB_category_path` (`category_id`, `path_id`, `level`) VALUES ('64', '18', '0');
INSERT INTO `PREFIX_DB_category_path` (`category_id`, `path_id`, `level`) VALUES ('64', '64', '1');
INSERT INTO `PREFIX_DB_category_path` (`category_id`, `path_id`, `level`) VALUES ('65', '18', '0');
INSERT INTO `PREFIX_DB_category_path` (`category_id`, `path_id`, `level`) VALUES ('65', '65', '1');
INSERT INTO `PREFIX_DB_category_path` (`category_id`, `path_id`, `level`) VALUES ('66', '18', '0');
INSERT INTO `PREFIX_DB_category_path` (`category_id`, `path_id`, `level`) VALUES ('66', '66', '1');
INSERT INTO `PREFIX_DB_category_path` (`category_id`, `path_id`, `level`) VALUES ('88', '25', '0');
INSERT INTO `PREFIX_DB_category_path` (`category_id`, `path_id`, `level`) VALUES ('88', '68', '1');
INSERT INTO `PREFIX_DB_category_path` (`category_id`, `path_id`, `level`) VALUES ('88', '88', '2');
INSERT INTO `PREFIX_DB_category_path` (`category_id`, `path_id`, `level`) VALUES ('89', '25', '0');
INSERT INTO `PREFIX_DB_category_path` (`category_id`, `path_id`, `level`) VALUES ('89', '68', '1');
INSERT INTO `PREFIX_DB_category_path` (`category_id`, `path_id`, `level`) VALUES ('89', '89', '2');
INSERT INTO `PREFIX_DB_category_path` (`category_id`, `path_id`, `level`) VALUES ('90', '25', '0');
INSERT INTO `PREFIX_DB_category_path` (`category_id`, `path_id`, `level`) VALUES ('90', '59', '1');
INSERT INTO `PREFIX_DB_category_path` (`category_id`, `path_id`, `level`) VALUES ('90', '90', '2');
INSERT INTO `PREFIX_DB_category_path` (`category_id`, `path_id`, `level`) VALUES ('91', '25', '0');
INSERT INTO `PREFIX_DB_category_path` (`category_id`, `path_id`, `level`) VALUES ('91', '59', '1');
INSERT INTO `PREFIX_DB_category_path` (`category_id`, `path_id`, `level`) VALUES ('91', '91', '2');
INSERT INTO `PREFIX_DB_category_path` (`category_id`, `path_id`, `level`) VALUES ('92', '25', '0');
INSERT INTO `PREFIX_DB_category_path` (`category_id`, `path_id`, `level`) VALUES ('92', '59', '1');
INSERT INTO `PREFIX_DB_category_path` (`category_id`, `path_id`, `level`) VALUES ('92', '92', '2');
INSERT INTO `PREFIX_DB_category_path` (`category_id`, `path_id`, `level`) VALUES ('93', '25', '0');
INSERT INTO `PREFIX_DB_category_path` (`category_id`, `path_id`, `level`) VALUES ('93', '61', '1');
INSERT INTO `PREFIX_DB_category_path` (`category_id`, `path_id`, `level`) VALUES ('93', '93', '2');
INSERT INTO `PREFIX_DB_category_path` (`category_id`, `path_id`, `level`) VALUES ('94', '25', '0');
INSERT INTO `PREFIX_DB_category_path` (`category_id`, `path_id`, `level`) VALUES ('94', '61', '1');
INSERT INTO `PREFIX_DB_category_path` (`category_id`, `path_id`, `level`) VALUES ('94', '94', '2');
INSERT INTO `PREFIX_DB_category_path` (`category_id`, `path_id`, `level`) VALUES ('95', '25', '0');
INSERT INTO `PREFIX_DB_category_path` (`category_id`, `path_id`, `level`) VALUES ('95', '61', '1');
INSERT INTO `PREFIX_DB_category_path` (`category_id`, `path_id`, `level`) VALUES ('95', '95', '2');
INSERT INTO `PREFIX_DB_category_path` (`category_id`, `path_id`, `level`) VALUES ('96', '34', '0');
INSERT INTO `PREFIX_DB_category_path` (`category_id`, `path_id`, `level`) VALUES ('96', '96', '1');
INSERT INTO `PREFIX_DB_category_path` (`category_id`, `path_id`, `level`) VALUES ('97', '34', '0');
INSERT INTO `PREFIX_DB_category_path` (`category_id`, `path_id`, `level`) VALUES ('97', '97', '1');
INSERT INTO `PREFIX_DB_category_path` (`category_id`, `path_id`, `level`) VALUES ('98', '34', '0');
INSERT INTO `PREFIX_DB_category_path` (`category_id`, `path_id`, `level`) VALUES ('98', '98', '1');
INSERT INTO `PREFIX_DB_category_path` (`category_id`, `path_id`, `level`) VALUES ('100', '24', '0');
INSERT INTO `PREFIX_DB_category_path` (`category_id`, `path_id`, `level`) VALUES ('100', '100', '1');
INSERT INTO `PREFIX_DB_category_path` (`category_id`, `path_id`, `level`) VALUES ('101', '24', '0');
INSERT INTO `PREFIX_DB_category_path` (`category_id`, `path_id`, `level`) VALUES ('101', '101', '1');
INSERT INTO `PREFIX_DB_category_path` (`category_id`, `path_id`, `level`) VALUES ('102', '24', '0');
INSERT INTO `PREFIX_DB_category_path` (`category_id`, `path_id`, `level`) VALUES ('102', '102', '1');
INSERT INTO `PREFIX_DB_category_path` (`category_id`, `path_id`, `level`) VALUES ('103', '24', '0');
INSERT INTO `PREFIX_DB_category_path` (`category_id`, `path_id`, `level`) VALUES ('103', '103', '1');
INSERT INTO `PREFIX_DB_category_path` (`category_id`, `path_id`, `level`) VALUES ('104', '33', '0');
INSERT INTO `PREFIX_DB_category_path` (`category_id`, `path_id`, `level`) VALUES ('104', '104', '1');
INSERT INTO `PREFIX_DB_category_path` (`category_id`, `path_id`, `level`) VALUES ('105', '33', '0');
INSERT INTO `PREFIX_DB_category_path` (`category_id`, `path_id`, `level`) VALUES ('105', '105', '1');
INSERT INTO `PREFIX_DB_category_path` (`category_id`, `path_id`, `level`) VALUES ('106', '106', '1');
INSERT INTO `PREFIX_DB_category_path` (`category_id`, `path_id`, `level`) VALUES ('106', '33', '0');
INSERT INTO `PREFIX_DB_category_path` (`category_id`, `path_id`, `level`) VALUES ('107', '33', '0');
INSERT INTO `PREFIX_DB_category_path` (`category_id`, `path_id`, `level`) VALUES ('107', '107', '1');
INSERT INTO `PREFIX_DB_category_path` (`category_id`, `path_id`, `level`) VALUES ('108', '108', '1');
INSERT INTO `PREFIX_DB_category_path` (`category_id`, `path_id`, `level`) VALUES ('108', '20', '0');
INSERT INTO `PREFIX_DB_category_path` (`category_id`, `path_id`, `level`) VALUES ('109', '20', '0');
INSERT INTO `PREFIX_DB_category_path` (`category_id`, `path_id`, `level`) VALUES ('109', '108', '1');
INSERT INTO `PREFIX_DB_category_path` (`category_id`, `path_id`, `level`) VALUES ('109', '109', '2');
INSERT INTO `PREFIX_DB_category_path` (`category_id`, `path_id`, `level`) VALUES ('110', '20', '0');
INSERT INTO `PREFIX_DB_category_path` (`category_id`, `path_id`, `level`) VALUES ('110', '108', '1');
INSERT INTO `PREFIX_DB_category_path` (`category_id`, `path_id`, `level`) VALUES ('110', '110', '2');
INSERT INTO `PREFIX_DB_category_path` (`category_id`, `path_id`, `level`) VALUES ('111', '20', '0');
INSERT INTO `PREFIX_DB_category_path` (`category_id`, `path_id`, `level`) VALUES ('111', '108', '1');
INSERT INTO `PREFIX_DB_category_path` (`category_id`, `path_id`, `level`) VALUES ('111', '111', '2');
INSERT INTO `PREFIX_DB_category_path` (`category_id`, `path_id`, `level`) VALUES ('112', '112', '2');
INSERT INTO `PREFIX_DB_category_path` (`category_id`, `path_id`, `level`) VALUES ('112', '20', '0');
INSERT INTO `PREFIX_DB_category_path` (`category_id`, `path_id`, `level`) VALUES ('112', '108', '1');
INSERT INTO `PREFIX_DB_category_path` (`category_id`, `path_id`, `level`) VALUES ('113', '20', '0');
INSERT INTO `PREFIX_DB_category_path` (`category_id`, `path_id`, `level`) VALUES ('113', '113', '1');
INSERT INTO `PREFIX_DB_category_path` (`category_id`, `path_id`, `level`) VALUES ('114', '20', '0');
INSERT INTO `PREFIX_DB_category_path` (`category_id`, `path_id`, `level`) VALUES ('114', '113', '1');
INSERT INTO `PREFIX_DB_category_path` (`category_id`, `path_id`, `level`) VALUES ('114', '114', '2');
INSERT INTO `PREFIX_DB_category_path` (`category_id`, `path_id`, `level`) VALUES ('115', '20', '0');
INSERT INTO `PREFIX_DB_category_path` (`category_id`, `path_id`, `level`) VALUES ('115', '113', '1');
INSERT INTO `PREFIX_DB_category_path` (`category_id`, `path_id`, `level`) VALUES ('115', '115', '2');
INSERT INTO `PREFIX_DB_category_path` (`category_id`, `path_id`, `level`) VALUES ('116', '20', '0');
INSERT INTO `PREFIX_DB_category_path` (`category_id`, `path_id`, `level`) VALUES ('116', '113', '1');
INSERT INTO `PREFIX_DB_category_path` (`category_id`, `path_id`, `level`) VALUES ('116', '116', '2');
INSERT INTO `PREFIX_DB_category_path` (`category_id`, `path_id`, `level`) VALUES ('117', '20', '0');
INSERT INTO `PREFIX_DB_category_path` (`category_id`, `path_id`, `level`) VALUES ('117', '113', '1');
INSERT INTO `PREFIX_DB_category_path` (`category_id`, `path_id`, `level`) VALUES ('117', '116', '2');
INSERT INTO `PREFIX_DB_category_path` (`category_id`, `path_id`, `level`) VALUES ('117', '117', '3');
INSERT INTO `PREFIX_DB_category_path` (`category_id`, `path_id`, `level`) VALUES ('118', '118', '0');
INSERT INTO `PREFIX_DB_category_path` (`category_id`, `path_id`, `level`) VALUES ('119', '118', '0');
INSERT INTO `PREFIX_DB_category_path` (`category_id`, `path_id`, `level`) VALUES ('119', '119', '1');
INSERT INTO `PREFIX_DB_category_path` (`category_id`, `path_id`, `level`) VALUES ('120', '118', '0');
INSERT INTO `PREFIX_DB_category_path` (`category_id`, `path_id`, `level`) VALUES ('120', '120', '1');
INSERT INTO `PREFIX_DB_category_path` (`category_id`, `path_id`, `level`) VALUES ('121', '118', '0');
INSERT INTO `PREFIX_DB_category_path` (`category_id`, `path_id`, `level`) VALUES ('121', '121', '1');
INSERT INTO `PREFIX_DB_category_path` (`category_id`, `path_id`, `level`) VALUES ('122', '122', '1');
INSERT INTO `PREFIX_DB_category_path` (`category_id`, `path_id`, `level`) VALUES ('122', '118', '0');
INSERT INTO `PREFIX_DB_category_path` (`category_id`, `path_id`, `level`) VALUES ('123', '118', '0');
INSERT INTO `PREFIX_DB_category_path` (`category_id`, `path_id`, `level`) VALUES ('123', '123', '1');
INSERT INTO `PREFIX_DB_category_path` (`category_id`, `path_id`, `level`) VALUES ('129', '129', '0');
INSERT INTO `PREFIX_DB_category_path` (`category_id`, `path_id`, `level`) VALUES ('130', '129', '0');
INSERT INTO `PREFIX_DB_category_path` (`category_id`, `path_id`, `level`) VALUES ('130', '130', '1');


TRUNCATE TABLE `PREFIX_DB_category_to_layout`;

INSERT INTO `PREFIX_DB_category_to_layout` (`category_id`, `store_id`, `layout_id`) VALUES ('18', '0', '0');
INSERT INTO `PREFIX_DB_category_to_layout` (`category_id`, `store_id`, `layout_id`) VALUES ('59', '0', '0');
INSERT INTO `PREFIX_DB_category_to_layout` (`category_id`, `store_id`, `layout_id`) VALUES ('60', '0', '0');
INSERT INTO `PREFIX_DB_category_to_layout` (`category_id`, `store_id`, `layout_id`) VALUES ('61', '0', '0');
INSERT INTO `PREFIX_DB_category_to_layout` (`category_id`, `store_id`, `layout_id`) VALUES ('62', '0', '0');
INSERT INTO `PREFIX_DB_category_to_layout` (`category_id`, `store_id`, `layout_id`) VALUES ('63', '0', '0');
INSERT INTO `PREFIX_DB_category_to_layout` (`category_id`, `store_id`, `layout_id`) VALUES ('64', '0', '0');
INSERT INTO `PREFIX_DB_category_to_layout` (`category_id`, `store_id`, `layout_id`) VALUES ('65', '0', '0');
INSERT INTO `PREFIX_DB_category_to_layout` (`category_id`, `store_id`, `layout_id`) VALUES ('66', '0', '0');
INSERT INTO `PREFIX_DB_category_to_layout` (`category_id`, `store_id`, `layout_id`) VALUES ('25', '0', '0');
INSERT INTO `PREFIX_DB_category_to_layout` (`category_id`, `store_id`, `layout_id`) VALUES ('32', '0', '0');
INSERT INTO `PREFIX_DB_category_to_layout` (`category_id`, `store_id`, `layout_id`) VALUES ('67', '0', '0');
INSERT INTO `PREFIX_DB_category_to_layout` (`category_id`, `store_id`, `layout_id`) VALUES ('69', '0', '0');
INSERT INTO `PREFIX_DB_category_to_layout` (`category_id`, `store_id`, `layout_id`) VALUES ('70', '0', '0');
INSERT INTO `PREFIX_DB_category_to_layout` (`category_id`, `store_id`, `layout_id`) VALUES ('71', '0', '0');
INSERT INTO `PREFIX_DB_category_to_layout` (`category_id`, `store_id`, `layout_id`) VALUES ('72', '0', '0');
INSERT INTO `PREFIX_DB_category_to_layout` (`category_id`, `store_id`, `layout_id`) VALUES ('73', '0', '0');
INSERT INTO `PREFIX_DB_category_to_layout` (`category_id`, `store_id`, `layout_id`) VALUES ('74', '0', '0');
INSERT INTO `PREFIX_DB_category_to_layout` (`category_id`, `store_id`, `layout_id`) VALUES ('75', '0', '0');
INSERT INTO `PREFIX_DB_category_to_layout` (`category_id`, `store_id`, `layout_id`) VALUES ('76', '0', '0');
INSERT INTO `PREFIX_DB_category_to_layout` (`category_id`, `store_id`, `layout_id`) VALUES ('77', '0', '0');
INSERT INTO `PREFIX_DB_category_to_layout` (`category_id`, `store_id`, `layout_id`) VALUES ('78', '0', '0');
INSERT INTO `PREFIX_DB_category_to_layout` (`category_id`, `store_id`, `layout_id`) VALUES ('79', '0', '0');
INSERT INTO `PREFIX_DB_category_to_layout` (`category_id`, `store_id`, `layout_id`) VALUES ('88', '0', '0');
INSERT INTO `PREFIX_DB_category_to_layout` (`category_id`, `store_id`, `layout_id`) VALUES ('89', '0', '0');
INSERT INTO `PREFIX_DB_category_to_layout` (`category_id`, `store_id`, `layout_id`) VALUES ('90', '0', '0');
INSERT INTO `PREFIX_DB_category_to_layout` (`category_id`, `store_id`, `layout_id`) VALUES ('91', '0', '0');
INSERT INTO `PREFIX_DB_category_to_layout` (`category_id`, `store_id`, `layout_id`) VALUES ('92', '0', '0');
INSERT INTO `PREFIX_DB_category_to_layout` (`category_id`, `store_id`, `layout_id`) VALUES ('93', '0', '0');
INSERT INTO `PREFIX_DB_category_to_layout` (`category_id`, `store_id`, `layout_id`) VALUES ('94', '0', '0');
INSERT INTO `PREFIX_DB_category_to_layout` (`category_id`, `store_id`, `layout_id`) VALUES ('95', '0', '0');
INSERT INTO `PREFIX_DB_category_to_layout` (`category_id`, `store_id`, `layout_id`) VALUES ('34', '0', '0');
INSERT INTO `PREFIX_DB_category_to_layout` (`category_id`, `store_id`, `layout_id`) VALUES ('24', '0', '0');
INSERT INTO `PREFIX_DB_category_to_layout` (`category_id`, `store_id`, `layout_id`) VALUES ('96', '0', '0');
INSERT INTO `PREFIX_DB_category_to_layout` (`category_id`, `store_id`, `layout_id`) VALUES ('97', '0', '0');
INSERT INTO `PREFIX_DB_category_to_layout` (`category_id`, `store_id`, `layout_id`) VALUES ('98', '0', '0');
INSERT INTO `PREFIX_DB_category_to_layout` (`category_id`, `store_id`, `layout_id`) VALUES ('100', '0', '0');
INSERT INTO `PREFIX_DB_category_to_layout` (`category_id`, `store_id`, `layout_id`) VALUES ('101', '0', '0');
INSERT INTO `PREFIX_DB_category_to_layout` (`category_id`, `store_id`, `layout_id`) VALUES ('102', '0', '0');
INSERT INTO `PREFIX_DB_category_to_layout` (`category_id`, `store_id`, `layout_id`) VALUES ('103', '0', '0');
INSERT INTO `PREFIX_DB_category_to_layout` (`category_id`, `store_id`, `layout_id`) VALUES ('104', '0', '0');
INSERT INTO `PREFIX_DB_category_to_layout` (`category_id`, `store_id`, `layout_id`) VALUES ('105', '1', '0');
INSERT INTO `PREFIX_DB_category_to_layout` (`category_id`, `store_id`, `layout_id`) VALUES ('106', '0', '0');
INSERT INTO `PREFIX_DB_category_to_layout` (`category_id`, `store_id`, `layout_id`) VALUES ('107', '0', '0');
INSERT INTO `PREFIX_DB_category_to_layout` (`category_id`, `store_id`, `layout_id`) VALUES ('108', '0', '0');
INSERT INTO `PREFIX_DB_category_to_layout` (`category_id`, `store_id`, `layout_id`) VALUES ('109', '0', '0');
INSERT INTO `PREFIX_DB_category_to_layout` (`category_id`, `store_id`, `layout_id`) VALUES ('110', '0', '0');
INSERT INTO `PREFIX_DB_category_to_layout` (`category_id`, `store_id`, `layout_id`) VALUES ('111', '0', '0');
INSERT INTO `PREFIX_DB_category_to_layout` (`category_id`, `store_id`, `layout_id`) VALUES ('112', '0', '0');
INSERT INTO `PREFIX_DB_category_to_layout` (`category_id`, `store_id`, `layout_id`) VALUES ('114', '0', '0');
INSERT INTO `PREFIX_DB_category_to_layout` (`category_id`, `store_id`, `layout_id`) VALUES ('115', '0', '0');
INSERT INTO `PREFIX_DB_category_to_layout` (`category_id`, `store_id`, `layout_id`) VALUES ('116', '0', '0');
INSERT INTO `PREFIX_DB_category_to_layout` (`category_id`, `store_id`, `layout_id`) VALUES ('117', '0', '0');
INSERT INTO `PREFIX_DB_category_to_layout` (`category_id`, `store_id`, `layout_id`) VALUES ('119', '0', '0');
INSERT INTO `PREFIX_DB_category_to_layout` (`category_id`, `store_id`, `layout_id`) VALUES ('120', '0', '0');
INSERT INTO `PREFIX_DB_category_to_layout` (`category_id`, `store_id`, `layout_id`) VALUES ('121', '0', '0');
INSERT INTO `PREFIX_DB_category_to_layout` (`category_id`, `store_id`, `layout_id`) VALUES ('122', '0', '0');
INSERT INTO `PREFIX_DB_category_to_layout` (`category_id`, `store_id`, `layout_id`) VALUES ('123', '0', '0');
INSERT INTO `PREFIX_DB_category_to_layout` (`category_id`, `store_id`, `layout_id`) VALUES ('129', '0', '0');
INSERT INTO `PREFIX_DB_category_to_layout` (`category_id`, `store_id`, `layout_id`) VALUES ('130', '0', '0');
INSERT INTO `PREFIX_DB_category_to_layout` (`category_id`, `store_id`, `layout_id`) VALUES ('130', '1', '0');
INSERT INTO `PREFIX_DB_category_to_layout` (`category_id`, `store_id`, `layout_id`) VALUES ('20', '0', '0');
INSERT INTO `PREFIX_DB_category_to_layout` (`category_id`, `store_id`, `layout_id`) VALUES ('113', '0', '0');
INSERT INTO `PREFIX_DB_category_to_layout` (`category_id`, `store_id`, `layout_id`) VALUES ('118', '0', '0');
INSERT INTO `PREFIX_DB_category_to_layout` (`category_id`, `store_id`, `layout_id`) VALUES ('68', '0', '0');
INSERT INTO `PREFIX_DB_category_to_layout` (`category_id`, `store_id`, `layout_id`) VALUES ('33', '0', '0');
INSERT INTO `PREFIX_DB_category_to_layout` (`category_id`, `store_id`, `layout_id`) VALUES ('72', '1', '0');
INSERT INTO `PREFIX_DB_category_to_layout` (`category_id`, `store_id`, `layout_id`) VALUES ('105', '0', '0');


TRUNCATE TABLE `PREFIX_DB_category_to_store`;

INSERT INTO `PREFIX_DB_category_to_store` (`category_id`, `store_id`) VALUES ('18', '0');
INSERT INTO `PREFIX_DB_category_to_store` (`category_id`, `store_id`) VALUES ('20', '0');
INSERT INTO `PREFIX_DB_category_to_store` (`category_id`, `store_id`) VALUES ('24', '0');
INSERT INTO `PREFIX_DB_category_to_store` (`category_id`, `store_id`) VALUES ('25', '0');
INSERT INTO `PREFIX_DB_category_to_store` (`category_id`, `store_id`) VALUES ('32', '0');
INSERT INTO `PREFIX_DB_category_to_store` (`category_id`, `store_id`) VALUES ('33', '0');
INSERT INTO `PREFIX_DB_category_to_store` (`category_id`, `store_id`) VALUES ('34', '0');
INSERT INTO `PREFIX_DB_category_to_store` (`category_id`, `store_id`) VALUES ('45', '0');
INSERT INTO `PREFIX_DB_category_to_store` (`category_id`, `store_id`) VALUES ('46', '0');
INSERT INTO `PREFIX_DB_category_to_store` (`category_id`, `store_id`) VALUES ('59', '0');
INSERT INTO `PREFIX_DB_category_to_store` (`category_id`, `store_id`) VALUES ('60', '0');
INSERT INTO `PREFIX_DB_category_to_store` (`category_id`, `store_id`) VALUES ('61', '0');
INSERT INTO `PREFIX_DB_category_to_store` (`category_id`, `store_id`) VALUES ('62', '0');
INSERT INTO `PREFIX_DB_category_to_store` (`category_id`, `store_id`) VALUES ('63', '0');
INSERT INTO `PREFIX_DB_category_to_store` (`category_id`, `store_id`) VALUES ('64', '0');
INSERT INTO `PREFIX_DB_category_to_store` (`category_id`, `store_id`) VALUES ('65', '0');
INSERT INTO `PREFIX_DB_category_to_store` (`category_id`, `store_id`) VALUES ('66', '0');
INSERT INTO `PREFIX_DB_category_to_store` (`category_id`, `store_id`) VALUES ('67', '0');
INSERT INTO `PREFIX_DB_category_to_store` (`category_id`, `store_id`) VALUES ('68', '0');
INSERT INTO `PREFIX_DB_category_to_store` (`category_id`, `store_id`) VALUES ('69', '0');
INSERT INTO `PREFIX_DB_category_to_store` (`category_id`, `store_id`) VALUES ('70', '0');
INSERT INTO `PREFIX_DB_category_to_store` (`category_id`, `store_id`) VALUES ('71', '0');
INSERT INTO `PREFIX_DB_category_to_store` (`category_id`, `store_id`) VALUES ('72', '0');
INSERT INTO `PREFIX_DB_category_to_store` (`category_id`, `store_id`) VALUES ('73', '0');
INSERT INTO `PREFIX_DB_category_to_store` (`category_id`, `store_id`) VALUES ('74', '0');
INSERT INTO `PREFIX_DB_category_to_store` (`category_id`, `store_id`) VALUES ('75', '0');
INSERT INTO `PREFIX_DB_category_to_store` (`category_id`, `store_id`) VALUES ('76', '0');
INSERT INTO `PREFIX_DB_category_to_store` (`category_id`, `store_id`) VALUES ('77', '0');
INSERT INTO `PREFIX_DB_category_to_store` (`category_id`, `store_id`) VALUES ('78', '0');
INSERT INTO `PREFIX_DB_category_to_store` (`category_id`, `store_id`) VALUES ('79', '0');
INSERT INTO `PREFIX_DB_category_to_store` (`category_id`, `store_id`) VALUES ('88', '0');
INSERT INTO `PREFIX_DB_category_to_store` (`category_id`, `store_id`) VALUES ('89', '0');
INSERT INTO `PREFIX_DB_category_to_store` (`category_id`, `store_id`) VALUES ('90', '0');
INSERT INTO `PREFIX_DB_category_to_store` (`category_id`, `store_id`) VALUES ('91', '0');
INSERT INTO `PREFIX_DB_category_to_store` (`category_id`, `store_id`) VALUES ('92', '0');
INSERT INTO `PREFIX_DB_category_to_store` (`category_id`, `store_id`) VALUES ('93', '0');
INSERT INTO `PREFIX_DB_category_to_store` (`category_id`, `store_id`) VALUES ('94', '0');
INSERT INTO `PREFIX_DB_category_to_store` (`category_id`, `store_id`) VALUES ('95', '0');
INSERT INTO `PREFIX_DB_category_to_store` (`category_id`, `store_id`) VALUES ('96', '0');
INSERT INTO `PREFIX_DB_category_to_store` (`category_id`, `store_id`) VALUES ('97', '0');
INSERT INTO `PREFIX_DB_category_to_store` (`category_id`, `store_id`) VALUES ('98', '0');
INSERT INTO `PREFIX_DB_category_to_store` (`category_id`, `store_id`) VALUES ('100', '0');
INSERT INTO `PREFIX_DB_category_to_store` (`category_id`, `store_id`) VALUES ('101', '0');
INSERT INTO `PREFIX_DB_category_to_store` (`category_id`, `store_id`) VALUES ('102', '0');
INSERT INTO `PREFIX_DB_category_to_store` (`category_id`, `store_id`) VALUES ('103', '0');
INSERT INTO `PREFIX_DB_category_to_store` (`category_id`, `store_id`) VALUES ('104', '0');
INSERT INTO `PREFIX_DB_category_to_store` (`category_id`, `store_id`) VALUES ('105', '0');
INSERT INTO `PREFIX_DB_category_to_store` (`category_id`, `store_id`) VALUES ('106', '0');
INSERT INTO `PREFIX_DB_category_to_store` (`category_id`, `store_id`) VALUES ('107', '0');
INSERT INTO `PREFIX_DB_category_to_store` (`category_id`, `store_id`) VALUES ('108', '0');
INSERT INTO `PREFIX_DB_category_to_store` (`category_id`, `store_id`) VALUES ('109', '0');
INSERT INTO `PREFIX_DB_category_to_store` (`category_id`, `store_id`) VALUES ('110', '0');
INSERT INTO `PREFIX_DB_category_to_store` (`category_id`, `store_id`) VALUES ('111', '0');
INSERT INTO `PREFIX_DB_category_to_store` (`category_id`, `store_id`) VALUES ('112', '0');
INSERT INTO `PREFIX_DB_category_to_store` (`category_id`, `store_id`) VALUES ('113', '0');
INSERT INTO `PREFIX_DB_category_to_store` (`category_id`, `store_id`) VALUES ('114', '0');
INSERT INTO `PREFIX_DB_category_to_store` (`category_id`, `store_id`) VALUES ('115', '0');
INSERT INTO `PREFIX_DB_category_to_store` (`category_id`, `store_id`) VALUES ('116', '0');
INSERT INTO `PREFIX_DB_category_to_store` (`category_id`, `store_id`) VALUES ('117', '0');
INSERT INTO `PREFIX_DB_category_to_store` (`category_id`, `store_id`) VALUES ('118', '0');
INSERT INTO `PREFIX_DB_category_to_store` (`category_id`, `store_id`) VALUES ('119', '0');
INSERT INTO `PREFIX_DB_category_to_store` (`category_id`, `store_id`) VALUES ('120', '0');
INSERT INTO `PREFIX_DB_category_to_store` (`category_id`, `store_id`) VALUES ('121', '0');
INSERT INTO `PREFIX_DB_category_to_store` (`category_id`, `store_id`) VALUES ('122', '0');
INSERT INTO `PREFIX_DB_category_to_store` (`category_id`, `store_id`) VALUES ('123', '0');
INSERT INTO `PREFIX_DB_category_to_store` (`category_id`, `store_id`) VALUES ('129', '0');
INSERT INTO `PREFIX_DB_category_to_store` (`category_id`, `store_id`) VALUES ('130', '0');



TRUNCATE TABLE `PREFIX_DB_coupon`;

INSERT INTO `PREFIX_DB_coupon` (`coupon_id`, `name`, `code`, `type`, `discount`, `logged`, `shipping`, `total`, `date_start`, `date_end`, `uses_total`, `uses_customer`, `status`, `date_added`) VALUES ('4', '-10% скидка', '2222', 'P', '10.0000', '0', '0', '0.0000', '2011-01-01', '2012-01-01', '10', '10', '1', '2009-01-27 13:55:03');
INSERT INTO `PREFIX_DB_coupon` (`coupon_id`, `name`, `code`, `type`, `discount`, `logged`, `shipping`, `total`, `date_start`, `date_end`, `uses_total`, `uses_customer`, `status`, `date_added`) VALUES ('5', 'Бесплатная доставка', '3333', 'P', '0.0000', '0', '1', '100.0000', '2009-03-01', '2009-08-31', '10', '10', '1', '2009-03-14 21:13:53');
INSERT INTO `PREFIX_DB_coupon` (`coupon_id`, `name`, `code`, `type`, `discount`, `logged`, `shipping`, `total`, `date_start`, `date_end`, `uses_total`, `uses_customer`, `status`, `date_added`) VALUES ('6', '-10.00 скидка', '1111', 'F', '10.0000', '0', '0', '10.0000', '1970-11-01', '2020-11-01', '100000', '10000', '1', '2009-03-14 21:15:18');




TRUNCATE TABLE `PREFIX_DB_extension`;

INSERT INTO `PREFIX_DB_extension` (`extension_id`, `type`, `code`) VALUES ('1', 'payment', 'cod');
INSERT INTO `PREFIX_DB_extension` (`extension_id`, `type`, `code`) VALUES ('2', 'total', 'shipping');
INSERT INTO `PREFIX_DB_extension` (`extension_id`, `type`, `code`) VALUES ('3', 'total', 'sub_total');
INSERT INTO `PREFIX_DB_extension` (`extension_id`, `type`, `code`) VALUES ('4', 'total', 'tax');
INSERT INTO `PREFIX_DB_extension` (`extension_id`, `type`, `code`) VALUES ('5', 'total', 'total');
INSERT INTO `PREFIX_DB_extension` (`extension_id`, `type`, `code`) VALUES ('6', 'module', 'banner');
INSERT INTO `PREFIX_DB_extension` (`extension_id`, `type`, `code`) VALUES ('7', 'module', 'carousel');
INSERT INTO `PREFIX_DB_extension` (`extension_id`, `type`, `code`) VALUES ('8', 'total', 'credit');
INSERT INTO `PREFIX_DB_extension` (`extension_id`, `type`, `code`) VALUES ('9', 'shipping', 'flat');
INSERT INTO `PREFIX_DB_extension` (`extension_id`, `type`, `code`) VALUES ('10', 'total', 'handling');
INSERT INTO `PREFIX_DB_extension` (`extension_id`, `type`, `code`) VALUES ('11', 'total', 'low_order_fee');
INSERT INTO `PREFIX_DB_extension` (`extension_id`, `type`, `code`) VALUES ('12', 'total', 'coupon');
INSERT INTO `PREFIX_DB_extension` (`extension_id`, `type`, `code`) VALUES ('13', 'module', 'category');
INSERT INTO `PREFIX_DB_extension` (`extension_id`, `type`, `code`) VALUES ('14', 'module', 'account');
INSERT INTO `PREFIX_DB_extension` (`extension_id`, `type`, `code`) VALUES ('15', 'total', 'reward');
INSERT INTO `PREFIX_DB_extension` (`extension_id`, `type`, `code`) VALUES ('16', 'total', 'voucher');
INSERT INTO `PREFIX_DB_extension` (`extension_id`, `type`, `code`) VALUES ('17', 'payment', 'free_checkout');
INSERT INTO `PREFIX_DB_extension` (`extension_id`, `type`, `code`) VALUES ('37', 'module', 'featured');
INSERT INTO `PREFIX_DB_extension` (`extension_id`, `type`, `code`) VALUES ('19', 'module', 'slideshow');
INSERT INTO `PREFIX_DB_extension` (`extension_id`, `type`, `code`) VALUES ('81', 'theme', 'aurus');
INSERT INTO `PREFIX_DB_extension` (`extension_id`, `type`, `code`) VALUES ('21', 'dashboard', 'activity');
INSERT INTO `PREFIX_DB_extension` (`extension_id`, `type`, `code`) VALUES ('22', 'dashboard', 'sale');
INSERT INTO `PREFIX_DB_extension` (`extension_id`, `type`, `code`) VALUES ('23', 'dashboard', 'recent');
INSERT INTO `PREFIX_DB_extension` (`extension_id`, `type`, `code`) VALUES ('24', 'dashboard', 'order');
INSERT INTO `PREFIX_DB_extension` (`extension_id`, `type`, `code`) VALUES ('25', 'dashboard', 'online');
INSERT INTO `PREFIX_DB_extension` (`extension_id`, `type`, `code`) VALUES ('26', 'dashboard', 'map');
INSERT INTO `PREFIX_DB_extension` (`extension_id`, `type`, `code`) VALUES ('27', 'dashboard', 'customer');
INSERT INTO `PREFIX_DB_extension` (`extension_id`, `type`, `code`) VALUES ('28', 'dashboard', 'chart');
INSERT INTO `PREFIX_DB_extension` (`extension_id`, `type`, `code`) VALUES ('95', 'module', 'aridiusinstock');
INSERT INTO `PREFIX_DB_extension` (`extension_id`, `type`, `code`) VALUES ('91', 'module', 'aridius_category_footer');
INSERT INTO `PREFIX_DB_extension` (`extension_id`, `type`, `code`) VALUES ('92', 'module', 'aridius_review_category');
INSERT INTO `PREFIX_DB_extension` (`extension_id`, `type`, `code`) VALUES ('93', 'module', 'aridius_store_review');
INSERT INTO `PREFIX_DB_extension` (`extension_id`, `type`, `code`) VALUES ('94', 'module', 'aridius_letters');
INSERT INTO `PREFIX_DB_extension` (`extension_id`, `type`, `code`) VALUES ('38', 'module', 'special');
INSERT INTO `PREFIX_DB_extension` (`extension_id`, `type`, `code`) VALUES ('96', 'module', 'aridius_faq');
INSERT INTO `PREFIX_DB_extension` (`extension_id`, `type`, `code`) VALUES ('97', 'module', 'aridius_icons');
INSERT INTO `PREFIX_DB_extension` (`extension_id`, `type`, `code`) VALUES ('55', 'module', 'bestseller');
INSERT INTO `PREFIX_DB_extension` (`extension_id`, `type`, `code`) VALUES ('56', 'module', 'latest');
INSERT INTO `PREFIX_DB_extension` (`extension_id`, `type`, `code`) VALUES ('86', 'module', 'aridiuscallback');
INSERT INTO `PREFIX_DB_extension` (`extension_id`, `type`, `code`) VALUES ('87', 'module', 'aridiusfastorder');
INSERT INTO `PREFIX_DB_extension` (`extension_id`, `type`, `code`) VALUES ('88', 'module', 'aridius_livesearch');
INSERT INTO `PREFIX_DB_extension` (`extension_id`, `type`, `code`) VALUES ('89', 'module', 'aridiusundersell');
INSERT INTO `PREFIX_DB_extension` (`extension_id`, `type`, `code`) VALUES ('90', 'module', 'aridius_category_accordion');
INSERT INTO `PREFIX_DB_extension` (`extension_id`, `type`, `code`) VALUES ('75', 'module', 'filter');
INSERT INTO `PREFIX_DB_extension` (`extension_id`, `type`, `code`) VALUES ('85', 'module', 'aridius_news');
INSERT INTO `PREFIX_DB_extension` (`extension_id`, `type`, `code`) VALUES ('98', 'module', 'aridius_tab');
INSERT INTO `PREFIX_DB_extension` (`extension_id`, `type`, `code`) VALUES ('99', 'module', 'aridius_catwall');
INSERT INTO `PREFIX_DB_extension` (`extension_id`, `type`, `code`) VALUES ('100', 'module', 'aridius_special');
INSERT INTO `PREFIX_DB_extension` (`extension_id`, `type`, `code`) VALUES ('101', 'module', 'aridius_pr_review');
INSERT INTO `PREFIX_DB_extension` (`extension_id`, `type`, `code`) VALUES ('102', 'module', 'aridius_text_home');
INSERT INTO `PREFIX_DB_extension` (`extension_id`, `type`, `code`) VALUES ('103', 'module', 'aridius_news_category');
INSERT INTO `PREFIX_DB_extension` (`extension_id`, `type`, `code`) VALUES ('104', 'module', 'aridius_viewed');
INSERT INTO `PREFIX_DB_extension` (`extension_id`, `type`, `code`) VALUES ('105', 'module', 'aridius_popupmail');
INSERT INTO `PREFIX_DB_extension` (`extension_id`, `type`, `code`) VALUES ('107', 'module', 'aridius_qckview');


TRUNCATE TABLE `PREFIX_DB_information`;

INSERT INTO `PREFIX_DB_information` (`information_id`, `bottom`, `sort_order`, `status`) VALUES ('3', '1', '3', '1');
INSERT INTO `PREFIX_DB_information` (`information_id`, `bottom`, `sort_order`, `status`) VALUES ('4', '1', '1', '1');
INSERT INTO `PREFIX_DB_information` (`information_id`, `bottom`, `sort_order`, `status`) VALUES ('5', '1', '4', '1');
INSERT INTO `PREFIX_DB_information` (`information_id`, `bottom`, `sort_order`, `status`) VALUES ('6', '1', '2', '1');
INSERT INTO `PREFIX_DB_information` (`information_id`, `bottom`, `sort_order`, `status`) VALUES ('7', '0', '100', '1');


TRUNCATE TABLE `PREFIX_DB_information_description`;

INSERT INTO `PREFIX_DB_information_description` (`information_id`, `language_id`, `title`, `description`, `meta_title`, `meta_h1`, `meta_description`, `meta_keyword`) VALUES ('7', '1', 'Согласие на обработку персональных данных', '&lt;p&gt;Предоставляя свои персональные данные при регистрации на сайте, Покупатель даёт Продавцу своё согласие на обработку и использование своих персональных данных согласно ФЗ № 152-ФЗ «О персональных данных» от 27.07.2006 г. различными способами в целях, указанных в настоящих Правилах.&lt;/p&gt;&lt;p&gt;&lt;br&gt;&lt;/p&gt;', 'Согласие на обработку персональных данных', 'Согласие на обработку персональных данных', 'Согласие на обработку персональных данных', 'Согласие на обработку персональных данных');
INSERT INTO `PREFIX_DB_information_description` (`information_id`, `language_id`, `title`, `description`, `meta_title`, `meta_h1`, `meta_description`, `meta_keyword`) VALUES ('7', '2', 'Согласие на обработку персональных данных', '&lt;p&gt;Предоставляя свои персональные данные при регистрации на сайте, Покупатель даёт Продавцу своё согласие на обработку и использование своих персональных данных согласно ФЗ № 152-ФЗ «О персональных данных» от 27.07.2006 г. различными способами в целях, указанных в настоящих Правилах.&lt;/p&gt;&lt;p&gt;&lt;br&gt;&lt;/p&gt;&lt;p&gt;&lt;br&gt;&lt;/p&gt;&lt;p&gt;&lt;br&gt;&lt;/p&gt;', 'Согласие на обработку персональных данных', 'Согласие на обработку персональных данных', 'Согласие на обработку персональных данных', 'Согласие на обработку персональных данных');
INSERT INTO `PREFIX_DB_information_description` (`information_id`, `language_id`, `title`, `description`, `meta_title`, `meta_h1`, `meta_description`, `meta_keyword`) VALUES ('6', '1', 'Информация о доставке', '&lt;div align=&quot;justify&quot;&gt;Интернет-магазины обычно позволяют покупателям использовать функции «поиска», чтобы найти конкретные модели, бренды или предметы. &lt;br&gt;Когда онлайн-магазин настроен на то, чтобы позволить компаниям покупать у других компаний, этот процесс называется онлайн-магазинами бизнес для бизнеса (B2B). Типичный интернет-магазин позволяет клиенту просматривать ассортимент продуктов и услуг фирмы, просматривать фотографии или изображения продуктов, а также информацию о технических характеристиках продукта и ценах.&lt;br&gt;&lt;/div&gt;&lt;p align=&quot;justify&quot;&gt;&lt;/p&gt;&lt;p align=&quot;justify&quot;&gt;Интернет-магазин (англ. online shop или e-shop) — сайт, торгующий товарами посредством сети Интернет. Позволяет пользователям онлайн, в своём браузере или через мобильное приложение, сформировать заказ на покупку, выбрать способ оплаты и доставки заказа, оплатить заказ. При этом продажа товаров осуществляется дистанционным способом и она накладывает ограничения на продаваемые товары. Так, в некоторых странах имеется запрет на интернет-торговлю алкоголем, оружием, ювелирными изделиями и другими товарами (к примеру, в России запрещена дистанционная продажа алкоголя, ювелирных изделий и других товаров, свободная реализация которых запрещена или ограничена).&lt;/p&gt;&lt;p align=&quot;justify&quot;&gt;Интернет-магазины обычно позволяют покупателям использовать функции «поиска», чтобы найти конкретные модели, бренды или предметы. &lt;br&gt;Когда онлайн-магазин настроен на то, чтобы позволить компаниям покупать у других компаний, этот процесс называется онлайн-магазинами бизнес для бизнеса (B2B). Типичный интернет-магазин позволяет клиенту просматривать ассортимент продуктов и услуг фирмы, просматривать фотографии или изображения продуктов, а также информацию о технических характеристиках продукта и ценах.&lt;br&gt;&lt;/p&gt;&lt;p align=&quot;justify&quot;&gt;Интернет-магазин (англ. online shop или e-shop) — сайт, торгующий товарами посредством сети Интернет. Позволяет пользователям онлайн, в своём браузере или через мобильное приложение, сформировать заказ на покупку, выбрать способ оплаты и доставки заказа, оплатить заказ. При этом продажа товаров осуществляется дистанционным способом и она накладывает ограничения на продаваемые товары. Так, в некоторых странах имеется запрет на интернет-торговлю алкоголем, оружием, ювелирными изделиями и другими товарами (к примеру, в России запрещена дистанционная продажа алкоголя, ювелирных изделий и других товаров, свободная реализация которых запрещена или ограничена).&lt;/p&gt;&lt;p align=&quot;justify&quot;&gt;Интернет-магазины обычно позволяют покупателям использовать функции «поиска», чтобы найти конкретные модели, бренды или предметы. &lt;br&gt;Когда онлайн-магазин настроен на то, чтобы позволить компаниям покупать у других компаний, этот процесс называется онлайн-магазинами бизнес для бизнеса (B2B). Типичный интернет-магазин позволяет клиенту просматривать ассортимент продуктов и услуг фирмы, просматривать фотографии или изображения продуктов, а также информацию о технических характеристиках продукта и ценах.&lt;br&gt;&lt;/p&gt;&lt;p align=&quot;justify&quot;&gt;&lt;br&gt;&lt;/p&gt;&lt;p align=&quot;justify&quot;&gt;Интернет-магазин (англ. online shop или e-shop) — сайт, торгующий товарами посредством сети Интернет. Позволяет пользователям онлайн, в своём браузере или через мобильное приложение, сформировать заказ на покупку, выбрать способ оплаты и доставки заказа, оплатить заказ. При этом продажа товаров осуществляется дистанционным способом и она накладывает ограничения на продаваемые товары. Так, в некоторых странах имеется запрет на интернет-торговлю алкоголем, оружием, ювелирными изделиями и другими товарами (к примеру, в России запрещена дистанционная продажа алкоголя, ювелирных изделий и других товаров, свободная реализация которых запрещена или ограничена).&lt;/p&gt;&lt;p align=&quot;justify&quot;&gt;&lt;br&gt;&lt;/p&gt;&lt;p align=&quot;justify&quot;&gt;&lt;span style=&quot;color: rgb(119, 119, 119); font-family: Roboto, sans-serif; font-size: 14px;&quot;&gt;&lt;/span&gt;&lt;/p&gt;', '', '', '', '');
INSERT INTO `PREFIX_DB_information_description` (`information_id`, `language_id`, `title`, `description`, `meta_title`, `meta_h1`, `meta_description`, `meta_keyword`) VALUES ('4', '1', 'О нас', '&lt;div align=&quot;justify&quot;&gt;&lt;br&gt;&lt;/div&gt;&lt;div align=&quot;justify&quot;&gt;Интернет-магазины обычно позволяют покупателям использовать функции «поиска», чтобы найти конкретные модели, бренды или предметы. &lt;br&gt;Когда онлайн-магазин настроен на то, чтобы позволить компаниям покупать у других компаний, этот процесс называется онлайн-магазинами бизнес для бизнеса (B2B). Типичный интернет-магазин позволяет клиенту просматривать ассортимент продуктов и услуг фирмы, просматривать фотографии или изображения продуктов, а также информацию о технических характеристиках продукта и ценах.&lt;br&gt;&lt;/div&gt;&lt;div align=&quot;justify&quot;&gt;&lt;br&gt;&lt;/div&gt;&lt;p align=&quot;justify&quot;&gt;Интернет-магазин (англ. online shop или e-shop) — сайт, торгующий товарами посредством сети Интернет. Позволяет пользователям онлайн, в своём браузере или через мобильное приложение, сформировать заказ на покупку, выбрать способ оплаты и доставки заказа, оплатить заказ. При этом продажа товаров осуществляется дистанционным способом и она накладывает ограничения на продаваемые товары. Так, в некоторых странах имеется запрет на интернет-торговлю алкоголем, оружием, ювелирными изделиями и другими товарами (к примеру, в России запрещена дистанционная продажа алкоголя, ювелирных изделий и других товаров, свободная реализация которых запрещена или ограничена).&lt;/p&gt;&lt;div align=&quot;justify&quot;&gt;&lt;br&gt;&lt;/div&gt;&lt;p align=&quot;justify&quot;&gt;Интернет-магазины обычно позволяют покупателям использовать функции «поиска», чтобы найти конкретные модели, бренды или предметы. &lt;br&gt;Когда онлайн-магазин настроен на то, чтобы позволить компаниям покупать у других компаний, этот процесс называется онлайн-магазинами бизнес для бизнеса (B2B). Типичный интернет-магазин позволяет клиенту просматривать ассортимент продуктов и услуг фирмы, просматривать фотографии или изображения продуктов, а также информацию о технических характеристиках продукта и ценах.&lt;br&gt;&lt;/p&gt;&lt;div align=&quot;justify&quot;&gt;&lt;br&gt;&lt;/div&gt;&lt;p align=&quot;justify&quot;&gt;Интернет-магазин (англ. online shop или e-shop) — сайт, торгующий товарами посредством сети Интернет. Позволяет пользователям онлайн, в своём браузере или через мобильное приложение, сформировать заказ на покупку, выбрать способ оплаты и доставки заказа, оплатить заказ. При этом продажа товаров осуществляется дистанционным способом и она накладывает ограничения на продаваемые товары. Так, в некоторых странах имеется запрет на интернет-торговлю алкоголем, оружием, ювелирными изделиями и другими товарами (к примеру, в России запрещена дистанционная продажа алкоголя, ювелирных изделий и других товаров, свободная реализация которых запрещена или ограничена).&lt;/p&gt;&lt;div align=&quot;justify&quot;&gt;&lt;br&gt;&lt;/div&gt;&lt;p align=&quot;justify&quot;&gt;Интернет-магазины обычно позволяют покупателям использовать функции «поиска», чтобы найти конкретные модели, бренды или предметы. &lt;br&gt;Когда онлайн-магазин настроен на то, чтобы позволить компаниям покупать у других компаний, этот процесс называется онлайн-магазинами бизнес для бизнеса (B2B). Типичный интернет-магазин позволяет клиенту просматривать ассортимент продуктов и услуг фирмы, просматривать фотографии или изображения продуктов, а также информацию о технических характеристиках продукта и ценах.&lt;br&gt;&lt;/p&gt;&lt;div align=&quot;justify&quot;&gt;&lt;br&gt;&lt;/div&gt;&lt;p align=&quot;justify&quot;&gt;&lt;br&gt;&lt;/p&gt;&lt;div align=&quot;justify&quot;&gt;&lt;br&gt;&lt;/div&gt;&lt;p align=&quot;justify&quot;&gt;Интернет-магазин (англ. online shop или e-shop) — сайт, торгующий товарами посредством сети Интернет. Позволяет пользователям онлайн, в своём браузере или через мобильное приложение, сформировать заказ на покупку, выбрать способ оплаты и доставки заказа, оплатить заказ. При этом продажа товаров осуществляется дистанционным способом и она накладывает ограничения на продаваемые товары. Так, в некоторых странах имеется запрет на интернет-торговлю алкоголем, оружием, ювелирными изделиями и другими товарами (к примеру, в России запрещена дистанционная продажа алкоголя, ювелирных изделий и других товаров, свободная реализация которых запрещена или ограничена).&lt;/p&gt;&lt;div align=&quot;justify&quot;&gt;&lt;br&gt;&lt;/div&gt;&lt;p align=&quot;justify&quot;&gt;&lt;br&gt;&lt;/p&gt;&lt;div align=&quot;justify&quot;&gt;&lt;br&gt;&lt;/div&gt;&lt;p align=&quot;justify&quot;&gt;&lt;span style=&quot;color: rgb(119, 119, 119); font-family: Roboto, sans-serif; font-size: 14px;&quot;&gt;&lt;br&gt;&lt;/span&gt;&lt;/p&gt;&lt;div align=&quot;justify&quot;&gt;&lt;br&gt;&lt;/div&gt;', '', '', '', '');
INSERT INTO `PREFIX_DB_information_description` (`information_id`, `language_id`, `title`, `description`, `meta_title`, `meta_h1`, `meta_description`, `meta_keyword`) VALUES ('3', '1', 'Политика безопасности', '&lt;div align=&quot;justify&quot;&gt;&lt;br&gt;&lt;/div&gt;&lt;div align=&quot;justify&quot;&gt;Интернет-магазины обычно позволяют покупателям использовать функции «поиска», чтобы найти конкретные модели, бренды или предметы. &lt;br&gt;Когда онлайн-магазин настроен на то, чтобы позволить компаниям покупать у других компаний, этот процесс называется онлайн-магазинами бизнес для бизнеса (B2B). Типичный интернет-магазин позволяет клиенту просматривать ассортимент продуктов и услуг фирмы, просматривать фотографии или изображения продуктов, а также информацию о технических характеристиках продукта и ценах.&lt;br&gt;&lt;/div&gt;&lt;div align=&quot;justify&quot;&gt;&lt;br&gt;&lt;/div&gt;&lt;p align=&quot;justify&quot;&gt;Интернет-магазин (англ. online shop или e-shop) — сайт, торгующий товарами посредством сети Интернет. Позволяет пользователям онлайн, в своём браузере или через мобильное приложение, сформировать заказ на покупку, выбрать способ оплаты и доставки заказа, оплатить заказ. При этом продажа товаров осуществляется дистанционным способом и она накладывает ограничения на продаваемые товары. Так, в некоторых странах имеется запрет на интернет-торговлю алкоголем, оружием, ювелирными изделиями и другими товарами (к примеру, в России запрещена дистанционная продажа алкоголя, ювелирных изделий и других товаров, свободная реализация которых запрещена или ограничена).&lt;/p&gt;&lt;div align=&quot;justify&quot;&gt;&lt;br&gt;&lt;/div&gt;&lt;p align=&quot;justify&quot;&gt;Интернет-магазины обычно позволяют покупателям использовать функции «поиска», чтобы найти конкретные модели, бренды или предметы. &lt;br&gt;Когда онлайн-магазин настроен на то, чтобы позволить компаниям покупать у других компаний, этот процесс называется онлайн-магазинами бизнес для бизнеса (B2B). Типичный интернет-магазин позволяет клиенту просматривать ассортимент продуктов и услуг фирмы, просматривать фотографии или изображения продуктов, а также информацию о технических характеристиках продукта и ценах.&lt;br&gt;&lt;/p&gt;&lt;div align=&quot;justify&quot;&gt;&lt;br&gt;&lt;/div&gt;&lt;p align=&quot;justify&quot;&gt;Интернет-магазин (англ. online shop или e-shop) — сайт, торгующий товарами посредством сети Интернет. Позволяет пользователям онлайн, в своём браузере или через мобильное приложение, сформировать заказ на покупку, выбрать способ оплаты и доставки заказа, оплатить заказ. При этом продажа товаров осуществляется дистанционным способом и она накладывает ограничения на продаваемые товары. Так, в некоторых странах имеется запрет на интернет-торговлю алкоголем, оружием, ювелирными изделиями и другими товарами (к примеру, в России запрещена дистанционная продажа алкоголя, ювелирных изделий и других товаров, свободная реализация которых запрещена или ограничена).&lt;/p&gt;&lt;div align=&quot;justify&quot;&gt;&lt;br&gt;&lt;/div&gt;&lt;p align=&quot;justify&quot;&gt;Интернет-магазины обычно позволяют покупателям использовать функции «поиска», чтобы найти конкретные модели, бренды или предметы. &lt;br&gt;Когда онлайн-магазин настроен на то, чтобы позволить компаниям покупать у других компаний, этот процесс называется онлайн-магазинами бизнес для бизнеса (B2B). Типичный интернет-магазин позволяет клиенту просматривать ассортимент продуктов и услуг фирмы, просматривать фотографии или изображения продуктов, а также информацию о технических характеристиках продукта и ценах.&lt;br&gt;&lt;/p&gt;&lt;div align=&quot;justify&quot;&gt;&lt;br&gt;&lt;/div&gt;&lt;p align=&quot;justify&quot;&gt;&lt;br&gt;&lt;/p&gt;&lt;div align=&quot;justify&quot;&gt;&lt;br&gt;&lt;/div&gt;&lt;p align=&quot;justify&quot;&gt;Интернет-магазин (англ. online shop или e-shop) — сайт, торгующий товарами посредством сети Интернет. Позволяет пользователям онлайн, в своём браузере или через мобильное приложение, сформировать заказ на покупку, выбрать способ оплаты и доставки заказа, оплатить заказ. При этом продажа товаров осуществляется дистанционным способом и она накладывает ограничения на продаваемые товары. Так, в некоторых странах имеется запрет на интернет-торговлю алкоголем, оружием, ювелирными изделиями и другими товарами (к примеру, в России запрещена дистанционная продажа алкоголя, ювелирных изделий и других товаров, свободная реализация которых запрещена или ограничена).&lt;/p&gt;&lt;div align=&quot;justify&quot;&gt;&lt;br&gt;&lt;/div&gt;&lt;p align=&quot;justify&quot;&gt;&lt;br&gt;&lt;/p&gt;&lt;div align=&quot;justify&quot;&gt;&lt;br&gt;&lt;/div&gt;&lt;p align=&quot;justify&quot;&gt;&lt;span style=&quot;color: rgb(119, 119, 119); font-family: Roboto, sans-serif; font-size: 14px;&quot;&gt;&lt;br&gt;&lt;/span&gt;&lt;/p&gt;&lt;div align=&quot;justify&quot;&gt;&lt;br&gt;&lt;/div&gt;', '', '', '', '');
INSERT INTO `PREFIX_DB_information_description` (`information_id`, `language_id`, `title`, `description`, `meta_title`, `meta_h1`, `meta_description`, `meta_keyword`) VALUES ('5', '1', 'Условия соглашения', '&lt;div align=&quot;justify&quot;&gt;Интернет-магазины обычно позволяют покупателям использовать функции «поиска», чтобы найти конкретные модели, бренды или предметы. &lt;br&gt;Когда онлайн-магазин настроен на то, чтобы позволить компаниям покупать у других компаний, этот процесс называется онлайн-магазинами бизнес для бизнеса (B2B). Типичный интернет-магазин позволяет клиенту просматривать ассортимент продуктов и услуг фирмы, просматривать фотографии или изображения продуктов, а также информацию о технических характеристиках продукта и ценах.&lt;br&gt;&lt;/div&gt;&lt;p align=&quot;justify&quot;&gt;Интернет-магазин (англ. online shop или e-shop) — сайт, торгующий товарами посредством сети Интернет. Позволяет пользователям онлайн, в своём браузере или через мобильное приложение, сформировать заказ на покупку, выбрать способ оплаты и доставки заказа, оплатить заказ. При этом продажа товаров осуществляется дистанционным способом и она накладывает ограничения на продаваемые товары. Так, в некоторых странах имеется запрет на интернет-торговлю алкоголем, оружием, ювелирными изделиями и другими товарами (к примеру, в России запрещена дистанционная продажа алкоголя, ювелирных изделий и других товаров, свободная реализация которых запрещена или ограничена).&lt;/p&gt;&lt;p align=&quot;justify&quot;&gt;Интернет-магазины обычно позволяют покупателям использовать функции «поиска», чтобы найти конкретные модели, бренды или предметы. &lt;br&gt;Когда онлайн-магазин настроен на то, чтобы позволить компаниям покупать у других компаний, этот процесс называется онлайн-магазинами бизнес для бизнеса (B2B). Типичный интернет-магазин позволяет клиенту просматривать ассортимент продуктов и услуг фирмы, просматривать фотографии или изображения продуктов, а также информацию о технических характеристиках продукта и ценах.&lt;br&gt;&lt;/p&gt;&lt;p align=&quot;justify&quot;&gt;Интернет-магазин (англ. online shop или e-shop) — сайт, торгующий товарами посредством сети Интернет. Позволяет пользователям онлайн, в своём браузере или через мобильное приложение, сформировать заказ на покупку, выбрать способ оплаты и доставки заказа, оплатить заказ. При этом продажа товаров осуществляется дистанционным способом и она накладывает ограничения на продаваемые товары. Так, в некоторых странах имеется запрет на интернет-торговлю алкоголем, оружием, ювелирными изделиями и другими товарами (к примеру, в России запрещена дистанционная продажа алкоголя, ювелирных изделий и других товаров, свободная реализация которых запрещена или ограничена).&lt;/p&gt;&lt;p align=&quot;justify&quot;&gt;Интернет-магазины обычно позволяют покупателям использовать функции «поиска», чтобы найти конкретные модели, бренды или предметы. &lt;br&gt;Когда онлайн-магазин настроен на то, чтобы позволить компаниям покупать у других компаний, этот процесс называется онлайн-магазинами бизнес для бизнеса (B2B). Типичный интернет-магазин позволяет клиенту просматривать ассортимент продуктов и услуг фирмы, просматривать фотографии или изображения продуктов, а также информацию о технических характеристиках продукта и ценах.&lt;br&gt;&lt;/p&gt;&lt;p align=&quot;justify&quot;&gt;&lt;br&gt;&lt;/p&gt;&lt;p align=&quot;justify&quot;&gt;Интернет-магазин (англ. online shop или e-shop) — сайт, торгующий товарами посредством сети Интернет. Позволяет пользователям онлайн, в своём браузере или через мобильное приложение, сформировать заказ на покупку, выбрать способ оплаты и доставки заказа, оплатить заказ. При этом продажа товаров осуществляется дистанционным способом и она накладывает ограничения на продаваемые товары. Так, в некоторых странах имеется запрет на интернет-торговлю алкоголем, оружием, ювелирными изделиями и другими товарами (к примеру, в России запрещена дистанционная продажа алкоголя, ювелирных изделий и других товаров, свободная реализация которых запрещена или ограничена).&lt;/p&gt;&lt;p align=&quot;justify&quot;&gt;&lt;br&gt;&lt;/p&gt;&lt;p align=&quot;justify&quot;&gt;&lt;span style=&quot;color: rgb(119, 119, 119); font-family: Roboto, sans-serif; font-size: 14px;&quot;&gt;&lt;br&gt;&lt;/span&gt;&lt;/p&gt;', '', '', '', '');
INSERT INTO `PREFIX_DB_information_description` (`information_id`, `language_id`, `title`, `description`, `meta_title`, `meta_h1`, `meta_description`, `meta_keyword`) VALUES ('6', '2', 'Delivery Information', '&lt;p&gt;\tDelivery Information&lt;/p&gt;', '', '', '', '');
INSERT INTO `PREFIX_DB_information_description` (`information_id`, `language_id`, `title`, `description`, `meta_title`, `meta_h1`, `meta_description`, `meta_keyword`) VALUES ('4', '2', 'About Us', '&lt;p&gt;\tAbout Us&lt;/p&gt;', '', '', '', '');
INSERT INTO `PREFIX_DB_information_description` (`information_id`, `language_id`, `title`, `description`, `meta_title`, `meta_h1`, `meta_description`, `meta_keyword`) VALUES ('3', '2', 'Privacy Policy', '&lt;p&gt;\tPrivacy Policy&lt;/p&gt;', '', '', '', '');
INSERT INTO `PREFIX_DB_information_description` (`information_id`, `language_id`, `title`, `description`, `meta_title`, `meta_h1`, `meta_description`, `meta_keyword`) VALUES ('5', '2', 'Terms &amp; Conditions', '&lt;p&gt;\tTerms &amp;amp; Conditions&lt;/p&gt;', '', '', '', '');


TRUNCATE TABLE `PREFIX_DB_information_to_layout`;

INSERT INTO `PREFIX_DB_information_to_layout` (`information_id`, `store_id`, `layout_id`) VALUES ('7', '0', '0');
INSERT INTO `PREFIX_DB_information_to_layout` (`information_id`, `store_id`, `layout_id`) VALUES ('6', '0', '0');
INSERT INTO `PREFIX_DB_information_to_layout` (`information_id`, `store_id`, `layout_id`) VALUES ('4', '0', '0');
INSERT INTO `PREFIX_DB_information_to_layout` (`information_id`, `store_id`, `layout_id`) VALUES ('3', '0', '0');
INSERT INTO `PREFIX_DB_information_to_layout` (`information_id`, `store_id`, `layout_id`) VALUES ('5', '0', '0');


TRUNCATE TABLE `PREFIX_DB_information_to_store`;

INSERT INTO `PREFIX_DB_information_to_store` (`information_id`, `store_id`) VALUES ('3', '0');
INSERT INTO `PREFIX_DB_information_to_store` (`information_id`, `store_id`) VALUES ('4', '0');
INSERT INTO `PREFIX_DB_information_to_store` (`information_id`, `store_id`) VALUES ('5', '0');
INSERT INTO `PREFIX_DB_information_to_store` (`information_id`, `store_id`) VALUES ('6', '0');
INSERT INTO `PREFIX_DB_information_to_store` (`information_id`, `store_id`) VALUES ('7', '0');


TRUNCATE TABLE `PREFIX_DB_language`;

INSERT INTO `PREFIX_DB_language` (`language_id`, `name`, `code`, `locale`, `image`, `directory`, `sort_order`, `status`) VALUES ('1', 'Russian', 'ru-ru', 'ru_RU.UTF-8,ru_RU,russian', 'ru.png', 'russian', '1', '1');
INSERT INTO `PREFIX_DB_language` (`language_id`, `name`, `code`, `locale`, `image`, `directory`, `sort_order`, `status`) VALUES ('2', 'English', 'en-gb', 'en_US.UTF-8,en_US,en-gb,english', 'gb.png', 'english', '2', '1');


TRUNCATE TABLE `PREFIX_DB_layout`;

INSERT INTO `PREFIX_DB_layout` (`layout_id`, `name`) VALUES ('1', 'Главная');
INSERT INTO `PREFIX_DB_layout` (`layout_id`, `name`) VALUES ('2', 'Продукт');
INSERT INTO `PREFIX_DB_layout` (`layout_id`, `name`) VALUES ('3', 'Категория');
INSERT INTO `PREFIX_DB_layout` (`layout_id`, `name`) VALUES ('4', 'По умолчанию');
INSERT INTO `PREFIX_DB_layout` (`layout_id`, `name`) VALUES ('5', 'Производитель');
INSERT INTO `PREFIX_DB_layout` (`layout_id`, `name`) VALUES ('6', 'Аккаунт');
INSERT INTO `PREFIX_DB_layout` (`layout_id`, `name`) VALUES ('7', 'Оформление заказ');
INSERT INTO `PREFIX_DB_layout` (`layout_id`, `name`) VALUES ('8', 'Контакты');
INSERT INTO `PREFIX_DB_layout` (`layout_id`, `name`) VALUES ('9', 'Карта сайта');
INSERT INTO `PREFIX_DB_layout` (`layout_id`, `name`) VALUES ('10', 'Партнерская программа');
INSERT INTO `PREFIX_DB_layout` (`layout_id`, `name`) VALUES ('11', 'Информация');
INSERT INTO `PREFIX_DB_layout` (`layout_id`, `name`) VALUES ('12', 'Сравнение');
INSERT INTO `PREFIX_DB_layout` (`layout_id`, `name`) VALUES ('13', 'Поиск');
INSERT INTO `PREFIX_DB_layout` (`layout_id`, `name`) VALUES ('14', 'News');
INSERT INTO `PREFIX_DB_layout` (`layout_id`, `name`) VALUES ('15', 'Faq');
INSERT INTO `PREFIX_DB_layout` (`layout_id`, `name`) VALUES ('16', 'Review');


TRUNCATE TABLE `PREFIX_DB_layout_module`;

INSERT INTO `PREFIX_DB_layout_module` (`layout_module_id`, `layout_id`, `code`, `position`, `sort_order`) VALUES ('11402', '5', 'aridius_letters', 'content_mail', '0');
INSERT INTO `PREFIX_DB_layout_module` (`layout_module_id`, `layout_id`, `code`, `position`, `sort_order`) VALUES ('10642', '6', 'aridiusfastorder', 'content_bottom', '0');
INSERT INTO `PREFIX_DB_layout_module` (`layout_module_id`, `layout_id`, `code`, `position`, `sort_order`) VALUES ('10668', '10', 'aridiuscallback', 'content_bottom', '0');
INSERT INTO `PREFIX_DB_layout_module` (`layout_module_id`, `layout_id`, `code`, `position`, `sort_order`) VALUES ('11407', '13', 'aridius_special.82', 'content_bottom', '3');
INSERT INTO `PREFIX_DB_layout_module` (`layout_module_id`, `layout_id`, `code`, `position`, `sort_order`) VALUES ('10701', '2', 'aridius_livesearch', 'content_bottom', '5');
INSERT INTO `PREFIX_DB_layout_module` (`layout_module_id`, `layout_id`, `code`, `position`, `sort_order`) VALUES ('11293', '3', 'aridius_category_footer', 'content_top3', '0');
INSERT INTO `PREFIX_DB_layout_module` (`layout_module_id`, `layout_id`, `code`, `position`, `sort_order`) VALUES ('11292', '3', 'aridius_letters', 'content_mail', '0');
INSERT INTO `PREFIX_DB_layout_module` (`layout_module_id`, `layout_id`, `code`, `position`, `sort_order`) VALUES ('11291', '3', 'aridius_livesearch', 'content_bottom', '2');
INSERT INTO `PREFIX_DB_layout_module` (`layout_module_id`, `layout_id`, `code`, `position`, `sort_order`) VALUES ('11785', '1', 'aridiuscallback', 'content_bottom', '3');
INSERT INTO `PREFIX_DB_layout_module` (`layout_module_id`, `layout_id`, `code`, `position`, `sort_order`) VALUES ('11784', '1', 'aridius_news', 'content_bottom', '2');
INSERT INTO `PREFIX_DB_layout_module` (`layout_module_id`, `layout_id`, `code`, `position`, `sort_order`) VALUES ('11403', '5', 'aridius_category_footer', 'content_top3', '0');
INSERT INTO `PREFIX_DB_layout_module` (`layout_module_id`, `layout_id`, `code`, `position`, `sort_order`) VALUES ('11783', '1', 'carousel.29', 'content_bottom', '1');
INSERT INTO `PREFIX_DB_layout_module` (`layout_module_id`, `layout_id`, `code`, `position`, `sort_order`) VALUES ('11290', '3', 'aridiusinstock', 'content_bottom', '1');
INSERT INTO `PREFIX_DB_layout_module` (`layout_module_id`, `layout_id`, `code`, `position`, `sort_order`) VALUES ('11289', '3', 'aridiuscallback', 'content_bottom', '0');
INSERT INTO `PREFIX_DB_layout_module` (`layout_module_id`, `layout_id`, `code`, `position`, `sort_order`) VALUES ('11288', '3', 'banner.71', 'content_topfl', '0');
INSERT INTO `PREFIX_DB_layout_module` (`layout_module_id`, `layout_id`, `code`, `position`, `sort_order`) VALUES ('11287', '3', 'banner.46', 'column_left', '5');
INSERT INTO `PREFIX_DB_layout_module` (`layout_module_id`, `layout_id`, `code`, `position`, `sort_order`) VALUES ('11286', '3', 'aridius_viewed.85', 'column_left', '4');
INSERT INTO `PREFIX_DB_layout_module` (`layout_module_id`, `layout_id`, `code`, `position`, `sort_order`) VALUES ('11285', '3', 'special.43', 'column_left', '3');
INSERT INTO `PREFIX_DB_layout_module` (`layout_module_id`, `layout_id`, `code`, `position`, `sort_order`) VALUES ('11284', '3', 'aridius_news_category.84', 'column_left', '2');
INSERT INTO `PREFIX_DB_layout_module` (`layout_module_id`, `layout_id`, `code`, `position`, `sort_order`) VALUES ('10700', '2', 'aridiusundersell', 'content_bottom', '4');
INSERT INTO `PREFIX_DB_layout_module` (`layout_module_id`, `layout_id`, `code`, `position`, `sort_order`) VALUES ('10699', '2', 'aridiusinstock', 'content_bottom', '3');
INSERT INTO `PREFIX_DB_layout_module` (`layout_module_id`, `layout_id`, `code`, `position`, `sort_order`) VALUES ('10698', '2', 'aridiusfastorder', 'content_bottom', '2');
INSERT INTO `PREFIX_DB_layout_module` (`layout_module_id`, `layout_id`, `code`, `position`, `sort_order`) VALUES ('10697', '2', 'aridiuscallback', 'content_bottom', '1');
INSERT INTO `PREFIX_DB_layout_module` (`layout_module_id`, `layout_id`, `code`, `position`, `sort_order`) VALUES ('10696', '2', 'aridius_viewed.86', 'content_bottom', '0');
INSERT INTO `PREFIX_DB_layout_module` (`layout_module_id`, `layout_id`, `code`, `position`, `sort_order`) VALUES ('10695', '2', 'banner.71', 'content_topfl', '0');
INSERT INTO `PREFIX_DB_layout_module` (`layout_module_id`, `layout_id`, `code`, `position`, `sort_order`) VALUES ('11283', '3', 'aridius_faq', 'column_left', '1');
INSERT INTO `PREFIX_DB_layout_module` (`layout_module_id`, `layout_id`, `code`, `position`, `sort_order`) VALUES ('11282', '3', 'aridius_category_accordion', 'column_left', '0');
INSERT INTO `PREFIX_DB_layout_module` (`layout_module_id`, `layout_id`, `code`, `position`, `sort_order`) VALUES ('10627', '15', 'aridiuscallback', 'content_bottom', '0');
INSERT INTO `PREFIX_DB_layout_module` (`layout_module_id`, `layout_id`, `code`, `position`, `sort_order`) VALUES ('10628', '15', 'aridiusinstock', 'content_bottom', '1');
INSERT INTO `PREFIX_DB_layout_module` (`layout_module_id`, `layout_id`, `code`, `position`, `sort_order`) VALUES ('10629', '15', 'aridius_livesearch', 'content_bottom', '2');
INSERT INTO `PREFIX_DB_layout_module` (`layout_module_id`, `layout_id`, `code`, `position`, `sort_order`) VALUES ('10630', '15', 'aridius_letters', 'content_mail', '0');
INSERT INTO `PREFIX_DB_layout_module` (`layout_module_id`, `layout_id`, `code`, `position`, `sort_order`) VALUES ('10631', '15', 'aridius_category_footer', 'content_top3', '0');
INSERT INTO `PREFIX_DB_layout_module` (`layout_module_id`, `layout_id`, `code`, `position`, `sort_order`) VALUES ('10632', '14', 'aridiuscallback', 'content_bottom', '0');
INSERT INTO `PREFIX_DB_layout_module` (`layout_module_id`, `layout_id`, `code`, `position`, `sort_order`) VALUES ('10633', '14', 'aridiusinstock', 'content_bottom', '1');
INSERT INTO `PREFIX_DB_layout_module` (`layout_module_id`, `layout_id`, `code`, `position`, `sort_order`) VALUES ('10634', '14', 'aridius_livesearch', 'content_bottom', '2');
INSERT INTO `PREFIX_DB_layout_module` (`layout_module_id`, `layout_id`, `code`, `position`, `sort_order`) VALUES ('10635', '14', 'aridius_letters', 'content_mail', '0');
INSERT INTO `PREFIX_DB_layout_module` (`layout_module_id`, `layout_id`, `code`, `position`, `sort_order`) VALUES ('10636', '14', 'aridius_category_footer', 'content_top3', '0');
INSERT INTO `PREFIX_DB_layout_module` (`layout_module_id`, `layout_id`, `code`, `position`, `sort_order`) VALUES ('10637', '16', 'aridiuscallback', 'content_bottom', '0');
INSERT INTO `PREFIX_DB_layout_module` (`layout_module_id`, `layout_id`, `code`, `position`, `sort_order`) VALUES ('10638', '16', 'aridiusinstock', 'content_bottom', '1');
INSERT INTO `PREFIX_DB_layout_module` (`layout_module_id`, `layout_id`, `code`, `position`, `sort_order`) VALUES ('10639', '16', 'aridius_livesearch', 'content_bottom', '2');
INSERT INTO `PREFIX_DB_layout_module` (`layout_module_id`, `layout_id`, `code`, `position`, `sort_order`) VALUES ('10640', '16', 'aridius_letters', 'content_mail', '0');
INSERT INTO `PREFIX_DB_layout_module` (`layout_module_id`, `layout_id`, `code`, `position`, `sort_order`) VALUES ('10641', '16', 'aridius_category_footer', 'content_top3', '0');
INSERT INTO `PREFIX_DB_layout_module` (`layout_module_id`, `layout_id`, `code`, `position`, `sort_order`) VALUES ('10643', '6', 'aridiuscallback', 'content_bottom', '1');
INSERT INTO `PREFIX_DB_layout_module` (`layout_module_id`, `layout_id`, `code`, `position`, `sort_order`) VALUES ('10644', '6', 'aridius_livesearch', 'content_bottom', '2');
INSERT INTO `PREFIX_DB_layout_module` (`layout_module_id`, `layout_id`, `code`, `position`, `sort_order`) VALUES ('10645', '6', 'aridius_letters', 'content_mail', '0');
INSERT INTO `PREFIX_DB_layout_module` (`layout_module_id`, `layout_id`, `code`, `position`, `sort_order`) VALUES ('10646', '6', 'aridius_category_footer', 'content_top3', '0');
INSERT INTO `PREFIX_DB_layout_module` (`layout_module_id`, `layout_id`, `code`, `position`, `sort_order`) VALUES ('10647', '6', 'account', 'column_right', '1');
INSERT INTO `PREFIX_DB_layout_module` (`layout_module_id`, `layout_id`, `code`, `position`, `sort_order`) VALUES ('11113', '11', 'aridius_livesearch', 'content_bottom', '2');
INSERT INTO `PREFIX_DB_layout_module` (`layout_module_id`, `layout_id`, `code`, `position`, `sort_order`) VALUES ('11112', '11', 'aridiusinstock', 'content_bottom', '1');
INSERT INTO `PREFIX_DB_layout_module` (`layout_module_id`, `layout_id`, `code`, `position`, `sort_order`) VALUES ('11111', '11', 'aridiuscallback', 'content_bottom', '0');
INSERT INTO `PREFIX_DB_layout_module` (`layout_module_id`, `layout_id`, `code`, `position`, `sort_order`) VALUES ('10653', '9', 'aridiuscallback', 'content_bottom', '0');
INSERT INTO `PREFIX_DB_layout_module` (`layout_module_id`, `layout_id`, `code`, `position`, `sort_order`) VALUES ('10654', '9', 'aridiusinstock', 'content_bottom', '1');
INSERT INTO `PREFIX_DB_layout_module` (`layout_module_id`, `layout_id`, `code`, `position`, `sort_order`) VALUES ('10655', '9', 'aridius_livesearch', 'content_bottom', '2');
INSERT INTO `PREFIX_DB_layout_module` (`layout_module_id`, `layout_id`, `code`, `position`, `sort_order`) VALUES ('10656', '9', 'aridius_letters', 'content_mail', '0');
INSERT INTO `PREFIX_DB_layout_module` (`layout_module_id`, `layout_id`, `code`, `position`, `sort_order`) VALUES ('10657', '9', 'aridius_category_footer', 'content_top3', '0');
INSERT INTO `PREFIX_DB_layout_module` (`layout_module_id`, `layout_id`, `code`, `position`, `sort_order`) VALUES ('10658', '8', 'aridiuscallback', 'content_bottom', '0');
INSERT INTO `PREFIX_DB_layout_module` (`layout_module_id`, `layout_id`, `code`, `position`, `sort_order`) VALUES ('10659', '8', 'aridiusinstock', 'content_bottom', '1');
INSERT INTO `PREFIX_DB_layout_module` (`layout_module_id`, `layout_id`, `code`, `position`, `sort_order`) VALUES ('10660', '8', 'aridius_livesearch', 'content_bottom', '2');
INSERT INTO `PREFIX_DB_layout_module` (`layout_module_id`, `layout_id`, `code`, `position`, `sort_order`) VALUES ('10661', '8', 'aridius_letters', 'content_mail', '0');
INSERT INTO `PREFIX_DB_layout_module` (`layout_module_id`, `layout_id`, `code`, `position`, `sort_order`) VALUES ('10662', '8', 'aridius_category_footer', 'content_top3', '0');
INSERT INTO `PREFIX_DB_layout_module` (`layout_module_id`, `layout_id`, `code`, `position`, `sort_order`) VALUES ('10663', '7', 'aridiuscallback', 'content_bottom', '0');
INSERT INTO `PREFIX_DB_layout_module` (`layout_module_id`, `layout_id`, `code`, `position`, `sort_order`) VALUES ('10664', '7', 'aridiusinstock', 'content_bottom', '1');
INSERT INTO `PREFIX_DB_layout_module` (`layout_module_id`, `layout_id`, `code`, `position`, `sort_order`) VALUES ('10665', '7', 'aridius_livesearch', 'content_bottom', '2');
INSERT INTO `PREFIX_DB_layout_module` (`layout_module_id`, `layout_id`, `code`, `position`, `sort_order`) VALUES ('10666', '7', 'aridius_letters', 'content_mail', '0');
INSERT INTO `PREFIX_DB_layout_module` (`layout_module_id`, `layout_id`, `code`, `position`, `sort_order`) VALUES ('10667', '7', 'aridius_category_footer', 'content_top3', '0');
INSERT INTO `PREFIX_DB_layout_module` (`layout_module_id`, `layout_id`, `code`, `position`, `sort_order`) VALUES ('10669', '10', 'aridiusinstock', 'content_bottom', '1');
INSERT INTO `PREFIX_DB_layout_module` (`layout_module_id`, `layout_id`, `code`, `position`, `sort_order`) VALUES ('10670', '10', 'aridius_livesearch', 'content_bottom', '2');
INSERT INTO `PREFIX_DB_layout_module` (`layout_module_id`, `layout_id`, `code`, `position`, `sort_order`) VALUES ('10671', '10', 'aridius_letters', 'content_mail', '0');
INSERT INTO `PREFIX_DB_layout_module` (`layout_module_id`, `layout_id`, `code`, `position`, `sort_order`) VALUES ('10672', '10', 'aridius_category_footer', 'content_top3', '0');
INSERT INTO `PREFIX_DB_layout_module` (`layout_module_id`, `layout_id`, `code`, `position`, `sort_order`) VALUES ('10673', '10', 'account', 'column_right', '1');
INSERT INTO `PREFIX_DB_layout_module` (`layout_module_id`, `layout_id`, `code`, `position`, `sort_order`) VALUES ('10674', '4', 'aridiuscallback', 'content_bottom', '0');
INSERT INTO `PREFIX_DB_layout_module` (`layout_module_id`, `layout_id`, `code`, `position`, `sort_order`) VALUES ('10675', '4', 'aridiusinstock', 'content_bottom', '1');
INSERT INTO `PREFIX_DB_layout_module` (`layout_module_id`, `layout_id`, `code`, `position`, `sort_order`) VALUES ('10676', '4', 'aridius_livesearch', 'content_bottom', '2');
INSERT INTO `PREFIX_DB_layout_module` (`layout_module_id`, `layout_id`, `code`, `position`, `sort_order`) VALUES ('10677', '4', 'aridius_letters', 'content_mail', '0');
INSERT INTO `PREFIX_DB_layout_module` (`layout_module_id`, `layout_id`, `code`, `position`, `sort_order`) VALUES ('10678', '4', 'aridius_category_footer', 'content_top3', '0');
INSERT INTO `PREFIX_DB_layout_module` (`layout_module_id`, `layout_id`, `code`, `position`, `sort_order`) VALUES ('11406', '13', 'aridius_livesearch', 'content_bottom', '2');
INSERT INTO `PREFIX_DB_layout_module` (`layout_module_id`, `layout_id`, `code`, `position`, `sort_order`) VALUES ('11405', '13', 'aridiusinstock', 'content_bottom', '1');
INSERT INTO `PREFIX_DB_layout_module` (`layout_module_id`, `layout_id`, `code`, `position`, `sort_order`) VALUES ('11404', '13', 'aridiuscallback', 'content_bottom', '0');
INSERT INTO `PREFIX_DB_layout_module` (`layout_module_id`, `layout_id`, `code`, `position`, `sort_order`) VALUES ('11401', '5', 'aridius_livesearch', 'content_bottom', '2');
INSERT INTO `PREFIX_DB_layout_module` (`layout_module_id`, `layout_id`, `code`, `position`, `sort_order`) VALUES ('11400', '5', 'aridiusinstock', 'content_bottom', '1');
INSERT INTO `PREFIX_DB_layout_module` (`layout_module_id`, `layout_id`, `code`, `position`, `sort_order`) VALUES ('11399', '5', 'aridiuscallback', 'content_bottom', '0');
INSERT INTO `PREFIX_DB_layout_module` (`layout_module_id`, `layout_id`, `code`, `position`, `sort_order`) VALUES ('11412', '12', 'aridius_livesearch', 'content_bottom', '2');
INSERT INTO `PREFIX_DB_layout_module` (`layout_module_id`, `layout_id`, `code`, `position`, `sort_order`) VALUES ('11411', '12', 'aridiusinstock', 'content_bottom', '1');
INSERT INTO `PREFIX_DB_layout_module` (`layout_module_id`, `layout_id`, `code`, `position`, `sort_order`) VALUES ('11410', '12', 'aridiuscallback', 'content_bottom', '0');
INSERT INTO `PREFIX_DB_layout_module` (`layout_module_id`, `layout_id`, `code`, `position`, `sort_order`) VALUES ('10702', '2', 'aridius_letters', 'content_mail', '0');
INSERT INTO `PREFIX_DB_layout_module` (`layout_module_id`, `layout_id`, `code`, `position`, `sort_order`) VALUES ('10703', '2', 'aridius_category_footer', 'content_top3', '0');
INSERT INTO `PREFIX_DB_layout_module` (`layout_module_id`, `layout_id`, `code`, `position`, `sort_order`) VALUES ('11782', '1', 'aridius_pr_review.83', 'content_bottom', '0');
INSERT INTO `PREFIX_DB_layout_module` (`layout_module_id`, `layout_id`, `code`, `position`, `sort_order`) VALUES ('11781', '1', 'aridius_review_category', 'content_slrig2', '2');
INSERT INTO `PREFIX_DB_layout_module` (`layout_module_id`, `layout_id`, `code`, `position`, `sort_order`) VALUES ('11114', '11', 'aridius_special.82', 'content_bottom', '3');
INSERT INTO `PREFIX_DB_layout_module` (`layout_module_id`, `layout_id`, `code`, `position`, `sort_order`) VALUES ('11115', '11', 'aridius_letters', 'content_mail', '0');
INSERT INTO `PREFIX_DB_layout_module` (`layout_module_id`, `layout_id`, `code`, `position`, `sort_order`) VALUES ('11116', '11', 'aridius_category_footer', 'content_top3', '0');
INSERT INTO `PREFIX_DB_layout_module` (`layout_module_id`, `layout_id`, `code`, `position`, `sort_order`) VALUES ('11780', '1', 'aridius_special.82', 'content_slrig2', '1');
INSERT INTO `PREFIX_DB_layout_module` (`layout_module_id`, `layout_id`, `code`, `position`, `sort_order`) VALUES ('11779', '1', 'aridius_text_home', 'content_slrig2', '0');
INSERT INTO `PREFIX_DB_layout_module` (`layout_module_id`, `layout_id`, `code`, `position`, `sort_order`) VALUES ('11778', '1', 'banner.36', 'content_slrig1', '0');
INSERT INTO `PREFIX_DB_layout_module` (`layout_module_id`, `layout_id`, `code`, `position`, `sort_order`) VALUES ('11777', '1', 'banner.35', 'content_bot3', '0');
INSERT INTO `PREFIX_DB_layout_module` (`layout_module_id`, `layout_id`, `code`, `position`, `sort_order`) VALUES ('11776', '1', 'banner.34', 'content_bot2', '0');
INSERT INTO `PREFIX_DB_layout_module` (`layout_module_id`, `layout_id`, `code`, `position`, `sort_order`) VALUES ('11775', '1', 'banner.33', 'content_bot1', '0');
INSERT INTO `PREFIX_DB_layout_module` (`layout_module_id`, `layout_id`, `code`, `position`, `sort_order`) VALUES ('11774', '1', 'aridius_tab.81', 'content_top', '2');
INSERT INTO `PREFIX_DB_layout_module` (`layout_module_id`, `layout_id`, `code`, `position`, `sort_order`) VALUES ('11773', '1', 'aridius_catwall.80', 'content_top', '1');
INSERT INTO `PREFIX_DB_layout_module` (`layout_module_id`, `layout_id`, `code`, `position`, `sort_order`) VALUES ('11408', '13', 'aridius_letters', 'content_mail', '0');
INSERT INTO `PREFIX_DB_layout_module` (`layout_module_id`, `layout_id`, `code`, `position`, `sort_order`) VALUES ('11409', '13', 'aridius_category_footer', 'content_top3', '0');
INSERT INTO `PREFIX_DB_layout_module` (`layout_module_id`, `layout_id`, `code`, `position`, `sort_order`) VALUES ('11413', '12', 'aridius_special.82', 'content_bottom', '3');
INSERT INTO `PREFIX_DB_layout_module` (`layout_module_id`, `layout_id`, `code`, `position`, `sort_order`) VALUES ('11414', '12', 'aridius_letters', 'content_mail', '0');
INSERT INTO `PREFIX_DB_layout_module` (`layout_module_id`, `layout_id`, `code`, `position`, `sort_order`) VALUES ('11415', '12', 'aridius_category_footer', 'content_top3', '0');
INSERT INTO `PREFIX_DB_layout_module` (`layout_module_id`, `layout_id`, `code`, `position`, `sort_order`) VALUES ('11772', '1', 'aridius_icons', 'content_top', '0');
INSERT INTO `PREFIX_DB_layout_module` (`layout_module_id`, `layout_id`, `code`, `position`, `sort_order`) VALUES ('11771', '1', 'slideshow.45', 'content_fluid', '0');
INSERT INTO `PREFIX_DB_layout_module` (`layout_module_id`, `layout_id`, `code`, `position`, `sort_order`) VALUES ('11786', '1', 'aridiusinstock', 'content_bottom', '4');
INSERT INTO `PREFIX_DB_layout_module` (`layout_module_id`, `layout_id`, `code`, `position`, `sort_order`) VALUES ('11787', '1', 'aridius_livesearch', 'content_bottom', '5');
INSERT INTO `PREFIX_DB_layout_module` (`layout_module_id`, `layout_id`, `code`, `position`, `sort_order`) VALUES ('11788', '1', 'aridius_letters', 'content_mail', '0');
INSERT INTO `PREFIX_DB_layout_module` (`layout_module_id`, `layout_id`, `code`, `position`, `sort_order`) VALUES ('11789', '1', 'aridius_category_footer', 'content_top3', '0');


TRUNCATE TABLE `PREFIX_DB_layout_route`;

INSERT INTO `PREFIX_DB_layout_route` (`layout_route_id`, `layout_id`, `store_id`, `route`) VALUES ('888', '6', '0', 'account/%');
INSERT INTO `PREFIX_DB_layout_route` (`layout_route_id`, `layout_id`, `store_id`, `route`) VALUES ('893', '10', '0', 'affiliate/%');
INSERT INTO `PREFIX_DB_layout_route` (`layout_route_id`, `layout_id`, `store_id`, `route`) VALUES ('954', '1', '0', 'common/home');
INSERT INTO `PREFIX_DB_layout_route` (`layout_route_id`, `layout_id`, `store_id`, `route`) VALUES ('918', '11', '0', 'information/information');
INSERT INTO `PREFIX_DB_layout_route` (`layout_route_id`, `layout_id`, `store_id`, `route`) VALUES ('892', '7', '0', 'checkout/%');
INSERT INTO `PREFIX_DB_layout_route` (`layout_route_id`, `layout_id`, `store_id`, `route`) VALUES ('891', '8', '0', 'information/contact');
INSERT INTO `PREFIX_DB_layout_route` (`layout_route_id`, `layout_id`, `store_id`, `route`) VALUES ('890', '9', '0', 'information/sitemap');
INSERT INTO `PREFIX_DB_layout_route` (`layout_route_id`, `layout_id`, `store_id`, `route`) VALUES ('894', '4', '0', '');
INSERT INTO `PREFIX_DB_layout_route` (`layout_route_id`, `layout_id`, `store_id`, `route`) VALUES ('933', '5', '0', 'product/manufacturer');
INSERT INTO `PREFIX_DB_layout_route` (`layout_route_id`, `layout_id`, `store_id`, `route`) VALUES ('935', '12', '0', 'product/compare');
INSERT INTO `PREFIX_DB_layout_route` (`layout_route_id`, `layout_id`, `store_id`, `route`) VALUES ('934', '13', '0', 'product/search');
INSERT INTO `PREFIX_DB_layout_route` (`layout_route_id`, `layout_id`, `store_id`, `route`) VALUES ('884', '15', '0', 'information/aridius_faq');
INSERT INTO `PREFIX_DB_layout_route` (`layout_route_id`, `layout_id`, `store_id`, `route`) VALUES ('886', '16', '0', 'extension/module/aridius_store_review');
INSERT INTO `PREFIX_DB_layout_route` (`layout_route_id`, `layout_id`, `store_id`, `route`) VALUES ('927', '3', '0', 'product/category');
INSERT INTO `PREFIX_DB_layout_route` (`layout_route_id`, `layout_id`, `store_id`, `route`) VALUES ('898', '2', '0', 'product/product');
INSERT INTO `PREFIX_DB_layout_route` (`layout_route_id`, `layout_id`, `store_id`, `route`) VALUES ('885', '14', '0', 'information/aridius_news');
INSERT INTO `PREFIX_DB_layout_route` (`layout_route_id`, `layout_id`, `store_id`, `route`) VALUES ('887', '16', '0', 'module/aridius_store_review');


TRUNCATE TABLE `PREFIX_DB_manufacturer`;

INSERT INTO `PREFIX_DB_manufacturer` (`manufacturer_id`, `name`, `image`, `sort_order`) VALUES ('5', 'HTC', 'catalog/tovar/man/man4.jpg', '0');
INSERT INTO `PREFIX_DB_manufacturer` (`manufacturer_id`, `name`, `image`, `sort_order`) VALUES ('6', 'Palm', 'catalog/tovar/man/man2.jpg', '0');
INSERT INTO `PREFIX_DB_manufacturer` (`manufacturer_id`, `name`, `image`, `sort_order`) VALUES ('7', 'Spectrum', 'catalog/tovar/man/man5.jpg', '0');
INSERT INTO `PREFIX_DB_manufacturer` (`manufacturer_id`, `name`, `image`, `sort_order`) VALUES ('8', 'Bakery', 'catalog/tovar/man/man1.jpg', '0');
INSERT INTO `PREFIX_DB_manufacturer` (`manufacturer_id`, `name`, `image`, `sort_order`) VALUES ('9', 'Xpel', 'catalog/tovar/man/man7.jpg', '0');
INSERT INTO `PREFIX_DB_manufacturer` (`manufacturer_id`, `name`, `image`, `sort_order`) VALUES ('10', 'MMR', 'catalog/tovar/man/man10.jpg', '0');


TRUNCATE TABLE `PREFIX_DB_manufacturer_description`;

INSERT INTO `PREFIX_DB_manufacturer_description` (`manufacturer_id`, `language_id`, `name`, `description`, `meta_title`, `meta_h1`, `meta_description`, `meta_keyword`) VALUES ('5', '1', 'HTC', '', 'HTC', '', '', '');
INSERT INTO `PREFIX_DB_manufacturer_description` (`manufacturer_id`, `language_id`, `name`, `description`, `meta_title`, `meta_h1`, `meta_description`, `meta_keyword`) VALUES ('6', '1', 'Palm', '', 'Palm', '', '', '');
INSERT INTO `PREFIX_DB_manufacturer_description` (`manufacturer_id`, `language_id`, `name`, `description`, `meta_title`, `meta_h1`, `meta_description`, `meta_keyword`) VALUES ('7', '1', 'Spectrum', '', 'Spectrum', '', '', '');
INSERT INTO `PREFIX_DB_manufacturer_description` (`manufacturer_id`, `language_id`, `name`, `description`, `meta_title`, `meta_h1`, `meta_description`, `meta_keyword`) VALUES ('7', '2', 'Spectrum', '', 'Spectrum', '', '', '');
INSERT INTO `PREFIX_DB_manufacturer_description` (`manufacturer_id`, `language_id`, `name`, `description`, `meta_title`, `meta_h1`, `meta_description`, `meta_keyword`) VALUES ('8', '1', 'Bakery', '', 'Bakery', '', '', '');
INSERT INTO `PREFIX_DB_manufacturer_description` (`manufacturer_id`, `language_id`, `name`, `description`, `meta_title`, `meta_h1`, `meta_description`, `meta_keyword`) VALUES ('9', '1', 'Xpel', '&lt;p&gt;Пример текста в описания производителя&lt;/p&gt;', 'Canon', '', '', '');
INSERT INTO `PREFIX_DB_manufacturer_description` (`manufacturer_id`, `language_id`, `name`, `description`, `meta_title`, `meta_h1`, `meta_description`, `meta_keyword`) VALUES ('9', '2', 'Xpel', '&lt;p&gt;Example of manufacturer description text&lt;/p&gt;', 'Canon', '', '', '');
INSERT INTO `PREFIX_DB_manufacturer_description` (`manufacturer_id`, `language_id`, `name`, `description`, `meta_title`, `meta_h1`, `meta_description`, `meta_keyword`) VALUES ('10', '1', 'MMR', '', 'MMR', '', '', '');
INSERT INTO `PREFIX_DB_manufacturer_description` (`manufacturer_id`, `language_id`, `name`, `description`, `meta_title`, `meta_h1`, `meta_description`, `meta_keyword`) VALUES ('8', '2', 'Apple', '', 'Bakery', '', '', '');
INSERT INTO `PREFIX_DB_manufacturer_description` (`manufacturer_id`, `language_id`, `name`, `description`, `meta_title`, `meta_h1`, `meta_description`, `meta_keyword`) VALUES ('10', '2', 'MMR', '', 'MMR', '', '', '');
INSERT INTO `PREFIX_DB_manufacturer_description` (`manufacturer_id`, `language_id`, `name`, `description`, `meta_title`, `meta_h1`, `meta_description`, `meta_keyword`) VALUES ('6', '2', 'Palm', '', 'Palm', '', '', '');
INSERT INTO `PREFIX_DB_manufacturer_description` (`manufacturer_id`, `language_id`, `name`, `description`, `meta_title`, `meta_h1`, `meta_description`, `meta_keyword`) VALUES ('5', '2', 'HTC', '', 'HTC', '', '', '');


TRUNCATE TABLE `PREFIX_DB_manufacturer_to_store`;

INSERT INTO `PREFIX_DB_manufacturer_to_store` (`manufacturer_id`, `store_id`) VALUES ('5', '0');
INSERT INTO `PREFIX_DB_manufacturer_to_store` (`manufacturer_id`, `store_id`) VALUES ('6', '0');
INSERT INTO `PREFIX_DB_manufacturer_to_store` (`manufacturer_id`, `store_id`) VALUES ('7', '0');
INSERT INTO `PREFIX_DB_manufacturer_to_store` (`manufacturer_id`, `store_id`) VALUES ('8', '0');
INSERT INTO `PREFIX_DB_manufacturer_to_store` (`manufacturer_id`, `store_id`) VALUES ('9', '0');
INSERT INTO `PREFIX_DB_manufacturer_to_store` (`manufacturer_id`, `store_id`) VALUES ('10', '0');




TRUNCATE TABLE `PREFIX_DB_module`;

INSERT INTO `PREFIX_DB_module` (`module_id`, `name`, `code`, `setting`) VALUES ('30', 'Баннер правый 2', 'banner', '{"name":"\\u0411\\u0430\\u043d\\u043d\\u0435\\u0440 \\u043f\\u0440\\u0430\\u0432\\u044b\\u0439 2","banner_id":"10","width":"493","height":"203","status":"1"}');
INSERT INTO `PREFIX_DB_module` (`module_id`, `name`, `code`, `setting`) VALUES ('29', 'Карусель производители', 'carousel', '{"name":"\\u041a\\u0430\\u0440\\u0443\\u0441\\u0435\\u043b\\u044c \\u043f\\u0440\\u043e\\u0438\\u0437\\u0432\\u043e\\u0434\\u0438\\u0442\\u0435\\u043b\\u0438","banner_id":"8","width":"130","height":"100","status":"1"}');
INSERT INTO `PREFIX_DB_module` (`module_id`, `name`, `code`, `setting`) VALUES ('42', 'Рекомендуемые левая колонка', 'featured', '{"name":"\\u0420\\u0435\\u043a\\u043e\\u043c\\u0435\\u043d\\u0434\\u0443\\u0435\\u043c\\u044b\\u0435 \\u043b\\u0435\\u0432\\u0430\\u044f \\u043a\\u043e\\u043b\\u043e\\u043d\\u043a\\u0430","product_name":"","product":["42","30","47"],"limit":"3","width":"95","height":"95","status":"1"}');
INSERT INTO `PREFIX_DB_module` (`module_id`, `name`, `code`, `setting`) VALUES ('27', 'Слайдшоу слева (2 баннера справа)', 'slideshow', '{"name":"\\u0421\\u043b\\u0430\\u0439\\u0434\\u0448\\u043e\\u0443 \\u0441\\u043b\\u0435\\u0432\\u0430 (2 \\u0431\\u0430\\u043d\\u043d\\u0435\\u0440\\u0430 \\u0441\\u043f\\u0440\\u0430\\u0432\\u0430)","banner_id":"7","transitionStyle":"1","width":"1017","height":"420","status":"1"}');
INSERT INTO `PREFIX_DB_module` (`module_id`, `name`, `code`, `setting`) VALUES ('31', 'Баннер правый 1', 'banner', '{"name":"\\u0411\\u0430\\u043d\\u043d\\u0435\\u0440 \\u043f\\u0440\\u0430\\u0432\\u044b\\u0439 1","banner_id":"9","width":"493","height":"203","status":"1"}');
INSERT INTO `PREFIX_DB_module` (`module_id`, `name`, `code`, `setting`) VALUES ('33', 'Баннер средина 1', 'banner', '{"name":"\\u0411\\u0430\\u043d\\u043d\\u0435\\u0440 \\u0441\\u0440\\u0435\\u0434\\u0438\\u043d\\u0430 1","banner_id":"12","width":"457","height":"316","status":"1"}');
INSERT INTO `PREFIX_DB_module` (`module_id`, `name`, `code`, `setting`) VALUES ('34', 'Баннер средина 2', 'banner', '{"name":"\\u0411\\u0430\\u043d\\u043d\\u0435\\u0440 \\u0441\\u0440\\u0435\\u0434\\u0438\\u043d\\u0430 2","banner_id":"13","width":"954","height":"316","status":"1"}');
INSERT INTO `PREFIX_DB_module` (`module_id`, `name`, `code`, `setting`) VALUES ('35', 'Баннер средина 3', 'banner', '{"name":"\\u0411\\u0430\\u043d\\u043d\\u0435\\u0440 \\u0441\\u0440\\u0435\\u0434\\u0438\\u043d\\u0430 3","banner_id":"14","width":"457","height":"316","status":"1"}');
INSERT INTO `PREFIX_DB_module` (`module_id`, `name`, `code`, `setting`) VALUES ('36', 'Баннер низ', 'banner', '{"name":"\\u0411\\u0430\\u043d\\u043d\\u0435\\u0440 \\u043d\\u0438\\u0437","banner_id":"15","width":"1540","height":"176","status":"1"}');
INSERT INTO `PREFIX_DB_module` (`module_id`, `name`, `code`, `setting`) VALUES ('71', 'баннер топ', 'banner', '{"name":"\\u0431\\u0430\\u043d\\u043d\\u0435\\u0440 \\u0442\\u043e\\u043f","banner_id":"19","width":"1920","height":"30","status":"1"}');
INSERT INTO `PREFIX_DB_module` (`module_id`, `name`, `code`, `setting`) VALUES ('43', '  Товары со скидкой левая колонка', 'special', '{"name":"  \\u0422\\u043e\\u0432\\u0430\\u0440\\u044b \\u0441\\u043e \\u0441\\u043a\\u0438\\u0434\\u043a\\u043e\\u0439 \\u043b\\u0435\\u0432\\u0430\\u044f \\u043a\\u043e\\u043b\\u043e\\u043d\\u043a\\u0430","limit":"3","width":"95","height":"95","status":"1"}');
INSERT INTO `PREFIX_DB_module` (`module_id`, `name`, `code`, `setting`) VALUES ('45', 'Слайдшоу на всю ширину', 'slideshow', '{"name":"\\u0421\\u043b\\u0430\\u0439\\u0434\\u0448\\u043e\\u0443 \\u043d\\u0430 \\u0432\\u0441\\u044e \\u0448\\u0438\\u0440\\u0438\\u043d\\u0443","banner_id":"16","transitionStyle":"1","width":"1920","height":"420","status":"1"}');
INSERT INTO `PREFIX_DB_module` (`module_id`, `name`, `code`, `setting`) VALUES ('46', 'баннер левая колонка', 'banner', '{"name":"\\u0431\\u0430\\u043d\\u043d\\u0435\\u0440 \\u043b\\u0435\\u0432\\u0430\\u044f \\u043a\\u043e\\u043b\\u043e\\u043d\\u043a\\u0430","banner_id":"17","width":"362","height":"175","status":"1"}');
INSERT INTO `PREFIX_DB_module` (`module_id`, `name`, `code`, `setting`) VALUES ('47', 'Хиты продаж левая колонка', 'bestseller', '{"name":"\\u0425\\u0438\\u0442\\u044b \\u043f\\u0440\\u043e\\u0434\\u0430\\u0436 \\u043b\\u0435\\u0432\\u0430\\u044f \\u043a\\u043e\\u043b\\u043e\\u043d\\u043a\\u0430","limit":"3","width":"95","height":"95","status":"1"}');
INSERT INTO `PREFIX_DB_module` (`module_id`, `name`, `code`, `setting`) VALUES ('48', 'Последние левая колонка', 'latest', '{"name":"\\u041f\\u043e\\u0441\\u043b\\u0435\\u0434\\u043d\\u0438\\u0435 \\u043b\\u0435\\u0432\\u0430\\u044f \\u043a\\u043e\\u043b\\u043e\\u043d\\u043a\\u0430","limit":"3","width":"95","height":"95","status":"1"}');
INSERT INTO `PREFIX_DB_module` (`module_id`, `name`, `code`, `setting`) VALUES ('87', 'баннер правый 1 если включена левая колонка', 'banner', '{"name":"\\u0431\\u0430\\u043d\\u043d\\u0435\\u0440 \\u043f\\u0440\\u0430\\u0432\\u044b\\u0439 1 \\u0435\\u0441\\u043b\\u0438 \\u0432\\u043a\\u043b\\u044e\\u0447\\u0435\\u043d\\u0430 \\u043b\\u0435\\u0432\\u0430\\u044f \\u043a\\u043e\\u043b\\u043e\\u043d\\u043a\\u0430","banner_id":"22","width":"457","height":"181","status":"1"}');
INSERT INTO `PREFIX_DB_module` (`module_id`, `name`, `code`, `setting`) VALUES ('80', 'Стена категорий', 'aridius_catwall', '{"name":"\\u0421\\u0442\\u0435\\u043d\\u0430 \\u043a\\u0430\\u0442\\u0435\\u0433\\u043e\\u0440\\u0438\\u0439","aridius_catwall_cat":["118","20","18","25","24","33","34","129"],"width":"150","height":"150","variant":"0","child_visible":"1","add_img":"1","limit_child":"4","col_xs":"12","col_sm":"6","col_md":"4","col_lg":"4","slides1":"2","slides2":"4","slides3":"5","slides4":"6","status":"1","apply":"1"}');
INSERT INTO `PREFIX_DB_module` (`module_id`, `name`, `code`, `setting`) VALUES ('81', 'Табы 5 в 1 ', 'aridius_tab', '{"name":"\\u0422\\u0430\\u0431\\u044b 5 \\u0432 1 ","product":["48","36","30","40","45","32","29","28","47","34","31","41"],"limit":"12","width":"200","height":"200","rat":"1","wish":"1","comp":"1","quickview":"1","carusel":"0","navigation":"1","autoplay_on":"0","autoplay":"4000","items":"6","rew_speed":"1000","stophover":"1","status":"1","apply":"1","special_products":0,"latest_products":0,"featured_products":0,"bestseller_products":0}');
INSERT INTO `PREFIX_DB_module` (`module_id`, `name`, `code`, `setting`) VALUES ('82', 'Aridius (Aurus)  Товары со скидкой', 'aridius_special', '{"name":"Aridius (Aurus)  \\u0422\\u043e\\u0432\\u0430\\u0440\\u044b \\u0441\\u043e \\u0441\\u043a\\u0438\\u0434\\u043a\\u043e\\u0439","limit":"10","width":"200","height":"200","rat":"1","wish":"1","comp":"1","quickview":"1","carusel":"0","navigation":"1","autoplay_on":"0","autoplay":"4000","items":"5","rew_speed":"1000","stophover":"1","status":"1"}');
INSERT INTO `PREFIX_DB_module` (`module_id`, `name`, `code`, `setting`) VALUES ('83', 'Последние отзывы о товарах(карусель)', 'aridius_pr_review', '{"name":"\\u041f\\u043e\\u0441\\u043b\\u0435\\u0434\\u043d\\u0438\\u0435 \\u043e\\u0442\\u0437\\u044b\\u0432\\u044b \\u043e \\u0442\\u043e\\u0432\\u0430\\u0440\\u0430\\u0445(\\u043a\\u0430\\u0440\\u0443\\u0441\\u0435\\u043b\\u044c)","limit":"5","width":"95","height":"95","navigation":"1","autoplay_on":"0","autoplay":"4000","items":"3","pag_speed":"3000","stophover":"1","rat":"1","colleft":"0","status":"1"}');
INSERT INTO `PREFIX_DB_module` (`module_id`, `name`, `code`, `setting`) VALUES ('84', 'Список новостей', 'aridius_news_category', '{"name":"\\u0421\\u043f\\u0438\\u0441\\u043e\\u043a \\u043d\\u043e\\u0432\\u043e\\u0441\\u0442\\u0435\\u0439","aridius_news_category2":["1","2"],"width":"95","height":"95","status":"1"}');
INSERT INTO `PREFIX_DB_module` (`module_id`, `name`, `code`, `setting`) VALUES ('85', 'Просмотренные товары - левая колонка', 'aridius_viewed', '{"name":"\\u041f\\u0440\\u043e\\u0441\\u043c\\u043e\\u0442\\u0440\\u0435\\u043d\\u043d\\u044b\\u0435 \\u0442\\u043e\\u0432\\u0430\\u0440\\u044b - \\u043b\\u0435\\u0432\\u0430\\u044f \\u043a\\u043e\\u043b\\u043e\\u043d\\u043a\\u0430","limit":"3","width":"90","height":"90","rat":"1","wish":"1","comp":"1","quickview":"1","colleft":"1","carusel":"1","navigation":"1","autoplay_on":"1","autoplay":"4000","items":"5","rew_speed":"1000","stophover":"1","status":"1"}');
INSERT INTO `PREFIX_DB_module` (`module_id`, `name`, `code`, `setting`) VALUES ('86', 'Просмотренные товары (карусель) топ', 'aridius_viewed', '{"name":"\\u041f\\u0440\\u043e\\u0441\\u043c\\u043e\\u0442\\u0440\\u0435\\u043d\\u043d\\u044b\\u0435 \\u0442\\u043e\\u0432\\u0430\\u0440\\u044b (\\u043a\\u0430\\u0440\\u0443\\u0441\\u0435\\u043b\\u044c) \\u0442\\u043e\\u043f","limit":"10","width":"200","height":"200","rat":"1","wish":"1","comp":"1","quickview":"1","colleft":"0","carusel":"0","navigation":"1","autoplay_on":"0","autoplay":"4000","items":"4","rew_speed":"1000","stophover":"1","status":"1"}');
INSERT INTO `PREFIX_DB_module` (`module_id`, `name`, `code`, `setting`) VALUES ('88', 'баннер правый 2 если включена левая колонка', 'banner', '{"name":"\\u0431\\u0430\\u043d\\u043d\\u0435\\u0440 \\u043f\\u0440\\u0430\\u0432\\u044b\\u0439 2 \\u0435\\u0441\\u043b\\u0438 \\u0432\\u043a\\u043b\\u044e\\u0447\\u0435\\u043d\\u0430 \\u043b\\u0435\\u0432\\u0430\\u044f \\u043a\\u043e\\u043b\\u043e\\u043d\\u043a\\u0430","banner_id":"23","width":"457","height":"181","status":"1"}');
INSERT INTO `PREFIX_DB_module` (`module_id`, `name`, `code`, `setting`) VALUES ('89', 'Слайдшоу слева  (2 баннера справа) если есть левая колонка', 'slideshow', '{"name":"\\u0421\\u043b\\u0430\\u0439\\u0434\\u0448\\u043e\\u0443 \\u0441\\u043b\\u0435\\u0432\\u0430  (2 \\u0431\\u0430\\u043d\\u043d\\u0435\\u0440\\u0430 \\u0441\\u043f\\u0440\\u0430\\u0432\\u0430) \\u0435\\u0441\\u043b\\u0438 \\u0435\\u0441\\u0442\\u044c \\u043b\\u0435\\u0432\\u0430\\u044f \\u043a\\u043e\\u043b\\u043e\\u043d\\u043a\\u0430","banner_id":"20","transitionStyle":"0","width":"974","height":"400","status":"1"}');
INSERT INTO `PREFIX_DB_module` (`module_id`, `name`, `code`, `setting`) VALUES ('90', 'слайдер с шапкой', 'slideshow', '{"name":"\\u0441\\u043b\\u0430\\u0439\\u0434\\u0435\\u0440 \\u0441 \\u0448\\u0430\\u043f\\u043a\\u043e\\u0439","banner_id":"24","transitionStyle":"0","width":"1920","height":"700","status":"1"}');


TRUNCATE TABLE `PREFIX_DB_option`;

INSERT INTO `PREFIX_DB_option` (`option_id`, `type`, `sort_order`) VALUES ('2', 'checkbox', '2');
INSERT INTO `PREFIX_DB_option` (`option_id`, `type`, `sort_order`) VALUES ('14', 'radio', '0');
INSERT INTO `PREFIX_DB_option` (`option_id`, `type`, `sort_order`) VALUES ('17', 'date', '10');
INSERT INTO `PREFIX_DB_option` (`option_id`, `type`, `sort_order`) VALUES ('18', 'radio', '100');


TRUNCATE TABLE `PREFIX_DB_option_description`;

INSERT INTO `PREFIX_DB_option_description` (`option_id`, `language_id`, `name`) VALUES ('14', '2', 'Размер');
INSERT INTO `PREFIX_DB_option_description` (`option_id`, `language_id`, `name`) VALUES ('14', '1', 'Размер');
INSERT INTO `PREFIX_DB_option_description` (`option_id`, `language_id`, `name`) VALUES ('2', '1', 'Пример опции');
INSERT INTO `PREFIX_DB_option_description` (`option_id`, `language_id`, `name`) VALUES ('17', '1', 'дата');
INSERT INTO `PREFIX_DB_option_description` (`option_id`, `language_id`, `name`) VALUES ('17', '2', 'дата');
INSERT INTO `PREFIX_DB_option_description` (`option_id`, `language_id`, `name`) VALUES ('18', '1', 'Цвет');
INSERT INTO `PREFIX_DB_option_description` (`option_id`, `language_id`, `name`) VALUES ('2', '2', 'Checkbox');
INSERT INTO `PREFIX_DB_option_description` (`option_id`, `language_id`, `name`) VALUES ('18', '2', 'Colour');


TRUNCATE TABLE `PREFIX_DB_option_value`;

INSERT INTO `PREFIX_DB_option_value` (`option_value_id`, `option_id`, `image`, `sort_order`) VALUES ('43', '1', '', '3');
INSERT INTO `PREFIX_DB_option_value` (`option_value_id`, `option_id`, `image`, `sort_order`) VALUES ('32', '1', '', '1');
INSERT INTO `PREFIX_DB_option_value` (`option_value_id`, `option_id`, `image`, `sort_order`) VALUES ('45', '2', '', '4');
INSERT INTO `PREFIX_DB_option_value` (`option_value_id`, `option_id`, `image`, `sort_order`) VALUES ('44', '2', '', '3');
INSERT INTO `PREFIX_DB_option_value` (`option_value_id`, `option_id`, `image`, `sort_order`) VALUES ('42', '5', '', '4');
INSERT INTO `PREFIX_DB_option_value` (`option_value_id`, `option_id`, `image`, `sort_order`) VALUES ('41', '5', '', '3');
INSERT INTO `PREFIX_DB_option_value` (`option_value_id`, `option_id`, `image`, `sort_order`) VALUES ('39', '5', '', '1');
INSERT INTO `PREFIX_DB_option_value` (`option_value_id`, `option_id`, `image`, `sort_order`) VALUES ('40', '5', '', '2');
INSERT INTO `PREFIX_DB_option_value` (`option_value_id`, `option_id`, `image`, `sort_order`) VALUES ('31', '1', '', '2');
INSERT INTO `PREFIX_DB_option_value` (`option_value_id`, `option_id`, `image`, `sort_order`) VALUES ('24', '2', '', '2');
INSERT INTO `PREFIX_DB_option_value` (`option_value_id`, `option_id`, `image`, `sort_order`) VALUES ('23', '2', '', '1');
INSERT INTO `PREFIX_DB_option_value` (`option_value_id`, `option_id`, `image`, `sort_order`) VALUES ('46', '11', '', '1');
INSERT INTO `PREFIX_DB_option_value` (`option_value_id`, `option_id`, `image`, `sort_order`) VALUES ('47', '11', '', '2');
INSERT INTO `PREFIX_DB_option_value` (`option_value_id`, `option_id`, `image`, `sort_order`) VALUES ('48', '11', '', '3');
INSERT INTO `PREFIX_DB_option_value` (`option_value_id`, `option_id`, `image`, `sort_order`) VALUES ('49', '14', '', '0');
INSERT INTO `PREFIX_DB_option_value` (`option_value_id`, `option_id`, `image`, `sort_order`) VALUES ('50', '14', '', '1');
INSERT INTO `PREFIX_DB_option_value` (`option_value_id`, `option_id`, `image`, `sort_order`) VALUES ('51', '14', '', '2');
INSERT INTO `PREFIX_DB_option_value` (`option_value_id`, `option_id`, `image`, `sort_order`) VALUES ('52', '14', '', '3');
INSERT INTO `PREFIX_DB_option_value` (`option_value_id`, `option_id`, `image`, `sort_order`) VALUES ('53', '14', '', '4');
INSERT INTO `PREFIX_DB_option_value` (`option_value_id`, `option_id`, `image`, `sort_order`) VALUES ('61', '18', 'catalog/tovar/2175542.jpg', '4');
INSERT INTO `PREFIX_DB_option_value` (`option_value_id`, `option_id`, `image`, `sort_order`) VALUES ('60', '18', 'catalog/tovar/21755422.jpg', '3');
INSERT INTO `PREFIX_DB_option_value` (`option_value_id`, `option_id`, `image`, `sort_order`) VALUES ('59', '18', 'catalog/tovar/21755421.jpg', '2');
INSERT INTO `PREFIX_DB_option_value` (`option_value_id`, `option_id`, `image`, `sort_order`) VALUES ('58', '18', 'catalog/tovar/217554.jpg', '1');


TRUNCATE TABLE `PREFIX_DB_option_value_description`;

INSERT INTO `PREFIX_DB_option_value_description` (`option_value_id`, `language_id`, `option_id`, `name`) VALUES ('43', '1', '1', 'Large');
INSERT INTO `PREFIX_DB_option_value_description` (`option_value_id`, `language_id`, `option_id`, `name`) VALUES ('32', '1', '1', 'Small');
INSERT INTO `PREFIX_DB_option_value_description` (`option_value_id`, `language_id`, `option_id`, `name`) VALUES ('45', '2', '2', 'xl');
INSERT INTO `PREFIX_DB_option_value_description` (`option_value_id`, `language_id`, `option_id`, `name`) VALUES ('45', '1', '2', 'xl');
INSERT INTO `PREFIX_DB_option_value_description` (`option_value_id`, `language_id`, `option_id`, `name`) VALUES ('31', '1', '1', 'Medium');
INSERT INTO `PREFIX_DB_option_value_description` (`option_value_id`, `language_id`, `option_id`, `name`) VALUES ('42', '1', '5', 'Желтый');
INSERT INTO `PREFIX_DB_option_value_description` (`option_value_id`, `language_id`, `option_id`, `name`) VALUES ('41', '1', '5', 'Зеленый');
INSERT INTO `PREFIX_DB_option_value_description` (`option_value_id`, `language_id`, `option_id`, `name`) VALUES ('39', '1', '5', 'Красный');
INSERT INTO `PREFIX_DB_option_value_description` (`option_value_id`, `language_id`, `option_id`, `name`) VALUES ('40', '1', '5', 'Синий');
INSERT INTO `PREFIX_DB_option_value_description` (`option_value_id`, `language_id`, `option_id`, `name`) VALUES ('44', '2', '2', 'l');
INSERT INTO `PREFIX_DB_option_value_description` (`option_value_id`, `language_id`, `option_id`, `name`) VALUES ('44', '1', '2', 'l');
INSERT INTO `PREFIX_DB_option_value_description` (`option_value_id`, `language_id`, `option_id`, `name`) VALUES ('48', '1', '11', 'Large');
INSERT INTO `PREFIX_DB_option_value_description` (`option_value_id`, `language_id`, `option_id`, `name`) VALUES ('47', '1', '11', 'Medium');
INSERT INTO `PREFIX_DB_option_value_description` (`option_value_id`, `language_id`, `option_id`, `name`) VALUES ('46', '1', '11', 'Small');
INSERT INTO `PREFIX_DB_option_value_description` (`option_value_id`, `language_id`, `option_id`, `name`) VALUES ('43', '2', '1', 'Large');
INSERT INTO `PREFIX_DB_option_value_description` (`option_value_id`, `language_id`, `option_id`, `name`) VALUES ('32', '2', '1', 'Small');
INSERT INTO `PREFIX_DB_option_value_description` (`option_value_id`, `language_id`, `option_id`, `name`) VALUES ('24', '2', '2', 'm');
INSERT INTO `PREFIX_DB_option_value_description` (`option_value_id`, `language_id`, `option_id`, `name`) VALUES ('24', '1', '2', 'm');
INSERT INTO `PREFIX_DB_option_value_description` (`option_value_id`, `language_id`, `option_id`, `name`) VALUES ('31', '2', '1', 'Medium');
INSERT INTO `PREFIX_DB_option_value_description` (`option_value_id`, `language_id`, `option_id`, `name`) VALUES ('42', '2', '5', 'Yellow');
INSERT INTO `PREFIX_DB_option_value_description` (`option_value_id`, `language_id`, `option_id`, `name`) VALUES ('41', '2', '5', 'Green');
INSERT INTO `PREFIX_DB_option_value_description` (`option_value_id`, `language_id`, `option_id`, `name`) VALUES ('39', '2', '5', 'Red');
INSERT INTO `PREFIX_DB_option_value_description` (`option_value_id`, `language_id`, `option_id`, `name`) VALUES ('40', '2', '5', 'Blue');
INSERT INTO `PREFIX_DB_option_value_description` (`option_value_id`, `language_id`, `option_id`, `name`) VALUES ('23', '2', '2', 's');
INSERT INTO `PREFIX_DB_option_value_description` (`option_value_id`, `language_id`, `option_id`, `name`) VALUES ('23', '1', '2', 's');
INSERT INTO `PREFIX_DB_option_value_description` (`option_value_id`, `language_id`, `option_id`, `name`) VALUES ('48', '2', '11', 'Large');
INSERT INTO `PREFIX_DB_option_value_description` (`option_value_id`, `language_id`, `option_id`, `name`) VALUES ('47', '2', '11', 'Medium');
INSERT INTO `PREFIX_DB_option_value_description` (`option_value_id`, `language_id`, `option_id`, `name`) VALUES ('46', '2', '11', 'Small');
INSERT INTO `PREFIX_DB_option_value_description` (`option_value_id`, `language_id`, `option_id`, `name`) VALUES ('49', '1', '14', 's');
INSERT INTO `PREFIX_DB_option_value_description` (`option_value_id`, `language_id`, `option_id`, `name`) VALUES ('49', '2', '14', 's');
INSERT INTO `PREFIX_DB_option_value_description` (`option_value_id`, `language_id`, `option_id`, `name`) VALUES ('50', '1', '14', 'm');
INSERT INTO `PREFIX_DB_option_value_description` (`option_value_id`, `language_id`, `option_id`, `name`) VALUES ('50', '2', '14', 'm');
INSERT INTO `PREFIX_DB_option_value_description` (`option_value_id`, `language_id`, `option_id`, `name`) VALUES ('51', '1', '14', 'l');
INSERT INTO `PREFIX_DB_option_value_description` (`option_value_id`, `language_id`, `option_id`, `name`) VALUES ('51', '2', '14', 'l');
INSERT INTO `PREFIX_DB_option_value_description` (`option_value_id`, `language_id`, `option_id`, `name`) VALUES ('52', '1', '14', 'xl');
INSERT INTO `PREFIX_DB_option_value_description` (`option_value_id`, `language_id`, `option_id`, `name`) VALUES ('52', '2', '14', 'xl');
INSERT INTO `PREFIX_DB_option_value_description` (`option_value_id`, `language_id`, `option_id`, `name`) VALUES ('53', '1', '14', 'xxl');
INSERT INTO `PREFIX_DB_option_value_description` (`option_value_id`, `language_id`, `option_id`, `name`) VALUES ('53', '2', '14', 'xxl');
INSERT INTO `PREFIX_DB_option_value_description` (`option_value_id`, `language_id`, `option_id`, `name`) VALUES ('61', '1', '18', 'Pink');
INSERT INTO `PREFIX_DB_option_value_description` (`option_value_id`, `language_id`, `option_id`, `name`) VALUES ('60', '2', '18', 'White');
INSERT INTO `PREFIX_DB_option_value_description` (`option_value_id`, `language_id`, `option_id`, `name`) VALUES ('60', '1', '18', 'White');
INSERT INTO `PREFIX_DB_option_value_description` (`option_value_id`, `language_id`, `option_id`, `name`) VALUES ('59', '2', '18', 'Gold');
INSERT INTO `PREFIX_DB_option_value_description` (`option_value_id`, `language_id`, `option_id`, `name`) VALUES ('59', '1', '18', 'Gold');
INSERT INTO `PREFIX_DB_option_value_description` (`option_value_id`, `language_id`, `option_id`, `name`) VALUES ('58', '2', '18', 'Black');
INSERT INTO `PREFIX_DB_option_value_description` (`option_value_id`, `language_id`, `option_id`, `name`) VALUES ('58', '1', '18', 'Black');
INSERT INTO `PREFIX_DB_option_value_description` (`option_value_id`, `language_id`, `option_id`, `name`) VALUES ('61', '2', '18', 'Pink');














TRUNCATE TABLE `PREFIX_DB_product`;

INSERT INTO `PREFIX_DB_product` (`product_id`, `model`, `sku`, `upc`, `ean`, `jan`, `isbn`, `mpn`, `location`, `quantity`, `stock_status_id`, `stickers`, `popupsize`, `image`, `manufacturer_id`, `shipping`, `price`, `points`, `tax_class_id`, `date_available`, `weight`, `weight_class_id`, `length`, `width`, `height`, `length_class_id`, `subtract`, `minimum`, `sort_order`, `status`, `viewed`, `date_added`, `date_modified`) VALUES ('28', '11307902', '', '', '', '', '', '', '', '7', '7', '0', '0', 'catalog/tovar/lg_f4v.jpg', '5', '1', '32765.0000', '200', '9', '2009-02-03', '146.40', '2', '0.00', '0.00', '0.00', '1', '1', '1', '0', '1', '376', '2009-02-03 16:06:50', '2020-01-28 21:54:54');
INSERT INTO `PREFIX_DB_product` (`product_id`, `model`, `sku`, `upc`, `ean`, `jan`, `isbn`, `mpn`, `location`, `quantity`, `stock_status_id`, `stickers`, `popupsize`, `image`, `manufacturer_id`, `shipping`, `price`, `points`, `tax_class_id`, `date_available`, `weight`, `weight_class_id`, `length`, `width`, `height`, `length_class_id`, `subtract`, `minimum`, `sort_order`, `status`, `viewed`, `date_added`, `date_modified`) VALUES ('29', '11307902', '', '', '', '', '', '', '', '777', '6', '0', '0', 'catalog/tovar/duhi1-860x860.jpg', '6', '1', '4585.0000', '0', '9', '2009-02-03', '133.00', '2', '0.00', '0.00', '0.00', '1', '1', '1', '0', '1', '622', '2009-02-03 16:42:17', '2020-01-28 21:54:20');
INSERT INTO `PREFIX_DB_product` (`product_id`, `model`, `sku`, `upc`, `ean`, `jan`, `isbn`, `mpn`, `location`, `quantity`, `stock_status_id`, `stickers`, `popupsize`, `image`, `manufacturer_id`, `shipping`, `price`, `points`, `tax_class_id`, `date_available`, `weight`, `weight_class_id`, `length`, `width`, `height`, `length_class_id`, `subtract`, `minimum`, `sort_order`, `status`, `viewed`, `date_added`, `date_modified`) VALUES ('30', '11307902', '', '', '', '', '', '', '', '0', '6', '1', '0', 'catalog/tovar/gala__4-860x860.jpg', '9', '1', '48458.0000', '0', '9', '2009-02-03', '0.00', '1', '0.00', '0.00', '0.00', '1', '1', '1', '0', '1', '310', '2009-02-03 16:59:00', '2020-01-28 21:54:50');
INSERT INTO `PREFIX_DB_product` (`product_id`, `model`, `sku`, `upc`, `ean`, `jan`, `isbn`, `mpn`, `location`, `quantity`, `stock_status_id`, `stickers`, `popupsize`, `image`, `manufacturer_id`, `shipping`, `price`, `points`, `tax_class_id`, `date_available`, `weight`, `weight_class_id`, `length`, `width`, `height`, `length_class_id`, `subtract`, `minimum`, `sort_order`, `status`, `viewed`, `date_added`, `date_modified`) VALUES ('31', '11307902', '', '', '', '', '', '', '', '1000', '6', '0', '0', 'catalog/tovar/tr1-860x860.jpg', '0', '1', '27854.0000', '0', '9', '2009-02-03', '0.00', '1', '0.00', '0.00', '0.00', '1', '1', '1', '0', '1', '6', '2009-02-03 17:00:10', '2020-01-28 21:55:06');
INSERT INTO `PREFIX_DB_product` (`product_id`, `model`, `sku`, `upc`, `ean`, `jan`, `isbn`, `mpn`, `location`, `quantity`, `stock_status_id`, `stickers`, `popupsize`, `image`, `manufacturer_id`, `shipping`, `price`, `points`, `tax_class_id`, `date_available`, `weight`, `weight_class_id`, `length`, `width`, `height`, `length_class_id`, `subtract`, `minimum`, `sort_order`, `status`, `viewed`, `date_added`, `date_modified`) VALUES ('32', '11307902', '', '', '', '', '', '', '', '995', '6', '0', '0', 'catalog/tovar/car1-860x860.jpg', '8', '1', '7258.0000', '0', '9', '2009-02-03', '5.00', '1', '0.00', '0.00', '0.00', '1', '1', '1', '0', '1', '34', '2009-02-03 17:07:26', '2020-01-28 21:54:33');
INSERT INTO `PREFIX_DB_product` (`product_id`, `model`, `sku`, `upc`, `ean`, `jan`, `isbn`, `mpn`, `location`, `quantity`, `stock_status_id`, `stickers`, `popupsize`, `image`, `manufacturer_id`, `shipping`, `price`, `points`, `tax_class_id`, `date_available`, `weight`, `weight_class_id`, `length`, `width`, `height`, `length_class_id`, `subtract`, `minimum`, `sort_order`, `status`, `viewed`, `date_added`, `date_modified`) VALUES ('33', '11307902', '', '', '', '', '', '', '', '1000', '6', '0', '0', 'catalog/tovar/reg1-860x860.jpg', '0', '1', '3321.0000', '0', '9', '2009-02-03', '5.00', '1', '0.00', '0.00', '0.00', '2', '1', '1', '0', '1', '225', '2009-02-03 17:08:31', '2020-01-28 21:54:11');
INSERT INTO `PREFIX_DB_product` (`product_id`, `model`, `sku`, `upc`, `ean`, `jan`, `isbn`, `mpn`, `location`, `quantity`, `stock_status_id`, `stickers`, `popupsize`, `image`, `manufacturer_id`, `shipping`, `price`, `points`, `tax_class_id`, `date_available`, `weight`, `weight_class_id`, `length`, `width`, `height`, `length_class_id`, `subtract`, `minimum`, `sort_order`, `status`, `viewed`, `date_added`, `date_modified`) VALUES ('34', '11307902', '', '', '', '', '', '', '', '999', '6', '0', '0', 'catalog/tovar/sum1-860x860.jpg', '8', '1', '3257.0000', '0', '9', '2009-02-03', '5.00', '1', '0.00', '0.00', '0.00', '2', '1', '1', '0', '1', '128', '2009-02-03 18:07:54', '2020-01-28 21:54:58');
INSERT INTO `PREFIX_DB_product` (`product_id`, `model`, `sku`, `upc`, `ean`, `jan`, `isbn`, `mpn`, `location`, `quantity`, `stock_status_id`, `stickers`, `popupsize`, `image`, `manufacturer_id`, `shipping`, `price`, `points`, `tax_class_id`, `date_available`, `weight`, `weight_class_id`, `length`, `width`, `height`, `length_class_id`, `subtract`, `minimum`, `sort_order`, `status`, `viewed`, `date_added`, `date_modified`) VALUES ('36', '11307902', '', '', '', '', '', '', '', '993', '6', '0', '0', 'catalog/tovar/rub1-860x860.jpg', '8', '0', '1232.0000', '100', '9', '2009-02-03', '5.00', '1', '0.00', '0.00', '0.00', '2', '1', '1', '0', '1', '287', '2009-02-03 18:09:19', '2020-01-28 21:54:46');
INSERT INTO `PREFIX_DB_product` (`product_id`, `model`, `sku`, `upc`, `ean`, `jan`, `isbn`, `mpn`, `location`, `quantity`, `stock_status_id`, `stickers`, `popupsize`, `image`, `manufacturer_id`, `shipping`, `price`, `points`, `tax_class_id`, `date_available`, `weight`, `weight_class_id`, `length`, `width`, `height`, `length_class_id`, `subtract`, `minimum`, `sort_order`, `status`, `viewed`, `date_added`, `date_modified`) VALUES ('40', '11307902', '', '', '', '', '', '', '', '969', '5', '0', '0', 'catalog/tovar/omen1-860x860.jpg', '8', '1', '74250.0000', '0', '9', '2009-02-03', '10.00', '1', '0.00', '0.00', '0.00', '1', '1', '1', '0', '1', '207', '2009-02-03 21:07:12', '2020-01-28 21:54:37');
INSERT INTO `PREFIX_DB_product` (`product_id`, `model`, `sku`, `upc`, `ean`, `jan`, `isbn`, `mpn`, `location`, `quantity`, `stock_status_id`, `stickers`, `popupsize`, `image`, `manufacturer_id`, `shipping`, `price`, `points`, `tax_class_id`, `date_available`, `weight`, `weight_class_id`, `length`, `width`, `height`, `length_class_id`, `subtract`, `minimum`, `sort_order`, `status`, `viewed`, `date_added`, `date_modified`) VALUES ('41', '11307902', '', '', '', '', '', '', '', '10', '5', '0', '0', 'catalog/tovar/korpus1-860x860.jpg', '8', '1', '7925.0000', '0', '9', '2009-02-03', '5.00', '1', '0.00', '0.00', '0.00', '1', '1', '1', '100', '1', '721', '2009-02-03 21:07:26', '2020-02-04 08:45:36');
INSERT INTO `PREFIX_DB_product` (`product_id`, `model`, `sku`, `upc`, `ean`, `jan`, `isbn`, `mpn`, `location`, `quantity`, `stock_status_id`, `stickers`, `popupsize`, `image`, `manufacturer_id`, `shipping`, `price`, `points`, `tax_class_id`, `date_available`, `weight`, `weight_class_id`, `length`, `width`, `height`, `length_class_id`, `subtract`, `minimum`, `sort_order`, `status`, `viewed`, `date_added`, `date_modified`) VALUES ('43', '11307902', '', '', '', '', '', '', '', '929', '5', '0', '0', 'catalog/tovar/palto-860x860.jpg', '8', '0', '18254.0000', '0', '9', '2009-02-03', '0.00', '1', '0.00', '0.00', '0.00', '2', '1', '1', '10001', '1', '160', '2009-02-03 21:07:49', '2020-01-28 21:54:15');
INSERT INTO `PREFIX_DB_product` (`product_id`, `model`, `sku`, `upc`, `ean`, `jan`, `isbn`, `mpn`, `location`, `quantity`, `stock_status_id`, `stickers`, `popupsize`, `image`, `manufacturer_id`, `shipping`, `price`, `points`, `tax_class_id`, `date_available`, `weight`, `weight_class_id`, `length`, `width`, `height`, `length_class_id`, `subtract`, `minimum`, `sort_order`, `status`, `viewed`, `date_added`, `date_modified`) VALUES ('44', '11307902', '', '', '', '', '', '', '', '1000', '5', '0', '0', 'catalog/tovar/js1-860x860.jpg', '8', '1', '17240.0000', '0', '9', '2009-02-03', '0.00', '1', '0.00', '0.00', '0.00', '2', '1', '1', '0', '1', '32', '2009-02-03 21:08:00', '2020-01-28 21:54:29');
INSERT INTO `PREFIX_DB_product` (`product_id`, `model`, `sku`, `upc`, `ean`, `jan`, `isbn`, `mpn`, `location`, `quantity`, `stock_status_id`, `stickers`, `popupsize`, `image`, `manufacturer_id`, `shipping`, `price`, `points`, `tax_class_id`, `date_available`, `weight`, `weight_class_id`, `length`, `width`, `height`, `length_class_id`, `subtract`, `minimum`, `sort_order`, `status`, `viewed`, `date_added`, `date_modified`) VALUES ('45', '11307902', '', '', '', '', '', '', '', '998', '5', '0', '0', 'catalog/tovar/ser1-860x860.jpg', '8', '1', '27358.0000', '0', '0', '2009-02-03', '0.00', '1', '0.00', '0.00', '0.00', '2', '1', '1', '0', '1', '23', '2009-02-03 21:08:17', '2020-01-28 21:54:24');
INSERT INTO `PREFIX_DB_product` (`product_id`, `model`, `sku`, `upc`, `ean`, `jan`, `isbn`, `mpn`, `location`, `quantity`, `stock_status_id`, `stickers`, `popupsize`, `image`, `manufacturer_id`, `shipping`, `price`, `points`, `tax_class_id`, `date_available`, `weight`, `weight_class_id`, `length`, `width`, `height`, `length_class_id`, `subtract`, `minimum`, `sort_order`, `status`, `viewed`, `date_added`, `date_modified`) VALUES ('46', '11307902', '', '', '', '', '', '', '', '1000', '5', '0', '0', 'catalog/tovar/pl1-860x860.jpg', '10', '1', '1000.0000', '0', '9', '2009-02-03', '0.00', '1', '0.00', '0.00', '0.00', '2', '1', '1', '0', '1', '17', '2009-02-03 21:08:29', '2020-01-28 21:55:02');
INSERT INTO `PREFIX_DB_product` (`product_id`, `model`, `sku`, `upc`, `ean`, `jan`, `isbn`, `mpn`, `location`, `quantity`, `stock_status_id`, `stickers`, `popupsize`, `image`, `manufacturer_id`, `shipping`, `price`, `points`, `tax_class_id`, `date_available`, `weight`, `weight_class_id`, `length`, `width`, `height`, `length_class_id`, `subtract`, `minimum`, `sort_order`, `status`, `viewed`, `date_added`, `date_modified`) VALUES ('47', '11307902', '', '', '', '', '', '', '', '1000', '5', '0', '0', 'catalog/tovar/pom1-860x860.jpg', '7', '1', '100.0000', '400', '9', '2009-02-03', '1.00', '1', '0.00', '0.00', '0.00', '1', '0', '1', '0', '1', '310', '2009-02-03 21:08:40', '2020-01-28 21:54:41');
INSERT INTO `PREFIX_DB_product` (`product_id`, `model`, `sku`, `upc`, `ean`, `jan`, `isbn`, `mpn`, `location`, `quantity`, `stock_status_id`, `stickers`, `popupsize`, `image`, `manufacturer_id`, `shipping`, `price`, `points`, `tax_class_id`, `date_available`, `weight`, `weight_class_id`, `length`, `width`, `height`, `length_class_id`, `subtract`, `minimum`, `sort_order`, `status`, `viewed`, `date_added`, `date_modified`) VALUES ('48', '11307902', 'test 1', '', '', '', '', '', 'test 2', '11', '5', '0', '0', 'catalog/tovar/139628127_images_14816854418.jpg', '8', '1', '30200.0000', '0', '9', '2009-02-08', '1.00', '1', '0.00', '0.00', '0.00', '2', '1', '1', '0', '1', '4106', '2009-02-08 17:21:51', '2020-01-28 21:53:49');
INSERT INTO `PREFIX_DB_product` (`product_id`, `model`, `sku`, `upc`, `ean`, `jan`, `isbn`, `mpn`, `location`, `quantity`, `stock_status_id`, `stickers`, `popupsize`, `image`, `manufacturer_id`, `shipping`, `price`, `points`, `tax_class_id`, `date_available`, `weight`, `weight_class_id`, `length`, `width`, `height`, `length_class_id`, `subtract`, `minimum`, `sort_order`, `status`, `viewed`, `date_added`, `date_modified`) VALUES ('49', '11307902', '', '', '', '', '', '', '', '0', '8', '0', '0', 'catalog/tovar/kr1-860x860.jpg', '0', '1', '7236.0000', '777', '9', '2011-04-25', '0.00', '1', '0.00', '0.00', '0.00', '1', '1', '1', '1', '1', '842', '2011-04-26 08:57:34', '2020-01-28 21:54:02');
INSERT INTO `PREFIX_DB_product` (`product_id`, `model`, `sku`, `upc`, `ean`, `jan`, `isbn`, `mpn`, `location`, `quantity`, `stock_status_id`, `stickers`, `popupsize`, `image`, `manufacturer_id`, `shipping`, `price`, `points`, `tax_class_id`, `date_available`, `weight`, `weight_class_id`, `length`, `width`, `height`, `length_class_id`, `subtract`, `minimum`, `sort_order`, `status`, `viewed`, `date_added`, `date_modified`) VALUES ('50', '11111111', '', '', '', '', '', '', '', '1', '7', '0', '0', '', '0', '1', '0.0000', '0', '0', '2019-01-18', '0.00', '1', '0.00', '0.00', '0.00', '1', '1', '1', '1', '1', '0', '2019-01-18 20:22:07', '0000-00-00 00:00:00');


TRUNCATE TABLE `PREFIX_DB_product_attribute`;

INSERT INTO `PREFIX_DB_product_attribute` (`product_id`, `attribute_id`, `language_id`, `text`) VALUES ('48', '19', '2', 'А++');
INSERT INTO `PREFIX_DB_product_attribute` (`product_id`, `attribute_id`, `language_id`, `text`) VALUES ('48', '19', '1', 'А++');
INSERT INTO `PREFIX_DB_product_attribute` (`product_id`, `attribute_id`, `language_id`, `text`) VALUES ('45', '16', '2', '46 x 49 x 13 мм');
INSERT INTO `PREFIX_DB_product_attribute` (`product_id`, `attribute_id`, `language_id`, `text`) VALUES ('48', '17', '2', 'Китай');
INSERT INTO `PREFIX_DB_product_attribute` (`product_id`, `attribute_id`, `language_id`, `text`) VALUES ('34', '15', '2', '763 г');
INSERT INTO `PREFIX_DB_product_attribute` (`product_id`, `attribute_id`, `language_id`, `text`) VALUES ('48', '17', '1', 'Китай');
INSERT INTO `PREFIX_DB_product_attribute` (`product_id`, `attribute_id`, `language_id`, `text`) VALUES ('48', '16', '2', '46 x 49 x 13 мм');
INSERT INTO `PREFIX_DB_product_attribute` (`product_id`, `attribute_id`, `language_id`, `text`) VALUES ('41', '17', '2', 'Китай');
INSERT INTO `PREFIX_DB_product_attribute` (`product_id`, `attribute_id`, `language_id`, `text`) VALUES ('49', '13', '2', 'Корея');
INSERT INTO `PREFIX_DB_product_attribute` (`product_id`, `attribute_id`, `language_id`, `text`) VALUES ('49', '13', '1', 'Корея');
INSERT INTO `PREFIX_DB_product_attribute` (`product_id`, `attribute_id`, `language_id`, `text`) VALUES ('43', '12', '1', '12 месяцев');
INSERT INTO `PREFIX_DB_product_attribute` (`product_id`, `attribute_id`, `language_id`, `text`) VALUES ('49', '15', '2', '302 г');
INSERT INTO `PREFIX_DB_product_attribute` (`product_id`, `attribute_id`, `language_id`, `text`) VALUES ('49', '15', '1', '302 г');
INSERT INTO `PREFIX_DB_product_attribute` (`product_id`, `attribute_id`, `language_id`, `text`) VALUES ('49', '14', '2', 'Silver');
INSERT INTO `PREFIX_DB_product_attribute` (`product_id`, `attribute_id`, `language_id`, `text`) VALUES ('49', '14', '1', 'Silver');
INSERT INTO `PREFIX_DB_product_attribute` (`product_id`, `attribute_id`, `language_id`, `text`) VALUES ('28', '21', '1', '14');
INSERT INTO `PREFIX_DB_product_attribute` (`product_id`, `attribute_id`, `language_id`, `text`) VALUES ('28', '21', '2', '14');
INSERT INTO `PREFIX_DB_product_attribute` (`product_id`, `attribute_id`, `language_id`, `text`) VALUES ('28', '22', '1', '85 х 60 х 47 см');
INSERT INTO `PREFIX_DB_product_attribute` (`product_id`, `attribute_id`, `language_id`, `text`) VALUES ('28', '22', '2', '85 х 60 х 47 см');
INSERT INTO `PREFIX_DB_product_attribute` (`product_id`, `attribute_id`, `language_id`, `text`) VALUES ('28', '23', '1', 'Инверторный');
INSERT INTO `PREFIX_DB_product_attribute` (`product_id`, `attribute_id`, `language_id`, `text`) VALUES ('28', '23', '2', 'Инверторный');
INSERT INTO `PREFIX_DB_product_attribute` (`product_id`, `attribute_id`, `language_id`, `text`) VALUES ('28', '24', '1', 'Отдельностоящая (соло)');
INSERT INTO `PREFIX_DB_product_attribute` (`product_id`, `attribute_id`, `language_id`, `text`) VALUES ('28', '24', '2', 'Отдельностоящая (соло)');
INSERT INTO `PREFIX_DB_product_attribute` (`product_id`, `attribute_id`, `language_id`, `text`) VALUES ('28', '25', '1', 'С дисплеем');
INSERT INTO `PREFIX_DB_product_attribute` (`product_id`, `attribute_id`, `language_id`, `text`) VALUES ('28', '25', '2', 'С дисплеем');
INSERT INTO `PREFIX_DB_product_attribute` (`product_id`, `attribute_id`, `language_id`, `text`) VALUES ('34', '17', '2', 'Китай');
INSERT INTO `PREFIX_DB_product_attribute` (`product_id`, `attribute_id`, `language_id`, `text`) VALUES ('48', '16', '1', '46 x 49 x 13 мм');
INSERT INTO `PREFIX_DB_product_attribute` (`product_id`, `attribute_id`, `language_id`, `text`) VALUES ('48', '15', '2', '63 г');
INSERT INTO `PREFIX_DB_product_attribute` (`product_id`, `attribute_id`, `language_id`, `text`) VALUES ('48', '15', '1', '63 г');
INSERT INTO `PREFIX_DB_product_attribute` (`product_id`, `attribute_id`, `language_id`, `text`) VALUES ('48', '14', '2', 'Silver');
INSERT INTO `PREFIX_DB_product_attribute` (`product_id`, `attribute_id`, `language_id`, `text`) VALUES ('48', '14', '1', 'Silver');
INSERT INTO `PREFIX_DB_product_attribute` (`product_id`, `attribute_id`, `language_id`, `text`) VALUES ('48', '13', '2', 'Корея');
INSERT INTO `PREFIX_DB_product_attribute` (`product_id`, `attribute_id`, `language_id`, `text`) VALUES ('41', '17', '1', 'Китай');
INSERT INTO `PREFIX_DB_product_attribute` (`product_id`, `attribute_id`, `language_id`, `text`) VALUES ('41', '15', '2', '900 г');
INSERT INTO `PREFIX_DB_product_attribute` (`product_id`, `attribute_id`, `language_id`, `text`) VALUES ('41', '15', '1', '900 г');
INSERT INTO `PREFIX_DB_product_attribute` (`product_id`, `attribute_id`, `language_id`, `text`) VALUES ('41', '14', '2', 'black');
INSERT INTO `PREFIX_DB_product_attribute` (`product_id`, `attribute_id`, `language_id`, `text`) VALUES ('41', '14', '1', 'black');
INSERT INTO `PREFIX_DB_product_attribute` (`product_id`, `attribute_id`, `language_id`, `text`) VALUES ('33', '12', '2', '12 месяцев');
INSERT INTO `PREFIX_DB_product_attribute` (`product_id`, `attribute_id`, `language_id`, `text`) VALUES ('33', '12', '1', '12 месяцев');
INSERT INTO `PREFIX_DB_product_attribute` (`product_id`, `attribute_id`, `language_id`, `text`) VALUES ('45', '12', '1', '12 месяцев');
INSERT INTO `PREFIX_DB_product_attribute` (`product_id`, `attribute_id`, `language_id`, `text`) VALUES ('49', '16', '1', '43');
INSERT INTO `PREFIX_DB_product_attribute` (`product_id`, `attribute_id`, `language_id`, `text`) VALUES ('33', '14', '1', 'black');
INSERT INTO `PREFIX_DB_product_attribute` (`product_id`, `attribute_id`, `language_id`, `text`) VALUES ('33', '14', '2', 'black');
INSERT INTO `PREFIX_DB_product_attribute` (`product_id`, `attribute_id`, `language_id`, `text`) VALUES ('33', '15', '1', '163 г');
INSERT INTO `PREFIX_DB_product_attribute` (`product_id`, `attribute_id`, `language_id`, `text`) VALUES ('33', '15', '2', '163 г');
INSERT INTO `PREFIX_DB_product_attribute` (`product_id`, `attribute_id`, `language_id`, `text`) VALUES ('28', '20', '2', '1200 об/мин');
INSERT INTO `PREFIX_DB_product_attribute` (`product_id`, `attribute_id`, `language_id`, `text`) VALUES ('43', '12', '2', '12 месяцев');
INSERT INTO `PREFIX_DB_product_attribute` (`product_id`, `attribute_id`, `language_id`, `text`) VALUES ('43', '13', '1', 'Корея');
INSERT INTO `PREFIX_DB_product_attribute` (`product_id`, `attribute_id`, `language_id`, `text`) VALUES ('43', '13', '2', 'Корея');
INSERT INTO `PREFIX_DB_product_attribute` (`product_id`, `attribute_id`, `language_id`, `text`) VALUES ('43', '14', '1', 'black');
INSERT INTO `PREFIX_DB_product_attribute` (`product_id`, `attribute_id`, `language_id`, `text`) VALUES ('43', '14', '2', 'black');
INSERT INTO `PREFIX_DB_product_attribute` (`product_id`, `attribute_id`, `language_id`, `text`) VALUES ('43', '15', '1', '963 г');
INSERT INTO `PREFIX_DB_product_attribute` (`product_id`, `attribute_id`, `language_id`, `text`) VALUES ('43', '15', '2', '963 г');
INSERT INTO `PREFIX_DB_product_attribute` (`product_id`, `attribute_id`, `language_id`, `text`) VALUES ('29', '17', '2', 'Россия');
INSERT INTO `PREFIX_DB_product_attribute` (`product_id`, `attribute_id`, `language_id`, `text`) VALUES ('29', '17', '1', 'Россия');
INSERT INTO `PREFIX_DB_product_attribute` (`product_id`, `attribute_id`, `language_id`, `text`) VALUES ('29', '16', '2', '56 x 59 x 23 мм');
INSERT INTO `PREFIX_DB_product_attribute` (`product_id`, `attribute_id`, `language_id`, `text`) VALUES ('29', '16', '1', '56 x 59 x 23 мм');
INSERT INTO `PREFIX_DB_product_attribute` (`product_id`, `attribute_id`, `language_id`, `text`) VALUES ('29', '15', '2', '63 г');
INSERT INTO `PREFIX_DB_product_attribute` (`product_id`, `attribute_id`, `language_id`, `text`) VALUES ('29', '15', '1', '63 г');
INSERT INTO `PREFIX_DB_product_attribute` (`product_id`, `attribute_id`, `language_id`, `text`) VALUES ('29', '13', '2', 'Корея');
INSERT INTO `PREFIX_DB_product_attribute` (`product_id`, `attribute_id`, `language_id`, `text`) VALUES ('29', '13', '1', 'Корея');
INSERT INTO `PREFIX_DB_product_attribute` (`product_id`, `attribute_id`, `language_id`, `text`) VALUES ('29', '12', '2', '6 месяцев');
INSERT INTO `PREFIX_DB_product_attribute` (`product_id`, `attribute_id`, `language_id`, `text`) VALUES ('29', '12', '1', '6 месяцев');
INSERT INTO `PREFIX_DB_product_attribute` (`product_id`, `attribute_id`, `language_id`, `text`) VALUES ('33', '16', '1', '46 x 49 x 13 мм');
INSERT INTO `PREFIX_DB_product_attribute` (`product_id`, `attribute_id`, `language_id`, `text`) VALUES ('45', '16', '1', '46 x 49 x 13 мм');
INSERT INTO `PREFIX_DB_product_attribute` (`product_id`, `attribute_id`, `language_id`, `text`) VALUES ('45', '15', '2', '63 г');
INSERT INTO `PREFIX_DB_product_attribute` (`product_id`, `attribute_id`, `language_id`, `text`) VALUES ('45', '15', '1', '63 г');
INSERT INTO `PREFIX_DB_product_attribute` (`product_id`, `attribute_id`, `language_id`, `text`) VALUES ('45', '14', '2', 'Silver');
INSERT INTO `PREFIX_DB_product_attribute` (`product_id`, `attribute_id`, `language_id`, `text`) VALUES ('45', '14', '1', 'Silver');
INSERT INTO `PREFIX_DB_product_attribute` (`product_id`, `attribute_id`, `language_id`, `text`) VALUES ('45', '12', '2', '12 месяцев');
INSERT INTO `PREFIX_DB_product_attribute` (`product_id`, `attribute_id`, `language_id`, `text`) VALUES ('44', '25', '2', 'нет');
INSERT INTO `PREFIX_DB_product_attribute` (`product_id`, `attribute_id`, `language_id`, `text`) VALUES ('44', '25', '1', 'нет');
INSERT INTO `PREFIX_DB_product_attribute` (`product_id`, `attribute_id`, `language_id`, `text`) VALUES ('44', '21', '2', '10');
INSERT INTO `PREFIX_DB_product_attribute` (`product_id`, `attribute_id`, `language_id`, `text`) VALUES ('44', '21', '1', '10');
INSERT INTO `PREFIX_DB_product_attribute` (`product_id`, `attribute_id`, `language_id`, `text`) VALUES ('44', '19', '2', 'А++');
INSERT INTO `PREFIX_DB_product_attribute` (`product_id`, `attribute_id`, `language_id`, `text`) VALUES ('44', '19', '1', 'А++');
INSERT INTO `PREFIX_DB_product_attribute` (`product_id`, `attribute_id`, `language_id`, `text`) VALUES ('44', '17', '2', 'Корея');
INSERT INTO `PREFIX_DB_product_attribute` (`product_id`, `attribute_id`, `language_id`, `text`) VALUES ('44', '17', '1', 'Корея');
INSERT INTO `PREFIX_DB_product_attribute` (`product_id`, `attribute_id`, `language_id`, `text`) VALUES ('44', '15', '2', '63 г');
INSERT INTO `PREFIX_DB_product_attribute` (`product_id`, `attribute_id`, `language_id`, `text`) VALUES ('44', '15', '1', '63 г');
INSERT INTO `PREFIX_DB_product_attribute` (`product_id`, `attribute_id`, `language_id`, `text`) VALUES ('44', '14', '2', 'black');
INSERT INTO `PREFIX_DB_product_attribute` (`product_id`, `attribute_id`, `language_id`, `text`) VALUES ('44', '14', '1', 'black');
INSERT INTO `PREFIX_DB_product_attribute` (`product_id`, `attribute_id`, `language_id`, `text`) VALUES ('44', '12', '2', '24 месяца');
INSERT INTO `PREFIX_DB_product_attribute` (`product_id`, `attribute_id`, `language_id`, `text`) VALUES ('44', '12', '1', '24 месяца');
INSERT INTO `PREFIX_DB_product_attribute` (`product_id`, `attribute_id`, `language_id`, `text`) VALUES ('32', '19', '2', 'А++');
INSERT INTO `PREFIX_DB_product_attribute` (`product_id`, `attribute_id`, `language_id`, `text`) VALUES ('32', '19', '1', 'А++');
INSERT INTO `PREFIX_DB_product_attribute` (`product_id`, `attribute_id`, `language_id`, `text`) VALUES ('32', '17', '2', 'Китай');
INSERT INTO `PREFIX_DB_product_attribute` (`product_id`, `attribute_id`, `language_id`, `text`) VALUES ('32', '17', '1', 'Китай');
INSERT INTO `PREFIX_DB_product_attribute` (`product_id`, `attribute_id`, `language_id`, `text`) VALUES ('32', '15', '2', '63 г');
INSERT INTO `PREFIX_DB_product_attribute` (`product_id`, `attribute_id`, `language_id`, `text`) VALUES ('32', '15', '1', '63 г');
INSERT INTO `PREFIX_DB_product_attribute` (`product_id`, `attribute_id`, `language_id`, `text`) VALUES ('32', '12', '2', '12 месяцев');
INSERT INTO `PREFIX_DB_product_attribute` (`product_id`, `attribute_id`, `language_id`, `text`) VALUES ('32', '12', '1', '12 месяцев');
INSERT INTO `PREFIX_DB_product_attribute` (`product_id`, `attribute_id`, `language_id`, `text`) VALUES ('40', '15', '2', '963 г');
INSERT INTO `PREFIX_DB_product_attribute` (`product_id`, `attribute_id`, `language_id`, `text`) VALUES ('40', '16', '1', '400 x 490 x 73 мм');
INSERT INTO `PREFIX_DB_product_attribute` (`product_id`, `attribute_id`, `language_id`, `text`) VALUES ('40', '16', '2', '400 x 490 x 73 мм');
INSERT INTO `PREFIX_DB_product_attribute` (`product_id`, `attribute_id`, `language_id`, `text`) VALUES ('40', '19', '1', 'А++');
INSERT INTO `PREFIX_DB_product_attribute` (`product_id`, `attribute_id`, `language_id`, `text`) VALUES ('40', '19', '2', 'А++');
INSERT INTO `PREFIX_DB_product_attribute` (`product_id`, `attribute_id`, `language_id`, `text`) VALUES ('40', '21', '1', '12');
INSERT INTO `PREFIX_DB_product_attribute` (`product_id`, `attribute_id`, `language_id`, `text`) VALUES ('40', '21', '2', '12');
INSERT INTO `PREFIX_DB_product_attribute` (`product_id`, `attribute_id`, `language_id`, `text`) VALUES ('40', '25', '1', 'С дисплеем');
INSERT INTO `PREFIX_DB_product_attribute` (`product_id`, `attribute_id`, `language_id`, `text`) VALUES ('40', '25', '2', 'С дисплеем');
INSERT INTO `PREFIX_DB_product_attribute` (`product_id`, `attribute_id`, `language_id`, `text`) VALUES ('47', '13', '1', 'Корея');
INSERT INTO `PREFIX_DB_product_attribute` (`product_id`, `attribute_id`, `language_id`, `text`) VALUES ('47', '13', '2', 'Корея');
INSERT INTO `PREFIX_DB_product_attribute` (`product_id`, `attribute_id`, `language_id`, `text`) VALUES ('47', '14', '1', 'red');
INSERT INTO `PREFIX_DB_product_attribute` (`product_id`, `attribute_id`, `language_id`, `text`) VALUES ('47', '14', '2', 'red');
INSERT INTO `PREFIX_DB_product_attribute` (`product_id`, `attribute_id`, `language_id`, `text`) VALUES ('47', '15', '1', '63 г');
INSERT INTO `PREFIX_DB_product_attribute` (`product_id`, `attribute_id`, `language_id`, `text`) VALUES ('47', '15', '2', '63 г');
INSERT INTO `PREFIX_DB_product_attribute` (`product_id`, `attribute_id`, `language_id`, `text`) VALUES ('47', '16', '1', '46 мм');
INSERT INTO `PREFIX_DB_product_attribute` (`product_id`, `attribute_id`, `language_id`, `text`) VALUES ('47', '16', '2', '46 мм');
INSERT INTO `PREFIX_DB_product_attribute` (`product_id`, `attribute_id`, `language_id`, `text`) VALUES ('36', '17', '2', 'Китай');
INSERT INTO `PREFIX_DB_product_attribute` (`product_id`, `attribute_id`, `language_id`, `text`) VALUES ('36', '17', '1', 'Китай');
INSERT INTO `PREFIX_DB_product_attribute` (`product_id`, `attribute_id`, `language_id`, `text`) VALUES ('36', '16', '2', '42');
INSERT INTO `PREFIX_DB_product_attribute` (`product_id`, `attribute_id`, `language_id`, `text`) VALUES ('36', '16', '1', '42');
INSERT INTO `PREFIX_DB_product_attribute` (`product_id`, `attribute_id`, `language_id`, `text`) VALUES ('36', '15', '2', '163 г');
INSERT INTO `PREFIX_DB_product_attribute` (`product_id`, `attribute_id`, `language_id`, `text`) VALUES ('36', '15', '1', '163 г');
INSERT INTO `PREFIX_DB_product_attribute` (`product_id`, `attribute_id`, `language_id`, `text`) VALUES ('36', '14', '2', 'white');
INSERT INTO `PREFIX_DB_product_attribute` (`product_id`, `attribute_id`, `language_id`, `text`) VALUES ('36', '14', '1', 'white');
INSERT INTO `PREFIX_DB_product_attribute` (`product_id`, `attribute_id`, `language_id`, `text`) VALUES ('36', '13', '2', 'Корея');
INSERT INTO `PREFIX_DB_product_attribute` (`product_id`, `attribute_id`, `language_id`, `text`) VALUES ('36', '13', '1', 'Корея');
INSERT INTO `PREFIX_DB_product_attribute` (`product_id`, `attribute_id`, `language_id`, `text`) VALUES ('36', '12', '2', '6 месяцев');
INSERT INTO `PREFIX_DB_product_attribute` (`product_id`, `attribute_id`, `language_id`, `text`) VALUES ('36', '12', '1', '6 месяцев');
INSERT INTO `PREFIX_DB_product_attribute` (`product_id`, `attribute_id`, `language_id`, `text`) VALUES ('28', '13', '1', 'Корея');
INSERT INTO `PREFIX_DB_product_attribute` (`product_id`, `attribute_id`, `language_id`, `text`) VALUES ('30', '14', '2', 'Silver');
INSERT INTO `PREFIX_DB_product_attribute` (`product_id`, `attribute_id`, `language_id`, `text`) VALUES ('30', '15', '1', '12 кг');
INSERT INTO `PREFIX_DB_product_attribute` (`product_id`, `attribute_id`, `language_id`, `text`) VALUES ('30', '15', '2', '12 кг');
INSERT INTO `PREFIX_DB_product_attribute` (`product_id`, `attribute_id`, `language_id`, `text`) VALUES ('30', '16', '1', '460 x 490 x 130 м');
INSERT INTO `PREFIX_DB_product_attribute` (`product_id`, `attribute_id`, `language_id`, `text`) VALUES ('30', '16', '2', '460 x 490 x 130 м');
INSERT INTO `PREFIX_DB_product_attribute` (`product_id`, `attribute_id`, `language_id`, `text`) VALUES ('30', '17', '1', 'Китай');
INSERT INTO `PREFIX_DB_product_attribute` (`product_id`, `attribute_id`, `language_id`, `text`) VALUES ('30', '17', '2', 'Китай');
INSERT INTO `PREFIX_DB_product_attribute` (`product_id`, `attribute_id`, `language_id`, `text`) VALUES ('28', '19', '1', 'А+++');
INSERT INTO `PREFIX_DB_product_attribute` (`product_id`, `attribute_id`, `language_id`, `text`) VALUES ('28', '19', '2', 'А+++');
INSERT INTO `PREFIX_DB_product_attribute` (`product_id`, `attribute_id`, `language_id`, `text`) VALUES ('28', '20', '1', '1200 об/мин');
INSERT INTO `PREFIX_DB_product_attribute` (`product_id`, `attribute_id`, `language_id`, `text`) VALUES ('28', '18', '2', '8.5 кг');
INSERT INTO `PREFIX_DB_product_attribute` (`product_id`, `attribute_id`, `language_id`, `text`) VALUES ('28', '18', '1', '8.5 кг');
INSERT INTO `PREFIX_DB_product_attribute` (`product_id`, `attribute_id`, `language_id`, `text`) VALUES ('34', '12', '1', '24 месяца');
INSERT INTO `PREFIX_DB_product_attribute` (`product_id`, `attribute_id`, `language_id`, `text`) VALUES ('34', '12', '2', '24 месяца');
INSERT INTO `PREFIX_DB_product_attribute` (`product_id`, `attribute_id`, `language_id`, `text`) VALUES ('34', '13', '1', 'Корея');
INSERT INTO `PREFIX_DB_product_attribute` (`product_id`, `attribute_id`, `language_id`, `text`) VALUES ('34', '13', '2', 'Корея');
INSERT INTO `PREFIX_DB_product_attribute` (`product_id`, `attribute_id`, `language_id`, `text`) VALUES ('34', '14', '1', 'red');
INSERT INTO `PREFIX_DB_product_attribute` (`product_id`, `attribute_id`, `language_id`, `text`) VALUES ('34', '14', '2', 'red');
INSERT INTO `PREFIX_DB_product_attribute` (`product_id`, `attribute_id`, `language_id`, `text`) VALUES ('34', '15', '1', '763 г');
INSERT INTO `PREFIX_DB_product_attribute` (`product_id`, `attribute_id`, `language_id`, `text`) VALUES ('46', '12', '1', '12 месяцев');
INSERT INTO `PREFIX_DB_product_attribute` (`product_id`, `attribute_id`, `language_id`, `text`) VALUES ('46', '12', '2', '12 месяцев');
INSERT INTO `PREFIX_DB_product_attribute` (`product_id`, `attribute_id`, `language_id`, `text`) VALUES ('46', '13', '1', 'Корея');
INSERT INTO `PREFIX_DB_product_attribute` (`product_id`, `attribute_id`, `language_id`, `text`) VALUES ('46', '13', '2', 'Корея');
INSERT INTO `PREFIX_DB_product_attribute` (`product_id`, `attribute_id`, `language_id`, `text`) VALUES ('46', '14', '1', 'green');
INSERT INTO `PREFIX_DB_product_attribute` (`product_id`, `attribute_id`, `language_id`, `text`) VALUES ('46', '14', '2', 'green');
INSERT INTO `PREFIX_DB_product_attribute` (`product_id`, `attribute_id`, `language_id`, `text`) VALUES ('46', '15', '1', '63 г');
INSERT INTO `PREFIX_DB_product_attribute` (`product_id`, `attribute_id`, `language_id`, `text`) VALUES ('46', '15', '2', '63 г');
INSERT INTO `PREFIX_DB_product_attribute` (`product_id`, `attribute_id`, `language_id`, `text`) VALUES ('46', '16', '1', '146 x 49 x 13 мм');
INSERT INTO `PREFIX_DB_product_attribute` (`product_id`, `attribute_id`, `language_id`, `text`) VALUES ('46', '16', '2', '146 x 49 x 13 мм');
INSERT INTO `PREFIX_DB_product_attribute` (`product_id`, `attribute_id`, `language_id`, `text`) VALUES ('46', '17', '1', 'Китай');
INSERT INTO `PREFIX_DB_product_attribute` (`product_id`, `attribute_id`, `language_id`, `text`) VALUES ('46', '17', '2', 'Китай');
INSERT INTO `PREFIX_DB_product_attribute` (`product_id`, `attribute_id`, `language_id`, `text`) VALUES ('31', '16', '1', '46 x 49 x 13 мм');
INSERT INTO `PREFIX_DB_product_attribute` (`product_id`, `attribute_id`, `language_id`, `text`) VALUES ('31', '15', '2', '22 кг');
INSERT INTO `PREFIX_DB_product_attribute` (`product_id`, `attribute_id`, `language_id`, `text`) VALUES ('31', '15', '1', '22 кг');
INSERT INTO `PREFIX_DB_product_attribute` (`product_id`, `attribute_id`, `language_id`, `text`) VALUES ('31', '14', '2', 'black');
INSERT INTO `PREFIX_DB_product_attribute` (`product_id`, `attribute_id`, `language_id`, `text`) VALUES ('31', '14', '1', 'black');
INSERT INTO `PREFIX_DB_product_attribute` (`product_id`, `attribute_id`, `language_id`, `text`) VALUES ('31', '13', '2', 'Россия');
INSERT INTO `PREFIX_DB_product_attribute` (`product_id`, `attribute_id`, `language_id`, `text`) VALUES ('31', '13', '1', 'Россия');
INSERT INTO `PREFIX_DB_product_attribute` (`product_id`, `attribute_id`, `language_id`, `text`) VALUES ('31', '12', '2', '12 месяцев');
INSERT INTO `PREFIX_DB_product_attribute` (`product_id`, `attribute_id`, `language_id`, `text`) VALUES ('31', '12', '1', '12 месяцев');
INSERT INTO `PREFIX_DB_product_attribute` (`product_id`, `attribute_id`, `language_id`, `text`) VALUES ('48', '13', '1', 'Корея');
INSERT INTO `PREFIX_DB_product_attribute` (`product_id`, `attribute_id`, `language_id`, `text`) VALUES ('48', '12', '2', '12 месяцев');
INSERT INTO `PREFIX_DB_product_attribute` (`product_id`, `attribute_id`, `language_id`, `text`) VALUES ('48', '12', '1', '12 месяцев');
INSERT INTO `PREFIX_DB_product_attribute` (`product_id`, `attribute_id`, `language_id`, `text`) VALUES ('49', '12', '2', '12 месяцев');
INSERT INTO `PREFIX_DB_product_attribute` (`product_id`, `attribute_id`, `language_id`, `text`) VALUES ('49', '12', '1', '12 месяцев');
INSERT INTO `PREFIX_DB_product_attribute` (`product_id`, `attribute_id`, `language_id`, `text`) VALUES ('41', '12', '2', '6 месяцев');
INSERT INTO `PREFIX_DB_product_attribute` (`product_id`, `attribute_id`, `language_id`, `text`) VALUES ('40', '12', '1', '12 месяцев');
INSERT INTO `PREFIX_DB_product_attribute` (`product_id`, `attribute_id`, `language_id`, `text`) VALUES ('45', '17', '1', 'Корея');
INSERT INTO `PREFIX_DB_product_attribute` (`product_id`, `attribute_id`, `language_id`, `text`) VALUES ('45', '17', '2', 'Корея');
INSERT INTO `PREFIX_DB_product_attribute` (`product_id`, `attribute_id`, `language_id`, `text`) VALUES ('32', '21', '1', '12');
INSERT INTO `PREFIX_DB_product_attribute` (`product_id`, `attribute_id`, `language_id`, `text`) VALUES ('32', '21', '2', '12');
INSERT INTO `PREFIX_DB_product_attribute` (`product_id`, `attribute_id`, `language_id`, `text`) VALUES ('32', '25', '1', 'С дисплеем');
INSERT INTO `PREFIX_DB_product_attribute` (`product_id`, `attribute_id`, `language_id`, `text`) VALUES ('40', '15', '1', '963 г');
INSERT INTO `PREFIX_DB_product_attribute` (`product_id`, `attribute_id`, `language_id`, `text`) VALUES ('40', '14', '2', 'Silver');
INSERT INTO `PREFIX_DB_product_attribute` (`product_id`, `attribute_id`, `language_id`, `text`) VALUES ('40', '14', '1', 'Silver');
INSERT INTO `PREFIX_DB_product_attribute` (`product_id`, `attribute_id`, `language_id`, `text`) VALUES ('47', '12', '1', '12 месяцев');
INSERT INTO `PREFIX_DB_product_attribute` (`product_id`, `attribute_id`, `language_id`, `text`) VALUES ('47', '12', '2', '12 месяцев');
INSERT INTO `PREFIX_DB_product_attribute` (`product_id`, `attribute_id`, `language_id`, `text`) VALUES ('40', '12', '2', '12 месяцев');
INSERT INTO `PREFIX_DB_product_attribute` (`product_id`, `attribute_id`, `language_id`, `text`) VALUES ('34', '16', '1', '46 x 49 x 13 мм');
INSERT INTO `PREFIX_DB_product_attribute` (`product_id`, `attribute_id`, `language_id`, `text`) VALUES ('34', '16', '2', '46 x 49 x 13 мм');
INSERT INTO `PREFIX_DB_product_attribute` (`product_id`, `attribute_id`, `language_id`, `text`) VALUES ('34', '17', '1', 'Китай');
INSERT INTO `PREFIX_DB_product_attribute` (`product_id`, `attribute_id`, `language_id`, `text`) VALUES ('31', '16', '2', '46 x 49 x 13 мм');
INSERT INTO `PREFIX_DB_product_attribute` (`product_id`, `attribute_id`, `language_id`, `text`) VALUES ('31', '17', '1', 'Россия');
INSERT INTO `PREFIX_DB_product_attribute` (`product_id`, `attribute_id`, `language_id`, `text`) VALUES ('31', '17', '2', 'Россия');
INSERT INTO `PREFIX_DB_product_attribute` (`product_id`, `attribute_id`, `language_id`, `text`) VALUES ('31', '25', '1', 'нет');
INSERT INTO `PREFIX_DB_product_attribute` (`product_id`, `attribute_id`, `language_id`, `text`) VALUES ('31', '25', '2', 'нет');
INSERT INTO `PREFIX_DB_product_attribute` (`product_id`, `attribute_id`, `language_id`, `text`) VALUES ('48', '21', '1', '12');
INSERT INTO `PREFIX_DB_product_attribute` (`product_id`, `attribute_id`, `language_id`, `text`) VALUES ('48', '21', '2', '12');
INSERT INTO `PREFIX_DB_product_attribute` (`product_id`, `attribute_id`, `language_id`, `text`) VALUES ('48', '25', '1', 'С дисплеем');
INSERT INTO `PREFIX_DB_product_attribute` (`product_id`, `attribute_id`, `language_id`, `text`) VALUES ('48', '25', '2', 'С дисплеем');
INSERT INTO `PREFIX_DB_product_attribute` (`product_id`, `attribute_id`, `language_id`, `text`) VALUES ('28', '13', '2', 'Корея');
INSERT INTO `PREFIX_DB_product_attribute` (`product_id`, `attribute_id`, `language_id`, `text`) VALUES ('30', '14', '1', 'Silver');
INSERT INTO `PREFIX_DB_product_attribute` (`product_id`, `attribute_id`, `language_id`, `text`) VALUES ('30', '13', '2', 'Россия');
INSERT INTO `PREFIX_DB_product_attribute` (`product_id`, `attribute_id`, `language_id`, `text`) VALUES ('30', '13', '1', 'Россия');
INSERT INTO `PREFIX_DB_product_attribute` (`product_id`, `attribute_id`, `language_id`, `text`) VALUES ('30', '12', '1', '12 месяцев');
INSERT INTO `PREFIX_DB_product_attribute` (`product_id`, `attribute_id`, `language_id`, `text`) VALUES ('30', '12', '2', '12 месяцев');
INSERT INTO `PREFIX_DB_product_attribute` (`product_id`, `attribute_id`, `language_id`, `text`) VALUES ('47', '17', '1', 'Китай');
INSERT INTO `PREFIX_DB_product_attribute` (`product_id`, `attribute_id`, `language_id`, `text`) VALUES ('47', '17', '2', 'Китай');
INSERT INTO `PREFIX_DB_product_attribute` (`product_id`, `attribute_id`, `language_id`, `text`) VALUES ('33', '17', '2', 'Россия');
INSERT INTO `PREFIX_DB_product_attribute` (`product_id`, `attribute_id`, `language_id`, `text`) VALUES ('33', '16', '2', '46 x 49 x 13 мм');
INSERT INTO `PREFIX_DB_product_attribute` (`product_id`, `attribute_id`, `language_id`, `text`) VALUES ('33', '17', '1', 'Россия');
INSERT INTO `PREFIX_DB_product_attribute` (`product_id`, `attribute_id`, `language_id`, `text`) VALUES ('49', '16', '2', '43');
INSERT INTO `PREFIX_DB_product_attribute` (`product_id`, `attribute_id`, `language_id`, `text`) VALUES ('41', '12', '1', '6 месяцев');
INSERT INTO `PREFIX_DB_product_attribute` (`product_id`, `attribute_id`, `language_id`, `text`) VALUES ('32', '25', '2', 'С дисплеем');
INSERT INTO `PREFIX_DB_product_attribute` (`product_id`, `attribute_id`, `language_id`, `text`) VALUES ('41', '19', '1', 'А++');
INSERT INTO `PREFIX_DB_product_attribute` (`product_id`, `attribute_id`, `language_id`, `text`) VALUES ('41', '19', '2', 'А++');
INSERT INTO `PREFIX_DB_product_attribute` (`product_id`, `attribute_id`, `language_id`, `text`) VALUES ('41', '25', '1', 'без');
INSERT INTO `PREFIX_DB_product_attribute` (`product_id`, `attribute_id`, `language_id`, `text`) VALUES ('41', '25', '2', 'без');


TRUNCATE TABLE `PREFIX_DB_product_description`;

INSERT INTO `PREFIX_DB_product_description` (`product_id`, `language_id`, `name`, `description`, `tag`, `meta_title`, `meta_h1`, `meta_description`, `meta_keyword`) VALUES ('31', '2', 'Nikon D300', '&lt;p&gt;Engineered with pro-level features and performance, the 12.3-effective-megapixel D300 combines brand new technologies with advanced features inherited from Nikon\'s newly announced D3 professional digital SLR camera to offer serious photographers remarkable performance combined with agility.&lt;br /&gt;&lt;br /&gt;Similar to the D3, the D300 features Nikon\'s exclusive EXPEED Image Processing System that is central to driving the speed and processing power needed for many of the camera\'s new features. The D300 features a new 51-point autofocus system with Nikon\'s 3D Focus Tracking feature and two new LiveView shooting modes that allow users to frame a photograph using the camera\'s high-resolution LCD monitor. The D300 shares a similar Scene Recognition System as is found in the D3; it promises to greatly enhance the accuracy of autofocus, autoexposure, and auto white balance by recognizing the subject or scene being photographed and applying this information to the calculations for the three functions.&lt;br /&gt;&lt;br /&gt;The D300 reacts with lightning speed, powering up in a mere 0.13 seconds and shooting with an imperceptible 45-millisecond shutter release lag time. The D300 is capable of shooting at a rapid six frames per second and can go as fast as eight frames per second when using the optional MB-D10 multi-power battery pack. In continuous bursts, the D300 can shoot up to 100 shots at full 12.3-megapixel resolution. (NORMAL-LARGE image setting, using a SanDisk Extreme IV 1GB CompactFlash card.)&lt;br /&gt;&lt;br /&gt;The D300 incorporates a range of innovative technologies and features that will significantly improve the accuracy, control, and performance photographers can get from their equipment. Its new Scene Recognition System advances the use of Nikon\'s acclaimed 1,005-segment sensor to recognize colors and light patterns that help the camera determine the subject and the type of scene being photographed before a picture is taken. This information is used to improve the accuracy of autofocus, autoexposure, and auto white balance functions in the D300. For example, the camera can track moving subjects better and by identifying them, it can also automatically select focus points faster and with greater accuracy. It can also analyze highlights and more accurately determine exposure, as well as infer light sources to deliver more accurate white balance detection.&lt;/p&gt;&lt;!-- cpt_container_end --&gt;', '', 'Nikon D300', '', '', '');
INSERT INTO `PREFIX_DB_product_description` (`product_id`, `language_id`, `name`, `description`, `tag`, `meta_title`, `meta_h1`, `meta_description`, `meta_keyword`) VALUES ('36', '2', 'iPod Nano', '&lt;p&gt;&lt;strong&gt;Video in your pocket.&lt;/strong&gt;&lt;/p&gt;&lt;p&gt;Its the small iPod with one very big idea: video. The worlds most popular music player now lets you enjoy movies, TV shows, and more on a two-inch display thats 65% brighter than before.&lt;/p&gt;&lt;p&gt;&lt;strong&gt;Cover Flow.&lt;/strong&gt;&lt;/p&gt;&lt;p&gt;Browse through your music collection by flipping through album art. Select an album to turn it over and see the track list.&lt;strong&gt;&amp;nbsp;&lt;/strong&gt;&lt;/p&gt;&lt;p&gt;&lt;strong&gt;Enhanced interface.&lt;/strong&gt;&lt;/p&gt;&lt;p&gt;Experience a whole new way to browse and view your music and video.&lt;/p&gt;&lt;p&gt;&lt;strong&gt;Sleek and colorful.&lt;/strong&gt;&lt;/p&gt;&lt;p&gt;With an anodized aluminum and polished stainless steel enclosure and a choice of five colors, iPod nano is dressed to impress.&lt;/p&gt;&lt;p&gt;&lt;strong&gt;iTunes.&lt;/strong&gt;&lt;/p&gt;&lt;p&gt;Available as a free download, iTunes makes it easy to browse and buy millions of songs, movies, TV shows, audiobooks, and games and download free podcasts all at the iTunes Store. And you can import your own music, manage your whole media library, and sync your iPod or iPhone with ease.&lt;/p&gt;', '', 'iPod Nano', '', '', '');
INSERT INTO `PREFIX_DB_product_description` (`product_id`, `language_id`, `name`, `description`, `tag`, `meta_title`, `meta_h1`, `meta_description`, `meta_keyword`) VALUES ('32', '2', 'iPod Touch', '&lt;p&gt;&lt;strong&gt;Revolutionary multi-touch interface.&lt;/strong&gt;&lt;br /&gt;iPod touch features the same multi-touch screen technology as iPhone. Pinch to zoom in on a photo. Scroll through your songs and videos with a flick. Flip through your library by album artwork with Cover Flow.&lt;/p&gt;&lt;p&gt;&lt;strong&gt;Gorgeous 3.5-inch widescreen display.&lt;/strong&gt;&lt;br /&gt;Watch your movies, TV shows, and photos come alive with bright, vivid color on the 320-by-480-pixel display.&lt;/p&gt;&lt;p&gt;&lt;strong&gt;Music downloads straight from iTunes.&lt;/strong&gt;&lt;br /&gt;Shop the iTunes Wi-Fi Music Store from anywhere with Wi-Fi.1 Browse or search to find the music youre looking for, preview it, and buy it with just a tap.&lt;/p&gt;&lt;p&gt;&lt;strong&gt;Surf the web with Wi-Fi.&lt;/strong&gt;&lt;br /&gt;Browse the web using Safari and watch YouTube videos on the first iPod with Wi-Fi built in&lt;br /&gt;&amp;nbsp;&lt;/p&gt;', '', 'iPod Touch', '', '', '');
INSERT INTO `PREFIX_DB_product_description` (`product_id`, `language_id`, `name`, `description`, `tag`, `meta_title`, `meta_h1`, `meta_description`, `meta_keyword`) VALUES ('43', '2', 'MacBook', '&lt;p&gt;&lt;strong&gt;Intel Core 2 Duo processor&lt;/strong&gt;&lt;/p&gt;&lt;p&gt;Powered by an Intel Core 2 Duo processor at speeds up to 2.16GHz, the new MacBook is the fastest ever.&lt;/p&gt;&lt;p&gt;&lt;strong&gt;1GB memory, larger hard drives&lt;/strong&gt;&lt;/p&gt;&lt;p&gt;The new MacBook now comes with 1GB of memory standard and larger hard drives for the entire line perfect for running more of your favorite applications and storing growing media collections.&lt;/p&gt;&lt;p&gt;&lt;strong&gt;Sleek, 1.08-inch-thin design&lt;/strong&gt;&lt;/p&gt;&lt;p&gt;MacBook makes it easy to hit the road thanks to its tough polycarbonate case, built-in wireless technologies, and innovative MagSafe Power Adapter that releases automatically if someone accidentally trips on the cord.&lt;/p&gt;&lt;p&gt;&lt;strong&gt;Built-in iSight camera&lt;/strong&gt;&lt;/p&gt;&lt;p&gt;Right out of the box, you can have a video chat with friends or family,2 record a video at your desk, or take fun pictures with Photo Booth&lt;/p&gt;', 'Демисезонные пальто', 'Демисезонные пальто', 'Демисезонные пальто', 'Демисезонные пальто', 'Демисезонные пальто');
INSERT INTO `PREFIX_DB_product_description` (`product_id`, `language_id`, `name`, `description`, `tag`, `meta_title`, `meta_h1`, `meta_description`, `meta_keyword`) VALUES ('40', '2', 'iPhone', '&lt;p&gt;iPhone is a revolutionary new mobile phone that allows you to make a call by simply tapping a name or number in your address book, a favorites list, or a call log. It also automatically syncs all your contacts from a PC, Mac, or Internet service. And it lets you select and listen to voicemail messages in whatever order you want just like email.&lt;/p&gt;', '', 'iPhone', '', '', '');
INSERT INTO `PREFIX_DB_product_description` (`product_id`, `language_id`, `name`, `description`, `tag`, `meta_title`, `meta_h1`, `meta_description`, `meta_keyword`) VALUES ('33', '2', 'Samsung SyncMaster 941BW', '&lt;p&gt;Imagine the advantages of going big without slowing down. The big 19&quot; 941BW monitor combines wide aspect ratio with fast pixel response time, for bigger images, more room to work and crisp motion. In addition, the exclusive MagicBright 2, MagicColor and MagicTune technologies help deliver the ideal image in every situation, while sleek, narrow bezels and adjustable stands deliver style just the way you want it. With the Samsung 941BW widescreen analog/digital LCD monitor, it\'s not hard to imagine.&lt;/p&gt;', '', 'Видеорегистратор Neoline X-COP 9000', 'Видеорегистратор Neoline X-COP 9000', 'Видеорегистратор Neoline X-COP 9000', 'Видеорегистратор Neoline X-COP 9000');
INSERT INTO `PREFIX_DB_product_description` (`product_id`, `language_id`, `name`, `description`, `tag`, `meta_title`, `meta_h1`, `meta_description`, `meta_keyword`) VALUES ('47', '2', 'HP LP3065', '&lt;p&gt;Stop your co-workers in their tracks with the stunning new 30-inch diagonal HP LP3065 Flat Panel Monitor. This flagship monitor features best-in-class performance and presentation features on a huge wide-aspect screen while letting you work as comfortably as possible - you might even forget you\'re at the office&lt;/p&gt;', '', 'HP LP3065', '', '', '');
INSERT INTO `PREFIX_DB_product_description` (`product_id`, `language_id`, `name`, `description`, `tag`, `meta_title`, `meta_h1`, `meta_description`, `meta_keyword`) VALUES ('49', '2', 'Nike Air Max Sequent 2', '&lt;p&gt;Кроссовки&amp;nbsp;&lt;strong&gt;Nike Air Max Sequent&lt;/strong&gt;&amp;nbsp;обеспечивают комфорт нового уровня благодаря комбинации U-образной вставки Max Air, упругого пеноматериала и дышащего верха из сетки.&lt;br /&gt;Элегантный минималистичный дизайн создает лаконичный современный образ, который отлично сочетается с культовыми деталями Air Max по всей поверхности.&lt;br /&gt;А теперь более детально. Верх выполнен из синтетического материала. Ноги в кроссовках не потеют за счет системы циркуляции воздуха. Стелька текстильная, дышащая, повторяет все движения стопы. Во время носки обеспечивается своевременный отвод влаги.&lt;br /&gt;Классическая шнуровка надежно фиксирует модель на ноге. Боковые стороны усилены зональными термополиуретановыми ячеистыми накладками, придающими стабильность и защиту от боковых смещений. Фирменный материал межподошвы Phylon, который изготавливается из прессованного в форме гранул этиленвинилацетата (EVA), обеспечивает максимальную амортизацию обуви. Он сводит к минимуму ударные нагрузки во время бега, не ухудшая ходовые качества. U-образный блок Air Max эффективно смягчает каждый шаг, обеспечивая комфортную и отзывчивую амортизацию. Протектор из карбонового каучука гарантирует длительную эффективность подошвы и защиту от износа. Рисунок протектора включает в себя флекс канавки, которые способствуют плавному движению.&lt;br /&gt;Фирменная символика включает мини-логотип Swoosh в передней части и логотип AIR MAX на петельке на язычке.&lt;/p&gt;&lt;p&gt;&lt;strong&gt;Air Max&lt;/strong&gt;&amp;nbsp;– методика амортизации обуви с воздушными баллонами в подошве и прорезью в ней для демонстрации, а также, Air Max - одноименная линия кроссовок бренда Nike. Технология Air Max стала культовой, опередила свое время и является визитной карточкой гиганта-производителя спортивной одежды Nike.&lt;/p&gt;', '', 'Nike Air Max Sequent 2', 'Nike Air Max Sequent 2', 'Nike Air Max Sequent 2', 'Nike Air Max Sequent 2');
INSERT INTO `PREFIX_DB_product_description` (`product_id`, `language_id`, `name`, `description`, `tag`, `meta_title`, `meta_h1`, `meta_description`, `meta_keyword`) VALUES ('48', '2', ' Apple Watch Series 4', '&lt;p&gt;&lt;strong&gt;Apple Watch Series 4&amp;nbsp;&lt;/strong&gt;— часы с абсолютно новым дизайном и новыми технологиями. Они помогают вести ещё более активный образ жизни, лучше следить за здоровьем и всегда оставаться на связи.&lt;/p&gt;&lt;p&gt;&lt;strong&gt;Изменения, которые меняют всё&lt;/strong&gt;&lt;/p&gt;&lt;p&gt;Самый большой дисплей в линейке Apple Watch. Новый электрический датчик сердечной активности. Усовершенствованное колёсико Digital Crown с тактильным откликом. Такие знакомые и вместе с тем принципиально новые Apple Watch Series 4 меняют все представления о возможностях часов.&lt;/p&gt;&lt;p&gt;&lt;strong&gt;Почувствует. Позаботится. Подскажет&lt;/strong&gt;&lt;/p&gt;&lt;p&gt;Уведомления о слишком низком и высоком пульсе. Функции обнаружения падения и вызова экстренных служб. Новые циферблаты «Дыхание». Эти часы созданы, чтобы защищать вас и помогать вам вести более здоровый образ жизни.&lt;/p&gt;&lt;p&gt;&lt;strong&gt;На пике формы вместе с вами.&lt;/strong&gt;&lt;/p&gt;&lt;p&gt;Автоматическое распознавание тренировок. Новые виды тренировок: йога и пеший туризм. Передовые функции для любителей бега, например измерение каденса и предупреждения об изменении темпа. При этом на экран можно вывести до пяти показателей, чтобы точно отслеживать свою статистику.&lt;/p&gt;&lt;p&gt;&lt;strong&gt;Мотивация. Мотивация. Мотивация.&lt;/strong&gt;&lt;/p&gt;&lt;p&gt;Новый вид соревнований: один на один. Возможность делиться показателями активности с друзьями. Персональные тренерские подсказки. Ежемесячные мотивирующие цели. Виртуальные награды за достижения. Всё, чтобы вдохновить вас закрывать кольца Активности каждый день.&lt;/p&gt;&lt;p&gt;&lt;strong&gt;Всё важное под рукой.&lt;/strong&gt;&lt;/p&gt;&lt;p&gt;Рация, телефонные звонки и сообщения. Музыка из Apple Music и приложение «Подкасты» от Apple.* Новые возможности приложений с быстрыми командами Siri. Столько всего важного и нужного — прямо у вас на запястье.&lt;/p&gt;&lt;!-- cpt_container_end --&gt;', '', ' Apple Watch Series 4', ' Apple Watch Series 4', ' Apple Watch Series 4', ' Apple Watch Series 4');
INSERT INTO `PREFIX_DB_product_description` (`product_id`, `language_id`, `name`, `description`, `tag`, `meta_title`, `meta_h1`, `meta_description`, `meta_keyword`) VALUES ('29', '2', 'Palm Treo Pro', '&lt;p&gt;Redefine your workday with the Palm Treo Pro smartphone. Perfectly balanced, you can respond to business and personal email, stay on top of appointments and contacts, and use Wi-Fi or GPS when you’re out and about. Then watch a video on YouTube, catch up with news and sports on the web, or listen to a few songs. Balance your work and play the way you like it, with the Palm Treo Pro.&lt;/p&gt;&lt;p&gt;&lt;strong&gt;Features&lt;/strong&gt;&lt;/p&gt;&lt;ul&gt;\t&lt;li&gt;Windows Mobile® 6.1 Professional Edition&lt;/li&gt;\t&lt;li&gt;Qualcomm® MSM7201 400MHz Processor&lt;/li&gt;\t&lt;li&gt;320x320 transflective colour TFT touchscreen&lt;/li&gt;\t&lt;li&gt;HSDPA/UMTS/EDGE/GPRS/GSM radio&lt;/li&gt;\t&lt;li&gt;Tri-band UMTS — 850MHz, 1900MHz, 2100MHz&lt;/li&gt;\t&lt;li&gt;Quad-band GSM — 850/900/1800/1900&lt;/li&gt;\t&lt;li&gt;802.11b/g with WPA, WPA2, and 801.1x authentication&lt;/li&gt;\t&lt;li&gt;Built-in GPS&lt;/li&gt;\t&lt;li&gt;Bluetooth Version: 2.0 + Enhanced Data Rate&lt;/li&gt;\t&lt;li&gt;256MB storage (100MB user available), 128MB RAM&lt;/li&gt;\t&lt;li&gt;2.0 megapixel camera, up to 8x digital zoom and video capture&lt;/li&gt;\t&lt;li&gt;Removable, rechargeable 1500mAh lithium-ion battery&lt;/li&gt;\t&lt;li&gt;Up to 5.0 hours talk time and up to 250 hours standby&lt;/li&gt;\t&lt;li&gt;MicroSDHC card expansion (up to 32GB supported)&lt;/li&gt;\t&lt;li&gt;MicroUSB 2.0 for synchronization and charging&lt;/li&gt;\t&lt;li&gt;3.5mm stereo headset jack&lt;/li&gt;\t&lt;li&gt;60mm (W) x 114mm (L) x 13.5mm (D) / 133g&lt;/li&gt;&lt;/ul&gt;', '', 'Palm Treo Pro', '', '', '');
INSERT INTO `PREFIX_DB_product_description` (`product_id`, `language_id`, `name`, `description`, `tag`, `meta_title`, `meta_h1`, `meta_description`, `meta_keyword`) VALUES ('45', '2', 'MacBook Pro', '&lt;p&gt;&lt;strong&gt;Latest Intel mobile architecture&lt;/strong&gt;&lt;/p&gt;&lt;p&gt;Powered by the most advanced mobile processors from Intel, the new Core 2 Duo MacBook Pro is over 50% faster than the original Core Duo MacBook Pro and now supports up to 4GB of RAM.&lt;/p&gt;&lt;p&gt;&lt;strong&gt;Leading-edge graphics&lt;/strong&gt;&lt;/p&gt;&lt;p&gt;The NVIDIA GeForce 8600M GT delivers exceptional graphics processing power. For the ultimate creative canvas, you can even configure the 17-inch model with a 1920-by-1200 resolution display.&lt;/p&gt;&lt;p&gt;&lt;strong&gt;Designed for life on the road&lt;/strong&gt;&lt;/p&gt;&lt;p&gt;Innovations such as a magnetic power connection and an illuminated keyboard with ambient light sensor put the MacBook Pro in a class by itself.&lt;/p&gt;&lt;p&gt;&lt;strong&gt;Connect. Create. Communicate.&lt;/strong&gt;&lt;/p&gt;&lt;p&gt;Quickly set up a video conference with the built-in iSight camera. Control presentations and media from up to 30 feet away with the included Apple Remote. Connect to high-bandwidth peripherals with FireWire 800 and DVI.&lt;/p&gt;&lt;p&gt;&lt;strong&gt;Next-generation wireless&lt;/strong&gt;&lt;/p&gt;&lt;p&gt;Featuring 802.11n wireless technology, the MacBook Pro delivers up to five times the performance and up to twice the range of previous-generation technologies.&lt;/p&gt;&lt;!-- cpt_container_end --&gt;', '', 'MacBook Pro', '', '', '');
INSERT INTO `PREFIX_DB_product_description` (`product_id`, `language_id`, `name`, `description`, `tag`, `meta_title`, `meta_h1`, `meta_description`, `meta_keyword`) VALUES ('44', '2', 'MacBook Air', '&lt;p&gt;MacBook Air is ultrathin, ultraportable, and ultra unlike anything else. But you don’t lose inches and pounds overnight. It’s the result of rethinking conventions. Of multiple wireless innovations. And of breakthrough design. With MacBook Air, mobile computing suddenly has a new standard.&lt;/p&gt;', '', 'MacBook Air', '', '', '');
INSERT INTO `PREFIX_DB_product_description` (`product_id`, `language_id`, `name`, `description`, `tag`, `meta_title`, `meta_h1`, `meta_description`, `meta_keyword`) VALUES ('30', '2', 'Kelso', '&lt;p&gt;Canon\'s press material for the EOS 5D states that it \'defines (a) new D-SLR category\', while we\'re not typically too concerned with marketing talk this particular statement is clearly pretty accurate. The EOS 5D is unlike any previous digital SLR in that it combines a full-frame (35 mm sized) high resolution sensor (12.8 megapixels) with a relatively compact body (slightly larger than the EOS 20D, although in your hand it feels noticeably \'chunkier\'). The EOS 5D is aimed to slot in between the EOS 20D and the EOS-1D professional digital SLR\'s, an important difference when compared to the latter is that the EOS 5D doesn\'t have any environmental seals. While Canon don\'t specifically refer to the EOS 5D as a \'professional\' digital SLR it will have obvious appeal to professionals who want a high quality digital SLR in a body lighter than the EOS-1D. It will also no doubt appeal to current EOS 20D owners (although lets hope they\'ve not bought too many EF-S lenses...) äë&lt;/p&gt;', '', 'Canon EOS 5D', '', '', '');
INSERT INTO `PREFIX_DB_product_description` (`product_id`, `language_id`, `name`, `description`, `tag`, `meta_title`, `meta_h1`, `meta_description`, `meta_keyword`) VALUES ('28', '2', 'SAMSUNG WW90M74LNOA/UA', '&lt;p&gt;HTC Touch - in High Definition. Watch music videos and streaming content in awe-inspiring high definition clarity for a mobile experience you never thought possible. Seductively sleek, the HTC Touch HD provides the next generation of mobile functionality, all at a simple touch. Fully integrated with Windows Mobile Professional 6.1, ultrafast 3.5G, GPS, 5MP camera, plus lots more - all delivered on a breathtakingly crisp 3.8&quot; WVGA touchscreen - you can take control of your mobile world with the HTC Touch HD.&lt;/p&gt;&lt;p&gt;&lt;strong&gt;Features&lt;/strong&gt;&lt;/p&gt;&lt;ul&gt;\t&lt;li&gt;Processor Qualcomm® MSM 7201A™ 528 MHz&lt;/li&gt;\t&lt;li&gt;Windows Mobile® 6.1 Professional Operating System&lt;/li&gt;\t&lt;li&gt;Memory: 512 MB ROM, 288 MB RAM&lt;/li&gt;\t&lt;li&gt;Dimensions: 115 mm x 62.8 mm x 12 mm / 146.4 grams&lt;/li&gt;\t&lt;li&gt;3.8-inch TFT-LCD flat touch-sensitive screen with 480 x 800 WVGA resolution&lt;/li&gt;\t&lt;li&gt;HSDPA/WCDMA: Europe/Asia: 900/2100 MHz; Up to 2 Mbps up-link and 7.2 Mbps down-link speeds&lt;/li&gt;\t&lt;li&gt;Quad-band GSM/GPRS/EDGE: Europe/Asia: 850/900/1800/1900 MHz (Band frequency, HSUPA availability, and data speed are operator dependent.)&lt;/li&gt;\t&lt;li&gt;Device Control via HTC TouchFLO™ 3D &amp;amp; Touch-sensitive front panel buttons&lt;/li&gt;\t&lt;li&gt;GPS and A-GPS ready&lt;/li&gt;\t&lt;li&gt;Bluetooth® 2.0 with Enhanced Data Rate and A2DP for wireless stereo headsets&lt;/li&gt;\t&lt;li&gt;Wi-Fi®: IEEE 802.11 b/g&lt;/li&gt;\t&lt;li&gt;HTC ExtUSB™ (11-pin mini-USB 2.0)&lt;/li&gt;\t&lt;li&gt;5 megapixel color camera with auto focus&lt;/li&gt;\t&lt;li&gt;VGA CMOS color camera&lt;/li&gt;\t&lt;li&gt;Built-in 3.5 mm audio jack, microphone, speaker, and FM radio&lt;/li&gt;\t&lt;li&gt;Ring tone formats: AAC, AAC+, eAAC+, AMR-NB, AMR-WB, QCP, MP3, WMA, WAV&lt;/li&gt;\t&lt;li&gt;40 polyphonic and standard MIDI format 0 and 1 (SMF)/SP MIDI&lt;/li&gt;\t&lt;li&gt;Rechargeable Lithium-ion or Lithium-ion polymer 1350 mAh battery&lt;/li&gt;\t&lt;li&gt;Expansion Slot: microSD™ memory card (SD 2.0 compatible)&lt;/li&gt;\t&lt;li&gt;AC Adapter Voltage range/frequency: 100 ~ 240V AC, 50/60 Hz DC output: 5V and 1A&lt;/li&gt;\t&lt;li&gt;Special Features: FM Radio, G-Sensor&lt;/li&gt;&lt;/ul&gt;', '', 'SAMSUNG WW90M74LNOA/UA', 'SAMSUNG WW90M74LNOA/UA', 'SAMSUNG WW90M74LNOA/UA', 'SAMSUNG WW90M74LNOA/UA');
INSERT INTO `PREFIX_DB_product_description` (`product_id`, `language_id`, `name`, `description`, `tag`, `meta_title`, `meta_h1`, `meta_description`, `meta_keyword`) VALUES ('49', '1', 'Nike Air Max Sequent 2', '&lt;p&gt;&lt;span style=&quot;font-size:14px&quot;&gt;Кроссовки&amp;nbsp;&lt;strong&gt;Nike Air Max Sequent 4.5&lt;/strong&gt;&amp;nbsp;обеспечивают комфорт нового уровня благодаря комбинации U-образной вставки Max Air, упругого пеноматериала и дышащего верха из сетки.&lt;br /&gt;Элегантный минималистичный дизайн создает лаконичный современный образ, который отлично сочетается с культовыми деталями Air Max по всей поверхности.&lt;br /&gt;А теперь более детально. Верх выполнен из синтетического материала. Ноги в кроссовках не потеют за счет системы циркуляции воздуха. Стелька текстильная, дышащая, повторяет все движения стопы. Во время носки обеспечивается своевременный отвод влаги.&lt;br /&gt;Классическая шнуровка надежно фиксирует модель на ноге. Боковые стороны усилены зональными термополиуретановыми ячеистыми накладками, придающими стабильность и защиту от боковых смещений. Фирменный материал межподошвы Phylon, который изготавливается из прессованного в форме гранул этиленвинилацетата (EVA), обеспечивает максимальную амортизацию обуви. Он сводит к минимуму ударные нагрузки во время бега, не ухудшая ходовые качества. U-образный блок Air Max эффективно смягчает каждый шаг, обеспечивая комфортную и отзывчивую амортизацию. Протектор из карбонового каучука гарантирует длительную эффективность подошвы и защиту от износа. Рисунок протектора включает в себя флекс канавки, которые способствуют плавному движению.&lt;br /&gt;Фирменная символика включает мини-логотип Swoosh в передней части и логотип AIR MAX на петельке на язычке.&lt;/span&gt;&lt;/p&gt;&lt;p&gt;&lt;span style=&quot;font-size:14px&quot;&gt;&lt;strong&gt;Air Max&lt;/strong&gt;&amp;nbsp;– методика амортизации обуви с воздушными баллонами в подошве и прорезью в ней для демонстрации, а также, Air Max - одноименная линия кроссовок бренда Nike. Технология Air Max стала культовой, опередила свое время и является визитной карточкой гиганта-производителя спортивной одежды Nike.&lt;/span&gt;&lt;/p&gt;', 'одежда, часы, спорт', 'Nike Air Max Sequent 2', 'Nike Air Max Sequent 2', 'Nike Air Max Sequent 2', 'Nike Air Max Sequent 2');
INSERT INTO `PREFIX_DB_product_description` (`product_id`, `language_id`, `name`, `description`, `tag`, `meta_title`, `meta_h1`, `meta_description`, `meta_keyword`) VALUES ('40', '1', 'Ноутбук HP OMEN X 17', '&lt;p&gt;&lt;span style=&quot;font-size:14px&quot;&gt;Процессоры Intel® Core™ 7-го поколения&lt;/span&gt;&lt;/p&gt;&lt;p&gt;&lt;span style=&quot;font-size:14px&quot;&gt;Это высокопроизводительное решение легко справится с большим количеством задач, улучшая возможности работы с ПК и обеспечивая потрясающее качество видео с разрешением 4K.&lt;/span&gt;&lt;/p&gt;&lt;p&gt;&lt;span style=&quot;font-size:14px&quot;&gt;Варианты ОЗУ DDR4&lt;/span&gt;&lt;/p&gt;&lt;p&gt;&lt;span style=&quot;font-size:14px&quot;&gt;Память DDR4 — это будущее ОЗУ. Она отличается большей эффективностью, надежностью и скоростью работы. Расширение полосы пропускания способствует увеличению производительности всех процессов для эффективной работы в многозадачном режиме и высокой скорости обработки компьютерных игр.&lt;/span&gt;&lt;/p&gt;&lt;p&gt;&lt;span style=&quot;font-size:14px&quot;&gt;Технология DTS Headphone: X&lt;/span&gt;&lt;/p&gt;&lt;p&gt;&lt;span style=&quot;font-size:14px&quot;&gt;Благодаря точному трехмерному воспроизведению звука в любых наушниках эта технология делает погружение в игры, кино и музыку еще более глубоким и выводит эффект присутствия на новый уровень.&lt;/span&gt;&lt;/p&gt;&lt;p&gt;&lt;span style=&quot;font-size:14px&quot;&gt;Исключительное качество звука&lt;/span&gt;&lt;/p&gt;&lt;p&gt;&lt;span style=&quot;font-size:14px&quot;&gt;Два динамика HP и аудиосистема, вручную настроенная специалистами Bang &amp;amp; Olufsen, откроют новые возможности развлечения с полным погружением в звук. Вы не просто будете слышать звук, вы его почувствуете.&lt;/span&gt;&lt;/p&gt;&lt;p&gt;&lt;span style=&quot;font-size:14px&quot;&gt;HP Audio Boost&lt;/span&gt;&lt;/p&gt;&lt;p&gt;&lt;span style=&quot;font-size:14px&quot;&gt;Почувствуйте звук и оцените его великолепное качество благодаря технологиям следующего поколения HP Audio Boost и SmartAmp, которые обеспечивают более громкое и богатое звучание и передачу низких частот без искажения.&lt;/span&gt;&lt;/p&gt;&lt;p&gt;&lt;span style=&quot;font-size:14px&quot;&gt;Full HD-камера HP Wide Vision&lt;/span&gt;&lt;/p&gt;&lt;p&gt;&lt;span style=&quot;font-size:14px&quot;&gt;Благодаря широкому углу обзора (до 88 градусов) вы можете устраивать видеочат со всей семьей или друзьями, не беспокоясь о качестве изображения.&lt;/span&gt;&lt;/p&gt;&lt;p&gt;&lt;span style=&quot;font-size:14px&quot;&gt;Двунаправленный микрофон&lt;/span&gt;&lt;/p&gt;&lt;p&gt;&lt;span style=&quot;font-size:14px&quot;&gt;Двунаправленный микрофон и улучшенное ПО подавления шума гарантируют высокое качество звука во время видеозвонков или записи аудио.&lt;/span&gt;&lt;/p&gt;&lt;p&gt;&lt;span style=&quot;font-size:14px&quot;&gt;NVIDIA® G-SYNC&lt;/span&gt;&lt;/p&gt;&lt;p&gt;&lt;span style=&quot;font-size:14px&quot;&gt;Синхронизируя скорость рендеринга графического процессора и частоту обновления экрана, технология NVIDIA® G-SYNC™ обеспечивает плавное и четкое изображение без разрывов с минимальной задержкой ввода.&lt;/span&gt;&lt;/p&gt;&lt;p&gt;&lt;span style=&quot;font-size:14px&quot;&gt;Надежные подключения&lt;/span&gt;&lt;/p&gt;&lt;p&gt;&lt;span style=&quot;font-size:14px&quot;&gt;Медленный Интернет больше не проблема. Подключайтесь к сети Wi-Fi и устройствам Bluetooth® благодаря модулям Wi-Fi 802.11 a/c (2 x 2) и Bluetooth® 4.2.&lt;/span&gt;&lt;/p&gt;&lt;p&gt;&lt;span style=&quot;font-size:14px&quot;&gt;USB-C™ Thunderbolt&lt;/span&gt;&lt;/p&gt;&lt;p&gt;&lt;span style=&quot;font-size:14px&quot;&gt;Используйте удобный разъем USB-C™ Thunderbolt™ для зарядки устройства, подключения внешнего дисплея или передачи данных на сумасшедшей скорости 40 Гбит/с. Разъем специально устроен таким образом, чтобы в него можно было вставлять кабели любой стороной.&lt;/span&gt;&lt;/p&gt;&lt;p&gt;&lt;span style=&quot;font-size:14px&quot;&gt;Подсветка корпуса&lt;/span&gt;&lt;/p&gt;&lt;p&gt;&lt;span style=&quot;font-size:14px&quot;&gt;Меняйте внешний вид корпуса по своему усмотрению со светодиодной RGB-подсветкой с поддержкой восьми режимов. Профили подсветки легко настраиваются, позволяя полностью контролировать то, как выглядит ваше устройство.&lt;/span&gt;&lt;/p&gt;&lt;p&gt;&lt;span style=&quot;font-size:14px&quot;&gt;OMEN Command Center&lt;/span&gt;&lt;/p&gt;&lt;p&gt;&lt;span style=&quot;font-size:14px&quot;&gt;Настраивайте разгон графического адаптера и оперативной памяти, устанавливайте режимы подсветки корпуса и клавиатуры и оптимизируйте сетевое подключением с помощью удобного пользовательского интерфейса.&lt;/span&gt;&lt;/p&gt;&lt;p&gt;&lt;span style=&quot;font-size:14px&quot;&gt;Поддержка стандарта VR&lt;/span&gt;&lt;/p&gt;&lt;p&gt;&lt;span style=&quot;font-size:14px&quot;&gt;Оборудование и драйверы прошли проверку самыми ресурсоемкими играми и гарантируют стабильную частоту 90 кадров в секунду и высокое качество графики для комфортной работы с виртуальной реальностью сразу после покупки.&lt;/span&gt;&lt;/p&gt;', 'одежда, часы, спорт', 'Ноутбук HP OMEN X 17', 'Ноутбук HP OMEN X 17', 'Ноутбук HP OMEN X 17', 'Ноутбук HP OMEN X 17');
INSERT INTO `PREFIX_DB_product_description` (`product_id`, `language_id`, `name`, `description`, `tag`, `meta_title`, `meta_h1`, `meta_description`, `meta_keyword`) VALUES ('46', '1', 'Теннисное платье женское', '&lt;p&gt;&lt;span style=&quot;font-size:14px&quot;&gt;Черный вечерний клатч с жестким каркасом. Закрывается клапаном на кнопку-магнит. Съемная металлическая цепочка на карабинах.&lt;/span&gt;&lt;/p&gt;&lt;p&gt;&lt;span style=&quot;font-size:14px&quot;&gt;&lt;strong&gt;TRAUM&lt;/strong&gt; – международная производственно-торговая группа компаний, основанная в Германии, производитель одежды и аксессуаров к одежде — шарфов, перчаток и головных уборов, мужских и женских сумок, а также спортивных, дорожных сумок и рюкзаков. Продукция &lt;strong&gt;ТМ «TRAUM»&lt;/strong&gt; представлена в Украине с 2004 года. За этот период изделия зарекомендовали себя хорошим стабильным уровнем качества и прошли испытание временем. Начиная с 2012 года начато производство определенных товарных групп ТМ «TRAUM» в Украине.&lt;/span&gt;&lt;/p&gt;&lt;p&gt;&lt;span style=&quot;font-size:14px&quot;&gt;&lt;strong&gt;«TRAUM»&lt;/strong&gt; регулярно обновляет свой модельный ряд. Все модели разрабатываются с учетом прогрессивных тенденций моды. Благодаря использованию современных производственных технологий наряду с хорошим оборудованием удается добиться достаточно недорогой цены на изделия при очень хорошем качестве. Это является основной концепцией ТМ «TRAUM».&lt;/span&gt;&lt;/p&gt;', 'одежда, часы, спорт', 'Теннисное платье женское', 'Теннисное платье женское', 'Теннисное платье женское', 'Теннисное платье женское');
INSERT INTO `PREFIX_DB_product_description` (`product_id`, `language_id`, `name`, `description`, `tag`, `meta_title`, `meta_h1`, `meta_description`, `meta_keyword`) VALUES ('31', '1', 'Эллиптический тренажер', '&lt;p&gt;&lt;span style=&quot;font-size:14px&quot;&gt;Эллиптический тренажер эффективен для занятий по укреплению здоровья и физических тренировок в домашних условиях. Предназначен для тренировки около 200 мышц и совмещает в себе функции лыж, велосипеда, степа. Позволяет держать в тонусе мышцы рук, спины, нижнего пресса, груди, ягодиц и ног. Дает умеренную нагрузку для тренировки дыхательной и сердечно-сосудистой системы. Данная модель орбитрека BH Fitness Athlon Dual отличается хорошими техническими характеристиками и функционалом. Дисплей: LCD с подсветкой. Предустановленные программы: 9. Уровни нагрузки: 24. Профили пользователей: 4. Показания дисплея: расстояние, пульс, время, Vitesse/RPM, Watts/Calories. Расстояние между педалями (см): 17. Дополнительно: Bluetooth Heartrate, фитнес-приложения, держатель планшета/смартфона, транспортные ролики.&lt;/span&gt;&lt;/p&gt;', 'одежда, часы, спорт', 'Эллиптический тренажер', 'Эллиптический тренажер', 'Эллиптический тренажер', 'Эллиптический тренажер');
INSERT INTO `PREFIX_DB_product_description` (`product_id`, `language_id`, `name`, `description`, `tag`, `meta_title`, `meta_h1`, `meta_description`, `meta_keyword`) VALUES ('41', '1', 'Pavilion 550', '&lt;p&gt;&lt;span style=&quot;font-size:14px&quot;&gt;&lt;strong&gt;Pavilion 550 —&lt;/strong&gt; это превосходный корпус формата Super-Tower для ПК. Он отличается легендарным дизайном с использованием закаленного стекла, обеспечивает возможность интеллектуального управления освещением и вентиляторами, а также создания просто невероятных сборок с двумя системами одновременно. Превосходный корпус формата Super-Tower для ПК Легендарные четкие линии корпуса, четыре выполненные из тонированного закаленного стекла панели и гармонично встроенная RGB-подсветка делают Obsidian 1000D самым привлекательным из всех существующих корпусов Obsidian Series. Потоковая передача и игра одновременно Корпус Obsidian 1000D может полностью вмещать одновременно системы E-ATX и Mini-ITX, что позволяет выполнять потоковую передачу видео и играть без каких-либо проблем, используя всего один корпус.&lt;/span&gt;&lt;/p&gt;&lt;p&gt;&lt;span style=&quot;font-size:14px&quot;&gt;Две материнские платы, два блока питания, два полноценных ПК в одном корпусе. Встроенные интеллектуальные системы управления вентиляторами и подсветкой Встроенный контроллер вентиляторов и подсветки Corsair Commander PRO позволяет с невероятной точностью управлять практически каждым компонентом вашей системы с помощью программного обеспечения Corsair iCUE. Трехкамерный дизайн Поддержка собранной на основе ПК 1000D системы в аккуратном состоянии не потребует от вас значительных усилий: в конструкцию входит стеклянная створчатая дверца для заднего отсека, лоток для материнской платы E-ATX и лоток двойного назначения, который поддерживает материнскую плату Mini-ITX и служит крышкой для блока питания. Передняя панель, не теряющая актуальность со временем Оснащенная светодиодной RGB-подсветкой передняя панель содержит два порта USB 3.1 Gen-2 Type-C и четыре порта USB 3.0, что оставляет пространство для будущих модификаций и обеспечивает обратную совместимость. Размер имеет значение Корпус 1000D отличается дисковым пространством, которое может вместить до пяти 3.5-дюймовых жестких дисков и шести 2.5-дюймовых твердотельных накопителей, каждый в предназначенном специально для него отсеке. Интеллектуальное управление. Безграничные возможности. Программное обеспечение Corsair iCUE вдохнет жизнь в ваш корпус благодаря динамической синхронизированной RGB-подсветке всей системы, настройке скорости вентилятора для бесшумной работы и расширенному мониторингу системы&lt;/span&gt;&lt;/p&gt;', 'одежда, часы, спорт', 'Pavilion 550', 'Pavilion 550', 'Pavilion 550', 'Pavilion 550');
INSERT INTO `PREFIX_DB_product_description` (`product_id`, `language_id`, `name`, `description`, `tag`, `meta_title`, `meta_h1`, `meta_description`, `meta_keyword`) VALUES ('33', '1', 'Видеорегистратор Neoline X-COP 9000', '&lt;p&gt;&lt;span style=&quot;font-size:14px&quot;&gt;&lt;strong&gt;DVR Neoline X-COP 9000 &lt;/strong&gt;- устройство, сочетающее в себе функции видеорегистратора и антирадара. Он выявляет все типы радаров: от маломощных до фотокомплексов. Максимальной эффективности способствуют установленные GPS-модуль и GPS-база полицейских радаров, которую можно обновлять каждые две недели на сайте производителя.&lt;br /&gt;&lt;br /&gt;ВИДЕО ВЫСОКОГО КАЧЕСТВА&lt;br /&gt;Мощный процессор и оптическая система, состоящая из 6 линз, обеспечивают высокую чёткость видеоизображения, благодаря чему оно будет принято в качестве доказательства любым исполнительным органом. Благодаря сенсору EXMOR IMX 322 от Sony изображение будет детализированным и контрастным даже при съёмке в условиях плохой освещённости и ночью. Видео записывается на microSD-карту. Всего есть два слота для карт. Одна предназначена для основной записи, вторая - для копирования нужных файлов.&lt;br /&gt;&lt;br /&gt;УДОБНЫЙ ИНТЕРФЕЙС&lt;br /&gt;Двухдюймовый дисплей с IPS-матрицей с широким углом обеспечивает хорошую видимость изображения на экране в любую погоду и из разных точек машины. На дисплее отображается вся информация о ситуации на дороге. Для управления по бокам экрана есть специальные кнопки. С помощью интуитивно понятного меню вы можете добавить GPS-точку в память, переключать режимы, останавливать запись, отключать звуковое сопровождение или включать микрофон.&lt;/span&gt;&lt;/p&gt;', 'одежда, часы, спорт', 'Видеорегистратор Neoline X-COP 9000', 'Видеорегистратор Neoline X-COP 9000', 'Видеорегистратор Neoline X-COP 9000', 'Видеорегистратор Neoline X-COP 9000');
INSERT INTO `PREFIX_DB_product_description` (`product_id`, `language_id`, `name`, `description`, `tag`, `meta_title`, `meta_h1`, `meta_description`, `meta_keyword`) VALUES ('34', '2', 'iPod Shuffle', '&lt;p&gt;&lt;strong&gt;Born to be worn.&lt;/strong&gt;&lt;/p&gt;&lt;p&gt;Clip on the worlds most wearable music player and take up to 240 songs with you anywhere. Choose from five colors including four new hues to make your musical fashion statement.&lt;/p&gt;&lt;p&gt;&lt;strong&gt;Random meets rhythm.&lt;/strong&gt;&lt;/p&gt;&lt;p&gt;With iTunes autofill, iPod shuffle can deliver a new musical experience every time you sync. For more randomness, you can shuffle songs during playback with the slide of a switch.&lt;/p&gt;&lt;p&gt;&lt;strong&gt;Everything is easy.&lt;/strong&gt;&lt;/p&gt;&lt;p&gt;Charge and sync with the included USB dock. Operate the iPod shuffle controls with one hand. Enjoy up to 12 hours straight of skip-free music playback.&lt;/p&gt;', '', 'iPod Shuffle', '', '', '');
INSERT INTO `PREFIX_DB_product_description` (`product_id`, `language_id`, `name`, `description`, `tag`, `meta_title`, `meta_h1`, `meta_description`, `meta_keyword`) VALUES ('46', '2', 'Sony VAIO', '&lt;p&gt;Unprecedented power. The next generation of processing technology has arrived. Built into the newest VAIO notebooks lies Intel\'s latest, most powerful innovation yet: Intel® Centrino® 2 processor technology. Boasting incredible speed, expanded wireless connectivity, enhanced multimedia support and greater energy efficiency, all the high-performance essentials are seamlessly combined into a single chip.&lt;/p&gt;', '', 'Sony VAIO', '', '', '');
INSERT INTO `PREFIX_DB_product_description` (`product_id`, `language_id`, `name`, `description`, `tag`, `meta_title`, `meta_h1`, `meta_description`, `meta_keyword`) VALUES ('48', '1', ' Apple Watch Series 4', '&lt;p&gt;&lt;span style=&quot;font-size:14px&quot;&gt;&lt;strong&gt;Apple Watch Series 4 &lt;/strong&gt;— часы с абсолютно новым дизайном и новыми технологиями. Они помогают вести ещё более активный образ жизни, лучше следить за здоровьем и всегда оставаться на связи.&lt;/span&gt;&lt;/p&gt;&lt;p&gt;&lt;span style=&quot;font-size:14px&quot;&gt;&lt;strong&gt;Изменения, которые меняют всё&lt;/strong&gt;&lt;/span&gt;&lt;/p&gt;&lt;p&gt;&lt;span style=&quot;font-size:14px&quot;&gt;Самый большой дисплей в линейке Apple Watch. Новый электрический датчик сердечной активности. Усовершенствованное колёсико Digital Crown с тактильным откликом. Такие знакомые и вместе с тем принципиально новые Apple Watch Series 4 меняют все представления о возможностях часов.&lt;/span&gt;&lt;/p&gt;&lt;p&gt;&lt;span style=&quot;font-size:14px&quot;&gt;&lt;strong&gt;Почувствует. Позаботится. Подскажет&lt;/strong&gt;&lt;/span&gt;&lt;/p&gt;&lt;p&gt;&lt;span style=&quot;font-size:14px&quot;&gt;Уведомления о слишком низком и высоком пульсе. Функции обнаружения падения и вызова экстренных служб. Новые циферблаты «Дыхание». Эти часы созданы, чтобы защищать вас и помогать вам вести более здоровый образ жизни.&lt;/span&gt;&lt;/p&gt;&lt;p&gt;&lt;span style=&quot;font-size:14px&quot;&gt;&lt;strong&gt;На пике формы вместе с вами.&lt;/strong&gt;&lt;/span&gt;&lt;/p&gt;&lt;p&gt;&lt;span style=&quot;font-size:14px&quot;&gt;Автоматическое распознавание тренировок. Новые виды тренировок: йога и пеший туризм. Передовые функции для любителей бега, например измерение каденса и предупреждения об изменении темпа. При этом на экран можно вывести до пяти показателей, чтобы точно отслеживать свою статистику.&lt;/span&gt;&lt;/p&gt;&lt;p&gt;&lt;span style=&quot;font-size:14px&quot;&gt;&lt;strong&gt;Мотивация. Мотивация. Мотивация.&lt;/strong&gt;&lt;/span&gt;&lt;/p&gt;&lt;p&gt;&lt;span style=&quot;font-size:14px&quot;&gt;Новый вид соревнований: один на один. Возможность делиться показателями активности с друзьями. Персональные тренерские подсказки. Ежемесячные мотивирующие цели. Виртуальные награды за достижения. Всё, чтобы вдохновить вас закрывать кольца Активности каждый день.&lt;/span&gt;&lt;/p&gt;&lt;p&gt;&lt;span style=&quot;font-size:14px&quot;&gt;&lt;strong&gt;Всё важное под рукой.&lt;/strong&gt;&lt;/span&gt;&lt;/p&gt;&lt;p&gt;&lt;span style=&quot;font-size:14px&quot;&gt;Рация, телефонные звонки и сообщения. Музыка из Apple Music и приложение «Подкасты» от Apple.* Новые возможности приложений с быстрыми командами Siri. Столько всего важного и нужного — прямо у вас на запястье.&lt;/span&gt;&lt;/p&gt;&lt;p&gt;&amp;nbsp;&lt;/p&gt;&lt;p&gt;&lt;span style=&quot;font-size:14px&quot;&gt;&lt;!-- cpt_container_end --&gt;&lt;/span&gt;&lt;/p&gt;', 'одежда, часы, спорт', ' Apple Watch Series 4', ' Apple Watch Series 4', ' Apple Watch Series 4', ' Apple Watch Series 4');
INSERT INTO `PREFIX_DB_product_description` (`product_id`, `language_id`, `name`, `description`, `tag`, `meta_title`, `meta_h1`, `meta_description`, `meta_keyword`) VALUES ('34', '1', 'Сумка-клатч Amelie Galanti', '&lt;p&gt;&lt;span style=&quot;font-size:14px&quot;&gt;&lt;strong&gt;TRAUM&lt;/strong&gt; – международная производственно-торговая группа компаний, основанная в Германии, производитель одежды и аксессуаров к одежде — шарфов, перчаток и головных уборов, мужских и женских сумок, а также спортивных, дорожных сумок и рюкзаков. Продукция &lt;strong&gt;ТМ «TRAUM»&lt;/strong&gt; представлена в Украине с 2004 года. За этот период изделия зарекомендовали себя хорошим стабильным уровнем качества и прошли испытание временем. Начиная с 2012 года начато производство определенных товарных групп ТМ «TRAUM» в Украине.&lt;/span&gt;&lt;/p&gt;&lt;p&gt;&lt;span style=&quot;font-size:14px&quot;&gt;&lt;strong&gt;«TRAUM»&lt;/strong&gt; регулярно обновляет свой модельный ряд. Все модели разрабатываются с учетом прогрессивных тенденций моды. Благодаря использованию современных производственных технологий наряду с хорошим оборудованием удается добиться достаточно недорогой цены на изделия при очень хорошем качестве. Это является основной концепцией ТМ «TRAUM».&lt;/span&gt;&lt;/p&gt;', 'одежда, часы, спорт', 'Сумка-клатч Amelie Galanti', 'Сумка-клатч Amelie Galanti', 'Сумка-клатч Amelie Galanti', 'Сумка-клатч Amelie Galanti');
INSERT INTO `PREFIX_DB_product_description` (`product_id`, `language_id`, `name`, `description`, `tag`, `meta_title`, `meta_h1`, `meta_description`, `meta_keyword`) VALUES ('28', '1', 'Стиральная машина SAMSUNG WW90M74', '&lt;p&gt;&lt;span style=&quot;font-size:14px&quot;&gt;&lt;strong&gt;Время стирки сокращается вдвое&lt;/strong&gt;&lt;br /&gt;Технология &lt;strong&gt;QuickDrive™&lt;/strong&gt; сокращает время стирки до 50% и энергопотребление до 20%, при этом качество стирки не ухудшается. Благодаря использованию функции&lt;strong&gt; Q-Drum™&lt;/strong&gt; с основным барабаном и задней пластиной, которые вращаются независимо, обеспечивается динамичное движение одежды с удвоенной силой. За счет этого стирка становится быстрее, эффективнее и деликатнее.&lt;/span&gt;&lt;/p&gt;&lt;p&gt;&lt;span style=&quot;font-size:14px&quot;&gt;&lt;strong&gt;Добавляйте любую вещь в любое время&lt;/strong&gt;&lt;br /&gt;Забыли положить рубашку? Дверца &lt;strong&gt;Add Wash™ &lt;/strong&gt;позволяет быстро и легко добавить забытую одежду после того, как цикл стирки уже начался. Также можно свободно положить в машину одежду для ручной стирки, которую вы хотите просто прополоскать или высушить в центробежной сушилке.&lt;/span&gt;&lt;/p&gt;&lt;p&gt;&lt;span style=&quot;font-size:14px&quot;&gt;&lt;strong&gt;Мощные пузырьки&lt;/strong&gt;&lt;br /&gt;Технология &lt;strong&gt;Eco Bubble™&lt;/strong&gt; гарантирует тщательное отстирывание даже при низких температурах. Стиральный порошок превращается в пузырьки, что позволяет ему быстро проникать в ткань и легко удалять загрязнения, при этом защищая ткань и экономя энергию.&lt;/span&gt;&lt;/p&gt;&lt;p&gt;&lt;span style=&quot;font-size:14px&quot;&gt;&lt;strong&gt;Интеллектуальная забота о стирке&lt;/strong&gt;&lt;br /&gt;&lt;em&gt;Функция &lt;/em&gt;&lt;strong&gt;&lt;em&gt;Laundry Recipe&lt;/em&gt;&lt;/strong&gt;&lt;br /&gt;Интеллектуальная система управления &lt;strong&gt;Q-rator&lt;/strong&gt; повышает производительность функции &lt;strong&gt;QuickDrive™ &lt;/strong&gt;за счет использования данных, полученных от взаимодействия с пользователем. Функция &lt;strong&gt;Laundry Recipe &lt;/strong&gt;рекомендует оптимальные циклы стирки, функция &lt;strong&gt;Laundry Planner &lt;/strong&gt;позволяет оптимизировать ваш график стирки, a функция &lt;strong&gt;HomeCare Wizard &lt;/strong&gt;позволяет устранять неисправности удаленно.&lt;/span&gt;&lt;/p&gt;&lt;p&gt;&lt;span style=&quot;font-size:14px&quot;&gt;&lt;strong&gt;Стирка за 39 минут&lt;/strong&gt;&lt;br /&gt;Программа &lt;strong&gt;Super Speed &lt;/strong&gt;позволяет выполнять ежедневную стирку вещей всего &lt;strong&gt;за 39 минут. &lt;/strong&gt;Технология &lt;strong&gt;QuickDrive™&lt;/strong&gt; сокращает время стирки за счет динамичного движения одежды, а функция &lt;strong&gt;Eco Bubble™ &lt;/strong&gt;обеспечивает ее эффективную очистку. Время полоскания также сокращается благодаря использованию функции &lt;em&gt;Speed Spray &lt;/em&gt;и схемы барабана &lt;strong&gt;Swirl+ Pattern, &lt;/strong&gt;а также увеличению скорости вращения.&lt;/span&gt;&lt;/p&gt;&lt;p&gt;&lt;span style=&quot;font-size:14px&quot;&gt;&lt;strong&gt;Очистка барабана без использования химических веществ&lt;/strong&gt;&lt;br /&gt;&lt;em&gt;Eco Drum Clean+&lt;/em&gt;&lt;br /&gt;Функция &lt;strong&gt;Eco Drum Clean + &lt;/strong&gt;позволяет выполнять очистку внутри стиральной машины, при этом без использования агрессивных химикатов уничтожается &lt;strong&gt;99.9% &lt;/strong&gt;бактерий, вызывающих запах. Сила трения между мощной струей воды и быстро вращающимся барабаном также устраняет загрязнения из резинового уплотнителя дверцы. Данная функция даже автоматически уведомляет вас о необходимости чистки машины.&lt;/span&gt;&lt;/p&gt;&lt;p&gt;&lt;span style=&quot;font-size:14px&quot;&gt;&lt;strong&gt;Долговечная производительность&lt;/strong&gt;&lt;br /&gt;Нагревательный элемент &lt;strong&gt;Ceramic Heater + &lt;/strong&gt;имеет новый тип антиадгезионного покрытия, которое сокращает образование накипи по сравнению с обычными керамическими нагревателями. Его патентованная конструкция обеспечивает сокращение образования накипи, что препятствует возникновению теплопроводности. Благодаря этому нагревательный элемент сохраняет свою эффективность в течении более длительного периода времени и обладает повышенной прочностью.&lt;/span&gt;&lt;/p&gt;&lt;ul&gt;&lt;/ul&gt;', 'одежда, часы, спорт', 'Стиральная машина полногабаритная SAMSUNG WW90M74LNOA/UA', 'Стиральная машина полногабаритная SAMSUNG WW90M74LNOA/UA', 'Стиральная машина полногабаритная SAMSUNG WW90M74LNOA/UA', 'Стиральная машина полногабаритная SAMSUNG WW90M74LNOA/UA');
INSERT INTO `PREFIX_DB_product_description` (`product_id`, `language_id`, `name`, `description`, `tag`, `meta_title`, `meta_h1`, `meta_description`, `meta_keyword`) VALUES ('30', '1', 'Софа Kelso', '&lt;p&gt;&lt;span style=&quot;font-size:14px&quot;&gt;&lt;strong&gt;Софа &lt;/strong&gt;— широкий диван, в котором спинка и подлокотники имеют одну высоту. В Европе софа известна с XVII века, куда она пришла с Востока (Османская империя)[1]. Софа обыкновенно ставилась в аристократических гостиных и предназначалась для дневного отдыха в положении сидя. Каркас софы изготовлялся из ценных пород дерева (кедр, лиственница), обивка делалась из шёлка или кожи, а съёмные (мебельные) подушки для большей жёсткости набивались овечьей шерстью или конским волосом.&amp;nbsp;&lt;/span&gt;&lt;/p&gt;&lt;p&gt;&amp;nbsp;&lt;/p&gt;&lt;p&gt;&lt;span style=&quot;font-size:14px&quot;&gt;Цена указана в ткани начальной группы!&lt;/span&gt;&lt;/p&gt;&lt;p&gt;&lt;span style=&quot;font-size:14px&quot;&gt;ширина мебели: 137 или 187 см&lt;br /&gt;глубина мебели: 95 см&lt;br /&gt;высота мебели: 101 см&lt;br /&gt;высота сидения: 47 см&lt;br /&gt;глубина сидения: 53 см&lt;br /&gt;высота ног: 18 см&lt;/span&gt;&lt;/p&gt;&lt;p&gt;&amp;nbsp;&lt;/p&gt;', 'одежда, часы, спорт', 'Canon EOS 5D', 'Софа Kelso', 'Софа Kelso', 'Софа Kelso');
INSERT INTO `PREFIX_DB_product_description` (`product_id`, `language_id`, `name`, `description`, `tag`, `meta_title`, `meta_h1`, `meta_description`, `meta_keyword`) VALUES ('36', '1', 'Рубашка Piazza Italia', '&lt;p&gt;&lt;span style=&quot;font-size:14px&quot;&gt;Piazza Italia – ведущая итальянская компания в мире моды одежды по доступным ценам. Бренд знаменит своими стильными и главными трендами каждого сезона. Компания, начавшая свой путь в 1993 году, благодаря своим талантливым основателям быстро завоевала рынок модной одежды. Сначала бренд покорил родную Италию, а в последнее время стремительно развивает свою сеть в разных уголках мира.&lt;/span&gt;&lt;/p&gt;&lt;ul&gt;\t&lt;li&gt;\t&lt;p&gt;&lt;span style=&quot;font-size:14px&quot;&gt;размер&lt;/span&gt;&lt;/p&gt;\t&lt;ul&gt;\t\t&lt;li&gt;&lt;span style=&quot;font-size:14px&quot;&gt;Модель&amp;nbsp;190cm/6\'3&quot;&amp;nbsp;, на ней одежда размера&amp;nbsp;L&lt;/span&gt;&lt;/li&gt;\t&lt;/ul&gt;\t&lt;/li&gt;\t&lt;li&gt;\t&lt;p&gt;&lt;span style=&quot;font-size:14px&quot;&gt;Состав&lt;/span&gt;&lt;/p&gt;\t&lt;ul&gt;\t\t&lt;li&gt;&lt;span style=&quot;font-size:14px&quot;&gt;Хлопок 100%&lt;/span&gt;&lt;/li&gt;\t&lt;/ul&gt;\t&lt;/li&gt;\t&lt;li&gt;\t&lt;p&gt;&lt;span style=&quot;font-size:14px&quot;&gt;Арт. №&lt;/span&gt;&lt;/p&gt;\t&lt;ul&gt;\t\t&lt;li&gt;&lt;span style=&quot;font-size:14px&quot;&gt;0743840001&lt;/span&gt;&lt;/li&gt;\t&lt;/ul&gt;\t&lt;/li&gt;&lt;/ul&gt;&lt;p&gt;&amp;nbsp;&lt;/p&gt;&lt;p&gt;&amp;nbsp;&lt;/p&gt;', 'одежда, часы, спорт', 'Рубашка Piazza Italia', 'Рубашка Piazza Italia', 'Рубашка Piazza Italia', 'Рубашка Piazza Italia');
INSERT INTO `PREFIX_DB_product_description` (`product_id`, `language_id`, `name`, `description`, `tag`, `meta_title`, `meta_h1`, `meta_description`, `meta_keyword`) VALUES ('32', '1', 'Машина New Bright', '&lt;p&gt;&lt;span style=&quot;font-size:14px&quot;&gt;Стильный внедорожник New Bright Vortex Buggy привык побеждать в любых условиях. Обтекаемый корпус, силовой бампер, скорость и проходимость – все это оценит даже взрослый автолюбитель. Ребенок с удовольствием будет управлять этой моделью и переживет вместе с ней невероятные приключения.&lt;/span&gt;&lt;/p&gt;&lt;p&gt;&lt;span style=&quot;font-size:14px&quot;&gt;Машинка представляет собой реалистичную копию авто со стильным уникальным дизайном.&lt;/span&gt;&lt;/p&gt;&lt;p&gt;&lt;span style=&quot;font-size:14px&quot;&gt;Полное радиоуправление на частоте 27 МГц: машина едет вперед, назад, вправо и влево.&lt;/span&gt;&lt;/p&gt;&lt;p&gt;&lt;span style=&quot;font-size:14px&quot;&gt;Огромные колеса повышают проходимость этой модели.&lt;/span&gt;&lt;/p&gt;&lt;p&gt;&lt;span style=&quot;font-size:14px&quot;&gt;Игрушка способствует развитию координации, моторики, пространственного мышления.&lt;/span&gt;&lt;/p&gt;', 'одежда, часы, спорт', 'Машина New Bright', 'Машина New Bright', 'Машина New Bright', 'Машина New Bright');
INSERT INTO `PREFIX_DB_product_description` (`product_id`, `language_id`, `name`, `description`, `tag`, `meta_title`, `meta_h1`, `meta_description`, `meta_keyword`) VALUES ('44', '1', 'Колонка JBL Xtreme Black', '&lt;p&gt;&lt;span style=&quot;font-size:14px&quot;&gt;&lt;strong&gt;JBL Xtreme&lt;/strong&gt; – это полнофункциональный портативный Bluetooth-динамик, который легко воспроизводит потрясающе мощный стереозвук через четыре активных преобразователя и два видимых излучателя низких частот JBL.&lt;/span&gt;&lt;/p&gt;&lt;p&gt;&lt;span style=&quot;font-size:14px&quot;&gt;Динамик оснащен емким перезаряжаемый литий-ионный аккумулятором на 10 000 мА*ч, обеспечивающим до 15 часов автономной работы, и двойным USB-выходом для зарядки, поэтому ваша музыка будет звучать, а устройства – работать так долго, сколько вам нужно.&lt;/span&gt;&lt;/p&gt;&lt;p&gt;&lt;span style=&quot;font-size:14px&quot;&gt;&lt;strong&gt;JBL Xtreme&lt;/strong&gt; подарит вам нужные эмоции там, где требуется – как в помещении, так и на улице, на вечеринке у бассейна или на шашлыке на лужайке, – а симпатичная тканевая обивка эффективно защитит динамик от брызг. Кроме того, продукт оснащен спикерфоном с функциями шумоподавления и эхокомпенсации для четкой конференц-связи, а функция &lt;em&gt;JBL Connect&lt;/em&gt; позволяет объединять в беспроводную сеть несколько колонок, поддерживающих эту функцию, и таким образом усиливать акустические ощущения от прослушивания.&lt;/span&gt;&lt;/p&gt;&lt;p&gt;&amp;nbsp;&lt;/p&gt;', 'одежда, часы, спорт', 'Колонка JBL Xtreme Black', 'Колонка JBL Xtreme Black', 'Колонка JBL Xtreme Black', 'Колонка JBL Xtreme Black');
INSERT INTO `PREFIX_DB_product_description` (`product_id`, `language_id`, `name`, `description`, `tag`, `meta_title`, `meta_h1`, `meta_description`, `meta_keyword`) VALUES ('45', '1', 'Золотые серьги', '&lt;p&gt;&lt;span style=&quot;font-size:14px&quot;&gt;Прозрачный для света драгоценный кристалл украшает золотое кольцо, воспламеняя неподдельное восхищение и приятные ассоциации. На тонком овале светло-кумачового цвета&amp;nbsp; возвышается круглый каст покрытый серебристым золотом. Тонкие линии насечки начинаются от центра, в котором лежит сверкающий бриллиант. Преломляясь в алмазе, отраженные&amp;nbsp; лучи множатся в изломах металла, образуя&amp;nbsp; сияние, подобное яркой звезде.&lt;/span&gt;&lt;/p&gt;', 'одежда, часы, спорт', 'Золотые серьги', 'Золотые серьги', 'Золотые серьги', 'Золотые серьги');
INSERT INTO `PREFIX_DB_product_description` (`product_id`, `language_id`, `name`, `description`, `tag`, `meta_title`, `meta_h1`, `meta_description`, `meta_keyword`) VALUES ('29', '1', 'Духи женские Nina Ricci', '&lt;p&gt;&lt;span style=&quot;font-size:14px&quot;&gt;Эта парфюмированная вода представляет собой роскошный эликсир любви, который стал более насыщенной версией популярных духов Nina. Она создана для ярких и неповторимых девушек, привыкших удивлять окружающих эпатажным поведением.&lt;br /&gt;Обладательница аромата всегда в центре внимания, неустанно источая магнетические волны веселого настроения и жаркого соблазна. И вовсе неудивительно, так как ее спутником является дерзкий и захватывающий Nina L`Elixir.&lt;br /&gt;Парфюмерную композицию начинает раскрывать сочный лимон, к которому в «сердце» присоединяется сладкое красное яблоко с жасмином и лесными ягодами. В шлейфе переплетается мускус с кедром и амброй.&lt;/span&gt;&lt;/p&gt;&lt;p&gt;&lt;span style=&quot;font-size:14px&quot;&gt;&lt;strong&gt;У духов MIRIS лучшее соотношение цены : &lt;/strong&gt;&lt;br /&gt;+ простых флаконов;&lt;br /&gt;+ отсутствия красивой упаковки;&lt;br /&gt;+ отсутствия имиджевых затрат;&lt;br /&gt;+ отсутствия расходов на дизайн и рекламу.&lt;br /&gt;+ отсутствия наценки за бренд;&lt;/span&gt;&lt;/p&gt;', 'одежда, часы, спорт', 'Духи женские Nina Ricci', 'Духи женские Nina Ricci', 'Духи женские Nina Ricci', 'Духи женские Nina Ricci');
INSERT INTO `PREFIX_DB_product_description` (`product_id`, `language_id`, `name`, `description`, `tag`, `meta_title`, `meta_h1`, `meta_description`, `meta_keyword`) VALUES ('43', '1', 'Демисезонные пальто', '&lt;p&gt;&lt;span style=&quot;font-size:14px&quot;&gt;Пальто с отложным воротником в стиле оверсайз прямого фасона – верхняя одежда, находящаяся на пике популярности в последние годы. Главный элемент – роскошный отложной воротник с лацканами и острыми краями. Вырез не слишком глубокий, что станет большим плюсом для тех, кто любит закутаться потеплее. Пальто свободного кроя застегивается внешними и потайными пуговицами. Наружные пуговицы подходят по тону к изделию, служат интересным штрихом. Изделие можно отличить по накладным карманам необычной формы.&lt;/span&gt;&lt;/p&gt;&lt;p&gt;&amp;nbsp;&lt;/p&gt;&lt;p&gt;&lt;span style=&quot;font-size:14px&quot;&gt;&lt;strong&gt;Особенности модели:&lt;/strong&gt;&lt;br /&gt;Осеннее пальто имеет прямой крой и врезные карманы в боковых швах.&lt;/span&gt;&lt;/p&gt;&lt;ul&gt;\t&lt;li&gt;&lt;span style=&quot;font-size:14px&quot;&gt;Выполнено из кашемира что говорит о легкости изделия а так же о его тепловых качествах.&lt;/span&gt;&lt;/li&gt;\t&lt;li&gt;&lt;span style=&quot;font-size:14px&quot;&gt;Подкладка - нейлон (достаточно прочный и в то же время легкий материал).&lt;/span&gt;&lt;/li&gt;\t&lt;li&gt;&lt;span style=&quot;font-size:14px&quot;&gt;На кармане изделия имеется логотип компании что говорит об оригинальности продукции.&lt;/span&gt;&lt;/li&gt;&lt;/ul&gt;&lt;p&gt;&amp;nbsp;&lt;/p&gt;', 'одежда, часы, спорт', 'Демисезонные пальто', 'Демисезонные пальто', 'Демисезонные пальто', 'Демисезонные пальто');
INSERT INTO `PREFIX_DB_product_description` (`product_id`, `language_id`, `name`, `description`, `tag`, `meta_title`, `meta_h1`, `meta_description`, `meta_keyword`) VALUES ('41', '2', 'Pavilion 550', '&lt;p&gt;&lt;strong&gt;Pavilion 550 —&lt;/strong&gt;&amp;nbsp;это превосходный корпус формата Super-Tower для ПК. Он отличается легендарным дизайном с использованием закаленного стекла, обеспечивает возможность интеллектуального управления освещением и вентиляторами, а также создания просто невероятных сборок с двумя системами одновременно. Превосходный корпус формата Super-Tower для ПК Легендарные четкие линии корпуса, четыре выполненные из тонированного закаленного стекла панели и гармонично встроенная RGB-подсветка делают Obsidian 1000D самым привлекательным из всех существующих корпусов Obsidian Series. Потоковая передача и игра одновременно Корпус Obsidian 1000D может полностью вмещать одновременно системы E-ATX и Mini-ITX, что позволяет выполнять потоковую передачу видео и играть без каких-либо проблем, используя всего один корпус. Две материнские платы, два блока питания, два полноценных ПК в одном корпусе. Встроенные интеллектуальные системы управления вентиляторами и подсветкой Встроенный контроллер вентиляторов и подсветки Corsair Commander PRO позволяет с невероятной точностью управлять практически каждым компонентом вашей системы с помощью программного обеспечения Corsair iCUE. Трехкамерный дизайн Поддержка собранной на основе ПК 1000D системы в аккуратном состоянии не потребует от вас значительных усилий: в конструкцию входит стеклянная створчатая дверца для заднего отсека, лоток для материнской платы E-ATX и лоток двойного назначения, который поддерживает материнскую плату Mini-ITX и служит крышкой для блока питания. Передняя панель, не теряющая актуальность со временем Оснащенная светодиодной RGB-подсветкой передняя панель содержит два порта USB 3.1 Gen-2 Type-C и четыре порта USB 3.0, что оставляет пространство для будущих модификаций и обеспечивает обратную совместимость. Размер имеет значение Корпус 1000D отличается дисковым пространством, которое может вместить до пяти 3.5-дюймовых жестких дисков и шести 2.5-дюймовых твердотельных накопителей, каждый в предназначенном специально для него отсеке. Интеллектуальное управление. Безграничные возможности. Программное обеспечение Corsair iCUE вдохнет жизнь в ваш корпус благодаря динамической синхронизированной RGB-подсветке всей системы, настройке скорости вентилятора для бесшумной работы и расширенному мониторингу системы&lt;/p&gt;', '', 'Pavilion 550', 'Pavilion 550', 'Pavilion 550', 'Pavilion 550');
INSERT INTO `PREFIX_DB_product_description` (`product_id`, `language_id`, `name`, `description`, `tag`, `meta_title`, `meta_h1`, `meta_description`, `meta_keyword`) VALUES ('47', '1', 'Помада для губ Патрисия', '&lt;p&gt;&lt;span style=&quot;font-size:14px&quot;&gt;Помада BRILLIANCE LIPSTIK от торговой марки Patricia Ledo — это восхитительный бьюти-продукт, созданный специально для элегантных леди, предпочитающих яркий и выразительный макияж. Товар представлен в 12 современных оттенках: от нежных нюдовых до насыщенных красных. Вы сможете подобрать подходящий тон или экспериментировать с разными цветами, создавая превосходные образы.&lt;/span&gt;&lt;/p&gt;&lt;p&gt;&lt;span style=&quot;font-size:14px&quot;&gt;Помада имеет нежную текстуру, обладающую увлажняющим эффектом. Она мягко и равномерно наносится на губы и придает им соблазнительного мерцания за счет частиц шиммера, входящих в состав продукта. Благодаря экстрактам и ароматизаторам BRILLIANCE LIPSTIK имеет мягкий приятный аромат. Наносится помада легкими движениями по контуру от центра к внешним уголкам губ. После нанесения уже первого слоя уста приобретают насыщенный яркий цвет, выглядят ухоженными и сочными.&lt;/span&gt;&lt;/p&gt;&lt;p&gt;&lt;span style=&quot;font-size:14px&quot;&gt;Желаете обольщать окружающих невероятным блеском диамантов, тогда помада BRILLIANCE LIPSTIK — именно то, что вам необходимо! Создавать привлекательные образы с декоративной косметикой Patricia Ledo, представленной в интернет-магазине EVA, стало намного проще и экономнее.&lt;/span&gt;&lt;/p&gt;&lt;p&gt;&amp;nbsp;&lt;/p&gt;', 'одежда, часы, спорт', 'Помада для губ Патрисия', 'Помада для губ Патрисия', 'Помада для губ Патрисия', 'Помада для губ Патрисия');


TRUNCATE TABLE `PREFIX_DB_product_discount`;

INSERT INTO `PREFIX_DB_product_discount` (`product_discount_id`, `product_id`, `customer_group_id`, `quantity`, `priority`, `price`, `date_start`, `date_end`) VALUES ('920', '30', '1', '10', '0', '40245.0000', '0000-00-00', '0000-00-00');
INSERT INTO `PREFIX_DB_product_discount` (`product_discount_id`, `product_id`, `customer_group_id`, `quantity`, `priority`, `price`, `date_start`, `date_end`) VALUES ('919', '49', '1', '10', '0', '6575.0000', '0000-00-00', '0000-00-00');
INSERT INTO `PREFIX_DB_product_discount` (`product_discount_id`, `product_id`, `customer_group_id`, `quantity`, `priority`, `price`, `date_start`, `date_end`) VALUES ('918', '48', '1', '10', '0', '28333.0000', '0000-00-00', '0000-00-00');





TRUNCATE TABLE `PREFIX_DB_product_image`;

INSERT INTO `PREFIX_DB_product_image` (`product_image_id`, `product_id`, `image`, `sort_order`) VALUES ('4596', '47', 'catalog/tovar/pom2-860x860.jpg', '0');
INSERT INTO `PREFIX_DB_product_image` (`product_image_id`, `product_id`, `image`, `sort_order`) VALUES ('4601', '36', 'catalog/tovar/rub2-860x860.jpg', '0');
INSERT INTO `PREFIX_DB_product_image` (`product_image_id`, `product_id`, `image`, `sort_order`) VALUES ('4625', '31', 'catalog/tovar/tr5-860x860.jpg', '0');
INSERT INTO `PREFIX_DB_product_image` (`product_image_id`, `product_id`, `image`, `sort_order`) VALUES ('4616', '34', 'catalog/tovar/sum6-860x860.jpg', '0');
INSERT INTO `PREFIX_DB_product_image` (`product_image_id`, `product_id`, `image`, `sort_order`) VALUES ('4572', '43', 'catalog/tovar/palto1-860x860.jpg', '0');
INSERT INTO `PREFIX_DB_product_image` (`product_image_id`, `product_id`, `image`, `sort_order`) VALUES ('4571', '43', 'catalog/tovar/palto2-860x860.jpg', '0');
INSERT INTO `PREFIX_DB_product_image` (`product_image_id`, `product_id`, `image`, `sort_order`) VALUES ('4584', '44', 'catalog/tovar/js2-860x860.jpg', '0');
INSERT INTO `PREFIX_DB_product_image` (`product_image_id`, `product_id`, `image`, `sort_order`) VALUES ('4583', '44', 'catalog/tovar/js4-860x860.jpg', '0');
INSERT INTO `PREFIX_DB_product_image` (`product_image_id`, `product_id`, `image`, `sort_order`) VALUES ('4623', '31', 'catalog/tovar/tr2-860x860.jpg', '0');
INSERT INTO `PREFIX_DB_product_image` (`product_image_id`, `product_id`, `image`, `sort_order`) VALUES ('4576', '29', 'catalog/tovar/duhi5-860x860.jpg', '0');
INSERT INTO `PREFIX_DB_product_image` (`product_image_id`, `product_id`, `image`, `sort_order`) VALUES ('4620', '46', 'catalog/tovar/pl2-860x860.jpg', '0');
INSERT INTO `PREFIX_DB_product_image` (`product_image_id`, `product_id`, `image`, `sort_order`) VALUES ('4630', '41', 'catalog/tovar/korpus6-860x860.jpg', '0');
INSERT INTO `PREFIX_DB_product_image` (`product_image_id`, `product_id`, `image`, `sort_order`) VALUES ('4591', '40', 'catalog/tovar/omen2-860x860.jpg', '0');
INSERT INTO `PREFIX_DB_product_image` (`product_image_id`, `product_id`, `image`, `sort_order`) VALUES ('4600', '36', 'catalog/tovar/rub3-860x860.jpg', '0');
INSERT INTO `PREFIX_DB_product_image` (`product_image_id`, `product_id`, `image`, `sort_order`) VALUES ('4615', '34', 'catalog/tovar/sum4-860x860.jpg', '0');
INSERT INTO `PREFIX_DB_product_image` (`product_image_id`, `product_id`, `image`, `sort_order`) VALUES ('4614', '34', 'catalog/tovar/sum3-860x860.jpg', '0');
INSERT INTO `PREFIX_DB_product_image` (`product_image_id`, `product_id`, `image`, `sort_order`) VALUES ('4570', '43', 'catalog/tovar/palto3-860x860.jpg', '0');
INSERT INTO `PREFIX_DB_product_image` (`product_image_id`, `product_id`, `image`, `sort_order`) VALUES ('4585', '32', 'catalog/tovar/car2-860x860.jpg', '0');
INSERT INTO `PREFIX_DB_product_image` (`product_image_id`, `product_id`, `image`, `sort_order`) VALUES ('4569', '43', 'catalog/tovar/palto4-860x860.jpg', '0');
INSERT INTO `PREFIX_DB_product_image` (`product_image_id`, `product_id`, `image`, `sort_order`) VALUES ('4624', '31', 'catalog/tovar/tr3-860x860.jpg', '0');
INSERT INTO `PREFIX_DB_product_image` (`product_image_id`, `product_id`, `image`, `sort_order`) VALUES ('4575', '29', 'catalog/tovar/duhi4-860x860.jpg', '0');
INSERT INTO `PREFIX_DB_product_image` (`product_image_id`, `product_id`, `image`, `sort_order`) VALUES ('4619', '46', 'catalog/tovar/pl3-860x860.jpg', '0');
INSERT INTO `PREFIX_DB_product_image` (`product_image_id`, `product_id`, `image`, `sort_order`) VALUES ('4558', '49', 'catalog/tovar/kr5-860x860.jpg', '0');
INSERT INTO `PREFIX_DB_product_image` (`product_image_id`, `product_id`, `image`, `sort_order`) VALUES ('4557', '49', 'catalog/tovar/kr4-860x860.jpg', '0');
INSERT INTO `PREFIX_DB_product_image` (`product_image_id`, `product_id`, `image`, `sort_order`) VALUES ('4556', '49', 'catalog/tovar/kr3-860x860.jpg', '0');
INSERT INTO `PREFIX_DB_product_image` (`product_image_id`, `product_id`, `image`, `sort_order`) VALUES ('4568', '43', 'catalog/tovar/palto5-860x860.jpg', '0');
INSERT INTO `PREFIX_DB_product_image` (`product_image_id`, `product_id`, `image`, `sort_order`) VALUES ('4582', '44', 'catalog/tovar/js5-860x860.jpg', '0');
INSERT INTO `PREFIX_DB_product_image` (`product_image_id`, `product_id`, `image`, `sort_order`) VALUES ('4581', '44', 'catalog/tovar/js3-860x860.jpg', '0');
INSERT INTO `PREFIX_DB_product_image` (`product_image_id`, `product_id`, `image`, `sort_order`) VALUES ('4613', '34', 'catalog/tovar/sum2-860x860.jpg', '0');
INSERT INTO `PREFIX_DB_product_image` (`product_image_id`, `product_id`, `image`, `sort_order`) VALUES ('4605', '30', 'catalog/tovar/gala_rli_3-860x860.jpg', '0');
INSERT INTO `PREFIX_DB_product_image` (`product_image_id`, `product_id`, `image`, `sort_order`) VALUES ('4606', '30', 'catalog/tovar/gala__forli_2-860x860.jpg', '0');
INSERT INTO `PREFIX_DB_product_image` (`product_image_id`, `product_id`, `image`, `sort_order`) VALUES ('4595', '47', 'catalog/tovar/pom3-860x860.jpg', '0');
INSERT INTO `PREFIX_DB_product_image` (`product_image_id`, `product_id`, `image`, `sort_order`) VALUES ('4594', '47', 'catalog/tovar/pom4-860x860.jpg', '0');
INSERT INTO `PREFIX_DB_product_image` (`product_image_id`, `product_id`, `image`, `sort_order`) VALUES ('4593', '47', 'catalog/tovar/pom5-860x860.jpg', '0');
INSERT INTO `PREFIX_DB_product_image` (`product_image_id`, `product_id`, `image`, `sort_order`) VALUES ('4592', '47', 'catalog/tovar/pom6-860x860.jpg', '0');
INSERT INTO `PREFIX_DB_product_image` (`product_image_id`, `product_id`, `image`, `sort_order`) VALUES ('4612', '28', 'catalog/tovar/samsung_ww90m74lno.jpg', '0');
INSERT INTO `PREFIX_DB_product_image` (`product_image_id`, `product_id`, `image`, `sort_order`) VALUES ('4629', '41', 'catalog/tovar/korpus5-860x860.jpg', '0');
INSERT INTO `PREFIX_DB_product_image` (`product_image_id`, `product_id`, `image`, `sort_order`) VALUES ('4628', '41', 'catalog/tovar/korpus4-860x860.jpg', '0');
INSERT INTO `PREFIX_DB_product_image` (`product_image_id`, `product_id`, `image`, `sort_order`) VALUES ('4627', '41', 'catalog/tovar/korpus3-860x860.jpg', '0');
INSERT INTO `PREFIX_DB_product_image` (`product_image_id`, `product_id`, `image`, `sort_order`) VALUES ('4626', '41', 'catalog/tovar/korpus2-860x860.jpg', '0');
INSERT INTO `PREFIX_DB_product_image` (`product_image_id`, `product_id`, `image`, `sort_order`) VALUES ('4590', '40', 'catalog/tovar/omen3-860x860.jpg', '0');
INSERT INTO `PREFIX_DB_product_image` (`product_image_id`, `product_id`, `image`, `sort_order`) VALUES ('4589', '40', 'catalog/tovar/omen4-860x860.jpg', '0');
INSERT INTO `PREFIX_DB_product_image` (`product_image_id`, `product_id`, `image`, `sort_order`) VALUES ('4588', '40', 'catalog/tovar/omen5-860x860.jpg', '0');
INSERT INTO `PREFIX_DB_product_image` (`product_image_id`, `product_id`, `image`, `sort_order`) VALUES ('4587', '40', 'catalog/tovar/omen6-860x860.jpg', '0');
INSERT INTO `PREFIX_DB_product_image` (`product_image_id`, `product_id`, `image`, `sort_order`) VALUES ('4586', '40', 'catalog/tovar/omen7-860x860.jpg', '0');
INSERT INTO `PREFIX_DB_product_image` (`product_image_id`, `product_id`, `image`, `sort_order`) VALUES ('4599', '36', 'catalog/tovar/rub4-860x860.jpg', '0');
INSERT INTO `PREFIX_DB_product_image` (`product_image_id`, `product_id`, `image`, `sort_order`) VALUES ('4598', '36', 'catalog/tovar/rub5-860x860.jpg', '0');
INSERT INTO `PREFIX_DB_product_image` (`product_image_id`, `product_id`, `image`, `sort_order`) VALUES ('4597', '36', 'catalog/tovar/rub6-860x860.jpg', '0');
INSERT INTO `PREFIX_DB_product_image` (`product_image_id`, `product_id`, `image`, `sort_order`) VALUES ('4578', '45', 'catalog/tovar/ser2-860x860.jpg', '0');
INSERT INTO `PREFIX_DB_product_image` (`product_image_id`, `product_id`, `image`, `sort_order`) VALUES ('4579', '45', 'catalog/tovar/17a99d967cab66d45536190b4f25b718.jpg', '0');
INSERT INTO `PREFIX_DB_product_image` (`product_image_id`, `product_id`, `image`, `sort_order`) VALUES ('4555', '49', 'catalog/tovar/kr2-860x860.jpg', '0');
INSERT INTO `PREFIX_DB_product_image` (`product_image_id`, `product_id`, `image`, `sort_order`) VALUES ('4567', '33', 'catalog/tovar/reg5-860x860.jpg', '0');
INSERT INTO `PREFIX_DB_product_image` (`product_image_id`, `product_id`, `image`, `sort_order`) VALUES ('4566', '33', 'catalog/tovar/reg4-860x860.jpg', '0');
INSERT INTO `PREFIX_DB_product_image` (`product_image_id`, `product_id`, `image`, `sort_order`) VALUES ('4565', '33', 'catalog/tovar/reg3-860x860.jpg', '0');
INSERT INTO `PREFIX_DB_product_image` (`product_image_id`, `product_id`, `image`, `sort_order`) VALUES ('4564', '33', 'catalog/tovar/reg2-860x860.jpg', '0');
INSERT INTO `PREFIX_DB_product_image` (`product_image_id`, `product_id`, `image`, `sort_order`) VALUES ('4618', '46', 'catalog/tovar/pl4-860x860.jpg', '0');
INSERT INTO `PREFIX_DB_product_image` (`product_image_id`, `product_id`, `image`, `sort_order`) VALUES ('4617', '46', 'catalog/tovar/pl5-860x860.jpg', '0');
INSERT INTO `PREFIX_DB_product_image` (`product_image_id`, `product_id`, `image`, `sort_order`) VALUES ('4574', '29', 'catalog/tovar/duhi3-860x860.jpg', '0');
INSERT INTO `PREFIX_DB_product_image` (`product_image_id`, `product_id`, `image`, `sort_order`) VALUES ('4573', '29', 'catalog/tovar/duhi2-860x860.jpg', '0');
INSERT INTO `PREFIX_DB_product_image` (`product_image_id`, `product_id`, `image`, `sort_order`) VALUES ('4611', '28', 'catalog/tovar/samsun.jpg', '0');
INSERT INTO `PREFIX_DB_product_image` (`product_image_id`, `product_id`, `image`, `sort_order`) VALUES ('4604', '30', 'catalog/tovar/gala_2-860x860.jpg', '0');
INSERT INTO `PREFIX_DB_product_image` (`product_image_id`, `product_id`, `image`, `sort_order`) VALUES ('4610', '28', 'catalog/tovar/samsung_ww90m74lnoa_ua_images_12403193954.jpg', '0');
INSERT INTO `PREFIX_DB_product_image` (`product_image_id`, `product_id`, `image`, `sort_order`) VALUES ('4607', '28', 'catalog/tovar/samsu.jpg', '0');
INSERT INTO `PREFIX_DB_product_image` (`product_image_id`, `product_id`, `image`, `sort_order`) VALUES ('4608', '28', 'catalog/tovar/samsung_ww90m7.jpg', '0');
INSERT INTO `PREFIX_DB_product_image` (`product_image_id`, `product_id`, `image`, `sort_order`) VALUES ('4609', '28', 'catalog/tovar/samsung_ww90m74lnoa_ua.jpg', '0');
INSERT INTO `PREFIX_DB_product_image` (`product_image_id`, `product_id`, `image`, `sort_order`) VALUES ('4554', '48', 'catalog/tovar/139628120_images_14816858051.jpg', '500');
INSERT INTO `PREFIX_DB_product_image` (`product_image_id`, `product_id`, `image`, `sort_order`) VALUES ('4553', '48', 'catalog/tovar/139628120_images_14816857246.jpg', '400');
INSERT INTO `PREFIX_DB_product_image` (`product_image_id`, `product_id`, `image`, `sort_order`) VALUES ('4580', '45', 'catalog/tovar/ser3-860x860.jpg', '0');
INSERT INTO `PREFIX_DB_product_image` (`product_image_id`, `product_id`, `image`, `sort_order`) VALUES ('4577', '45', 'catalog/tovar/ser5-860x860.jpg', '0');
INSERT INTO `PREFIX_DB_product_image` (`product_image_id`, `product_id`, `image`, `sort_order`) VALUES ('4602', '30', 'catalog/tovar/gala__3-860x860.jpg', '0');
INSERT INTO `PREFIX_DB_product_image` (`product_image_id`, `product_id`, `image`, `sort_order`) VALUES ('4603', '30', 'catalog/tovar/gala__5-860x860.jpg', '0');
INSERT INTO `PREFIX_DB_product_image` (`product_image_id`, `product_id`, `image`, `sort_order`) VALUES ('4622', '31', 'catalog/tovar/51922266_images_13080259293.jpg', '0');
INSERT INTO `PREFIX_DB_product_image` (`product_image_id`, `product_id`, `image`, `sort_order`) VALUES ('4621', '31', 'catalog/tovar/tr4-860x860.jpg', '0');


TRUNCATE TABLE `PREFIX_DB_product_option`;

INSERT INTO `PREFIX_DB_product_option` (`product_option_id`, `product_id`, `option_id`, `value`, `required`) VALUES ('243', '29', '2', '', '0');
INSERT INTO `PREFIX_DB_product_option` (`product_option_id`, `product_id`, `option_id`, `value`, `required`) VALUES ('255', '48', '18', '', '0');
INSERT INTO `PREFIX_DB_product_option` (`product_option_id`, `product_id`, `option_id`, `value`, `required`) VALUES ('239', '49', '2', '', '0');
INSERT INTO `PREFIX_DB_product_option` (`product_option_id`, `product_id`, `option_id`, `value`, `required`) VALUES ('240', '41', '2', '', '0');
INSERT INTO `PREFIX_DB_product_option` (`product_option_id`, `product_id`, `option_id`, `value`, `required`) VALUES ('241', '33', '2', '', '0');
INSERT INTO `PREFIX_DB_product_option` (`product_option_id`, `product_id`, `option_id`, `value`, `required`) VALUES ('242', '43', '2', '', '0');
INSERT INTO `PREFIX_DB_product_option` (`product_option_id`, `product_id`, `option_id`, `value`, `required`) VALUES ('244', '45', '2', '', '0');
INSERT INTO `PREFIX_DB_product_option` (`product_option_id`, `product_id`, `option_id`, `value`, `required`) VALUES ('245', '44', '2', '', '0');
INSERT INTO `PREFIX_DB_product_option` (`product_option_id`, `product_id`, `option_id`, `value`, `required`) VALUES ('246', '32', '2', '', '0');
INSERT INTO `PREFIX_DB_product_option` (`product_option_id`, `product_id`, `option_id`, `value`, `required`) VALUES ('247', '40', '2', '', '0');
INSERT INTO `PREFIX_DB_product_option` (`product_option_id`, `product_id`, `option_id`, `value`, `required`) VALUES ('248', '47', '2', '', '0');
INSERT INTO `PREFIX_DB_product_option` (`product_option_id`, `product_id`, `option_id`, `value`, `required`) VALUES ('249', '36', '2', '', '0');
INSERT INTO `PREFIX_DB_product_option` (`product_option_id`, `product_id`, `option_id`, `value`, `required`) VALUES ('250', '30', '2', '', '0');
INSERT INTO `PREFIX_DB_product_option` (`product_option_id`, `product_id`, `option_id`, `value`, `required`) VALUES ('251', '28', '2', '', '0');
INSERT INTO `PREFIX_DB_product_option` (`product_option_id`, `product_id`, `option_id`, `value`, `required`) VALUES ('252', '34', '2', '', '0');
INSERT INTO `PREFIX_DB_product_option` (`product_option_id`, `product_id`, `option_id`, `value`, `required`) VALUES ('253', '46', '2', '', '0');
INSERT INTO `PREFIX_DB_product_option` (`product_option_id`, `product_id`, `option_id`, `value`, `required`) VALUES ('254', '31', '2', '', '0');
INSERT INTO `PREFIX_DB_product_option` (`product_option_id`, `product_id`, `option_id`, `value`, `required`) VALUES ('238', '48', '2', '', '0');


TRUNCATE TABLE `PREFIX_DB_product_option_value`;

INSERT INTO `PREFIX_DB_product_option_value` (`product_option_value_id`, `product_option_id`, `product_id`, `option_id`, `option_value_id`, `quantity`, `subtract`, `price`, `image_opt`, `price_prefix`, `points`, `points_prefix`, `weight`, `weight_prefix`) VALUES ('102', '243', '29', '2', '45', '2147483647', '1', '500.0000', '', '+', '0', '+', '0.00', '+');
INSERT INTO `PREFIX_DB_product_option_value` (`product_option_value_id`, `product_option_id`, `product_id`, `option_id`, `option_value_id`, `quantity`, `subtract`, `price`, `image_opt`, `price_prefix`, `points`, `points_prefix`, `weight`, `weight_prefix`) VALUES ('148', '255', '48', '18', '59', '2147483647', '1', '0.0000', 'catalog/tovar/71g7w2qhz5l._sl1000_.jpg', '+', '0', '+', '0.00', '+');
INSERT INTO `PREFIX_DB_product_option_value` (`product_option_value_id`, `product_option_id`, `product_id`, `option_id`, `option_value_id`, `quantity`, `subtract`, `price`, `image_opt`, `price_prefix`, `points`, `points_prefix`, `weight`, `weight_prefix`) VALUES ('149', '255', '48', '18', '61', '2147483647', '1', '0.0000', 'catalog/tovar/126816953_images_14265975105.jpg', '+', '0', '+', '0.00', '+');
INSERT INTO `PREFIX_DB_product_option_value` (`product_option_value_id`, `product_option_id`, `product_id`, `option_id`, `option_value_id`, `quantity`, `subtract`, `price`, `image_opt`, `price_prefix`, `points`, `points_prefix`, `weight`, `weight_prefix`) VALUES ('86', '239', '49', '2', '45', '11111111', '1', '500.0000', '', '+', '0', '+', '0.00', '+');
INSERT INTO `PREFIX_DB_product_option_value` (`product_option_value_id`, `product_option_id`, `product_id`, `option_id`, `option_value_id`, `quantity`, `subtract`, `price`, `image_opt`, `price_prefix`, `points`, `points_prefix`, `weight`, `weight_prefix`) VALUES ('83', '239', '49', '2', '44', '2147483647', '1', '0.0000', '', '+', '0', '+', '0.00', '+');
INSERT INTO `PREFIX_DB_product_option_value` (`product_option_value_id`, `product_option_id`, `product_id`, `option_id`, `option_value_id`, `quantity`, `subtract`, `price`, `image_opt`, `price_prefix`, `points`, `points_prefix`, `weight`, `weight_prefix`) VALUES ('84', '239', '49', '2', '24', '2147483647', '1', '0.0000', '', '+', '0', '+', '0.00', '+');
INSERT INTO `PREFIX_DB_product_option_value` (`product_option_value_id`, `product_option_id`, `product_id`, `option_id`, `option_value_id`, `quantity`, `subtract`, `price`, `image_opt`, `price_prefix`, `points`, `points_prefix`, `weight`, `weight_prefix`) VALUES ('85', '239', '49', '2', '23', '2147483647', '1', '0.0000', '', '+', '0', '+', '0.00', '+');
INSERT INTO `PREFIX_DB_product_option_value` (`product_option_value_id`, `product_option_id`, `product_id`, `option_id`, `option_value_id`, `quantity`, `subtract`, `price`, `image_opt`, `price_prefix`, `points`, `points_prefix`, `weight`, `weight_prefix`) VALUES ('90', '240', '41', '2', '45', '2147483647', '1', '500.0000', '', '+', '0', '+', '0.00', '+');
INSERT INTO `PREFIX_DB_product_option_value` (`product_option_value_id`, `product_option_id`, `product_id`, `option_id`, `option_value_id`, `quantity`, `subtract`, `price`, `image_opt`, `price_prefix`, `points`, `points_prefix`, `weight`, `weight_prefix`) VALUES ('87', '240', '41', '2', '44', '111111', '1', '0.0000', '', '+', '0', '+', '0.00', '+');
INSERT INTO `PREFIX_DB_product_option_value` (`product_option_value_id`, `product_option_id`, `product_id`, `option_id`, `option_value_id`, `quantity`, `subtract`, `price`, `image_opt`, `price_prefix`, `points`, `points_prefix`, `weight`, `weight_prefix`) VALUES ('88', '240', '41', '2', '24', '2147483647', '1', '0.0000', '', '+', '0', '+', '0.00', '+');
INSERT INTO `PREFIX_DB_product_option_value` (`product_option_value_id`, `product_option_id`, `product_id`, `option_id`, `option_value_id`, `quantity`, `subtract`, `price`, `image_opt`, `price_prefix`, `points`, `points_prefix`, `weight`, `weight_prefix`) VALUES ('89', '240', '41', '2', '23', '2147483647', '1', '0.0000', '', '+', '0', '+', '0.00', '+');
INSERT INTO `PREFIX_DB_product_option_value` (`product_option_value_id`, `product_option_id`, `product_id`, `option_id`, `option_value_id`, `quantity`, `subtract`, `price`, `image_opt`, `price_prefix`, `points`, `points_prefix`, `weight`, `weight_prefix`) VALUES ('94', '241', '33', '2', '45', '11111111', '1', '500.0000', '', '+', '0', '+', '0.00', '+');
INSERT INTO `PREFIX_DB_product_option_value` (`product_option_value_id`, `product_option_id`, `product_id`, `option_id`, `option_value_id`, `quantity`, `subtract`, `price`, `image_opt`, `price_prefix`, `points`, `points_prefix`, `weight`, `weight_prefix`) VALUES ('91', '241', '33', '2', '44', '2147483647', '1', '0.0000', '', '+', '0', '+', '0.00', '+');
INSERT INTO `PREFIX_DB_product_option_value` (`product_option_value_id`, `product_option_id`, `product_id`, `option_id`, `option_value_id`, `quantity`, `subtract`, `price`, `image_opt`, `price_prefix`, `points`, `points_prefix`, `weight`, `weight_prefix`) VALUES ('92', '241', '33', '2', '24', '2147483647', '1', '0.0000', '', '+', '0', '+', '0.00', '+');
INSERT INTO `PREFIX_DB_product_option_value` (`product_option_value_id`, `product_option_id`, `product_id`, `option_id`, `option_value_id`, `quantity`, `subtract`, `price`, `image_opt`, `price_prefix`, `points`, `points_prefix`, `weight`, `weight_prefix`) VALUES ('93', '241', '33', '2', '23', '2147483647', '1', '0.0000', '', '+', '0', '+', '0.00', '+');
INSERT INTO `PREFIX_DB_product_option_value` (`product_option_value_id`, `product_option_id`, `product_id`, `option_id`, `option_value_id`, `quantity`, `subtract`, `price`, `image_opt`, `price_prefix`, `points`, `points_prefix`, `weight`, `weight_prefix`) VALUES ('98', '242', '43', '2', '45', '2147483647', '1', '500.0000', '', '+', '0', '+', '0.00', '+');
INSERT INTO `PREFIX_DB_product_option_value` (`product_option_value_id`, `product_option_id`, `product_id`, `option_id`, `option_value_id`, `quantity`, `subtract`, `price`, `image_opt`, `price_prefix`, `points`, `points_prefix`, `weight`, `weight_prefix`) VALUES ('95', '242', '43', '2', '44', '1111111', '1', '0.0000', '', '+', '0', '+', '0.00', '+');
INSERT INTO `PREFIX_DB_product_option_value` (`product_option_value_id`, `product_option_id`, `product_id`, `option_id`, `option_value_id`, `quantity`, `subtract`, `price`, `image_opt`, `price_prefix`, `points`, `points_prefix`, `weight`, `weight_prefix`) VALUES ('96', '242', '43', '2', '24', '2147483647', '1', '0.0000', '', '+', '0', '+', '0.00', '+');
INSERT INTO `PREFIX_DB_product_option_value` (`product_option_value_id`, `product_option_id`, `product_id`, `option_id`, `option_value_id`, `quantity`, `subtract`, `price`, `image_opt`, `price_prefix`, `points`, `points_prefix`, `weight`, `weight_prefix`) VALUES ('97', '242', '43', '2', '23', '2147483647', '1', '0.0000', '', '+', '0', '+', '0.00', '+');
INSERT INTO `PREFIX_DB_product_option_value` (`product_option_value_id`, `product_option_id`, `product_id`, `option_id`, `option_value_id`, `quantity`, `subtract`, `price`, `image_opt`, `price_prefix`, `points`, `points_prefix`, `weight`, `weight_prefix`) VALUES ('99', '243', '29', '2', '44', '111111', '1', '0.0000', '', '+', '0', '+', '0.00', '+');
INSERT INTO `PREFIX_DB_product_option_value` (`product_option_value_id`, `product_option_id`, `product_id`, `option_id`, `option_value_id`, `quantity`, `subtract`, `price`, `image_opt`, `price_prefix`, `points`, `points_prefix`, `weight`, `weight_prefix`) VALUES ('100', '243', '29', '2', '24', '2147483647', '1', '0.0000', '', '+', '0', '+', '0.00', '+');
INSERT INTO `PREFIX_DB_product_option_value` (`product_option_value_id`, `product_option_id`, `product_id`, `option_id`, `option_value_id`, `quantity`, `subtract`, `price`, `image_opt`, `price_prefix`, `points`, `points_prefix`, `weight`, `weight_prefix`) VALUES ('101', '243', '29', '2', '23', '2147483647', '1', '0.0000', '', '+', '0', '+', '0.00', '+');
INSERT INTO `PREFIX_DB_product_option_value` (`product_option_value_id`, `product_option_id`, `product_id`, `option_id`, `option_value_id`, `quantity`, `subtract`, `price`, `image_opt`, `price_prefix`, `points`, `points_prefix`, `weight`, `weight_prefix`) VALUES ('106', '244', '45', '2', '45', '2147483647', '1', '500.0000', '', '+', '0', '+', '0.00', '+');
INSERT INTO `PREFIX_DB_product_option_value` (`product_option_value_id`, `product_option_id`, `product_id`, `option_id`, `option_value_id`, `quantity`, `subtract`, `price`, `image_opt`, `price_prefix`, `points`, `points_prefix`, `weight`, `weight_prefix`) VALUES ('103', '244', '45', '2', '44', '2147483647', '1', '0.0000', '', '+', '0', '+', '0.00', '+');
INSERT INTO `PREFIX_DB_product_option_value` (`product_option_value_id`, `product_option_id`, `product_id`, `option_id`, `option_value_id`, `quantity`, `subtract`, `price`, `image_opt`, `price_prefix`, `points`, `points_prefix`, `weight`, `weight_prefix`) VALUES ('104', '244', '45', '2', '24', '2147483647', '1', '0.0000', '', '+', '0', '+', '0.00', '+');
INSERT INTO `PREFIX_DB_product_option_value` (`product_option_value_id`, `product_option_id`, `product_id`, `option_id`, `option_value_id`, `quantity`, `subtract`, `price`, `image_opt`, `price_prefix`, `points`, `points_prefix`, `weight`, `weight_prefix`) VALUES ('105', '244', '45', '2', '23', '2147483647', '1', '0.0000', '', '+', '0', '+', '0.00', '+');
INSERT INTO `PREFIX_DB_product_option_value` (`product_option_value_id`, `product_option_id`, `product_id`, `option_id`, `option_value_id`, `quantity`, `subtract`, `price`, `image_opt`, `price_prefix`, `points`, `points_prefix`, `weight`, `weight_prefix`) VALUES ('110', '245', '44', '2', '45', '2147483647', '1', '500.0000', '', '+', '0', '+', '0.00', '+');
INSERT INTO `PREFIX_DB_product_option_value` (`product_option_value_id`, `product_option_id`, `product_id`, `option_id`, `option_value_id`, `quantity`, `subtract`, `price`, `image_opt`, `price_prefix`, `points`, `points_prefix`, `weight`, `weight_prefix`) VALUES ('107', '245', '44', '2', '44', '2147483647', '1', '0.0000', '', '+', '0', '+', '0.00', '+');
INSERT INTO `PREFIX_DB_product_option_value` (`product_option_value_id`, `product_option_id`, `product_id`, `option_id`, `option_value_id`, `quantity`, `subtract`, `price`, `image_opt`, `price_prefix`, `points`, `points_prefix`, `weight`, `weight_prefix`) VALUES ('108', '245', '44', '2', '24', '2147483647', '1', '0.0000', '', '+', '0', '+', '0.00', '+');
INSERT INTO `PREFIX_DB_product_option_value` (`product_option_value_id`, `product_option_id`, `product_id`, `option_id`, `option_value_id`, `quantity`, `subtract`, `price`, `image_opt`, `price_prefix`, `points`, `points_prefix`, `weight`, `weight_prefix`) VALUES ('109', '245', '44', '2', '23', '11111111', '1', '0.0000', '', '+', '0', '+', '0.00', '+');
INSERT INTO `PREFIX_DB_product_option_value` (`product_option_value_id`, `product_option_id`, `product_id`, `option_id`, `option_value_id`, `quantity`, `subtract`, `price`, `image_opt`, `price_prefix`, `points`, `points_prefix`, `weight`, `weight_prefix`) VALUES ('114', '246', '32', '2', '45', '2147483646', '1', '500.0000', '', '+', '0', '+', '0.00', '+');
INSERT INTO `PREFIX_DB_product_option_value` (`product_option_value_id`, `product_option_id`, `product_id`, `option_id`, `option_value_id`, `quantity`, `subtract`, `price`, `image_opt`, `price_prefix`, `points`, `points_prefix`, `weight`, `weight_prefix`) VALUES ('111', '246', '32', '2', '44', '2147483647', '1', '0.0000', '', '+', '0', '+', '0.00', '+');
INSERT INTO `PREFIX_DB_product_option_value` (`product_option_value_id`, `product_option_id`, `product_id`, `option_id`, `option_value_id`, `quantity`, `subtract`, `price`, `image_opt`, `price_prefix`, `points`, `points_prefix`, `weight`, `weight_prefix`) VALUES ('112', '246', '32', '2', '24', '2147483647', '1', '0.0000', '', '+', '0', '+', '0.00', '+');
INSERT INTO `PREFIX_DB_product_option_value` (`product_option_value_id`, `product_option_id`, `product_id`, `option_id`, `option_value_id`, `quantity`, `subtract`, `price`, `image_opt`, `price_prefix`, `points`, `points_prefix`, `weight`, `weight_prefix`) VALUES ('113', '246', '32', '2', '23', '2147483647', '1', '0.0000', '', '+', '0', '+', '0.00', '+');
INSERT INTO `PREFIX_DB_product_option_value` (`product_option_value_id`, `product_option_id`, `product_id`, `option_id`, `option_value_id`, `quantity`, `subtract`, `price`, `image_opt`, `price_prefix`, `points`, `points_prefix`, `weight`, `weight_prefix`) VALUES ('118', '247', '40', '2', '45', '2147483647', '1', '500.0000', '', '+', '0', '+', '0.00', '+');
INSERT INTO `PREFIX_DB_product_option_value` (`product_option_value_id`, `product_option_id`, `product_id`, `option_id`, `option_value_id`, `quantity`, `subtract`, `price`, `image_opt`, `price_prefix`, `points`, `points_prefix`, `weight`, `weight_prefix`) VALUES ('115', '247', '40', '2', '44', '2147483647', '1', '0.0000', '', '+', '0', '+', '0.00', '+');
INSERT INTO `PREFIX_DB_product_option_value` (`product_option_value_id`, `product_option_id`, `product_id`, `option_id`, `option_value_id`, `quantity`, `subtract`, `price`, `image_opt`, `price_prefix`, `points`, `points_prefix`, `weight`, `weight_prefix`) VALUES ('116', '247', '40', '2', '24', '2147483647', '1', '0.0000', '', '+', '0', '+', '0.00', '+');
INSERT INTO `PREFIX_DB_product_option_value` (`product_option_value_id`, `product_option_id`, `product_id`, `option_id`, `option_value_id`, `quantity`, `subtract`, `price`, `image_opt`, `price_prefix`, `points`, `points_prefix`, `weight`, `weight_prefix`) VALUES ('117', '247', '40', '2', '23', '2147483647', '1', '0.0000', '', '+', '0', '+', '0.00', '+');
INSERT INTO `PREFIX_DB_product_option_value` (`product_option_value_id`, `product_option_id`, `product_id`, `option_id`, `option_value_id`, `quantity`, `subtract`, `price`, `image_opt`, `price_prefix`, `points`, `points_prefix`, `weight`, `weight_prefix`) VALUES ('122', '248', '47', '2', '45', '2147483647', '1', '500.0000', '', '+', '0', '+', '0.00', '+');
INSERT INTO `PREFIX_DB_product_option_value` (`product_option_value_id`, `product_option_id`, `product_id`, `option_id`, `option_value_id`, `quantity`, `subtract`, `price`, `image_opt`, `price_prefix`, `points`, `points_prefix`, `weight`, `weight_prefix`) VALUES ('119', '248', '47', '2', '44', '111111111', '1', '0.0000', '', '+', '0', '+', '0.00', '+');
INSERT INTO `PREFIX_DB_product_option_value` (`product_option_value_id`, `product_option_id`, `product_id`, `option_id`, `option_value_id`, `quantity`, `subtract`, `price`, `image_opt`, `price_prefix`, `points`, `points_prefix`, `weight`, `weight_prefix`) VALUES ('120', '248', '47', '2', '24', '2147483647', '1', '0.0000', '', '+', '0', '+', '0.00', '+');
INSERT INTO `PREFIX_DB_product_option_value` (`product_option_value_id`, `product_option_id`, `product_id`, `option_id`, `option_value_id`, `quantity`, `subtract`, `price`, `image_opt`, `price_prefix`, `points`, `points_prefix`, `weight`, `weight_prefix`) VALUES ('121', '248', '47', '2', '23', '2147483647', '1', '0.0000', '', '+', '0', '+', '0.00', '+');
INSERT INTO `PREFIX_DB_product_option_value` (`product_option_value_id`, `product_option_id`, `product_id`, `option_id`, `option_value_id`, `quantity`, `subtract`, `price`, `image_opt`, `price_prefix`, `points`, `points_prefix`, `weight`, `weight_prefix`) VALUES ('126', '249', '36', '2', '45', '2147483647', '1', '500.0000', '', '+', '0', '+', '0.00', '+');
INSERT INTO `PREFIX_DB_product_option_value` (`product_option_value_id`, `product_option_id`, `product_id`, `option_id`, `option_value_id`, `quantity`, `subtract`, `price`, `image_opt`, `price_prefix`, `points`, `points_prefix`, `weight`, `weight_prefix`) VALUES ('123', '249', '36', '2', '44', '2147483647', '1', '0.0000', '', '+', '0', '+', '0.00', '+');
INSERT INTO `PREFIX_DB_product_option_value` (`product_option_value_id`, `product_option_id`, `product_id`, `option_id`, `option_value_id`, `quantity`, `subtract`, `price`, `image_opt`, `price_prefix`, `points`, `points_prefix`, `weight`, `weight_prefix`) VALUES ('124', '249', '36', '2', '24', '2147483647', '1', '0.0000', '', '+', '0', '+', '0.00', '+');
INSERT INTO `PREFIX_DB_product_option_value` (`product_option_value_id`, `product_option_id`, `product_id`, `option_id`, `option_value_id`, `quantity`, `subtract`, `price`, `image_opt`, `price_prefix`, `points`, `points_prefix`, `weight`, `weight_prefix`) VALUES ('125', '249', '36', '2', '23', '2147483647', '1', '0.0000', '', '+', '0', '+', '0.00', '+');
INSERT INTO `PREFIX_DB_product_option_value` (`product_option_value_id`, `product_option_id`, `product_id`, `option_id`, `option_value_id`, `quantity`, `subtract`, `price`, `image_opt`, `price_prefix`, `points`, `points_prefix`, `weight`, `weight_prefix`) VALUES ('130', '250', '30', '2', '45', '55555555', '1', '500.0000', '', '+', '0', '+', '0.00', '+');
INSERT INTO `PREFIX_DB_product_option_value` (`product_option_value_id`, `product_option_id`, `product_id`, `option_id`, `option_value_id`, `quantity`, `subtract`, `price`, `image_opt`, `price_prefix`, `points`, `points_prefix`, `weight`, `weight_prefix`) VALUES ('127', '250', '30', '2', '44', '55555555', '1', '0.0000', '', '+', '0', '+', '0.00', '+');
INSERT INTO `PREFIX_DB_product_option_value` (`product_option_value_id`, `product_option_id`, `product_id`, `option_id`, `option_value_id`, `quantity`, `subtract`, `price`, `image_opt`, `price_prefix`, `points`, `points_prefix`, `weight`, `weight_prefix`) VALUES ('128', '250', '30', '2', '24', '2147483647', '1', '0.0000', '', '+', '0', '+', '0.00', '+');
INSERT INTO `PREFIX_DB_product_option_value` (`product_option_value_id`, `product_option_id`, `product_id`, `option_id`, `option_value_id`, `quantity`, `subtract`, `price`, `image_opt`, `price_prefix`, `points`, `points_prefix`, `weight`, `weight_prefix`) VALUES ('129', '250', '30', '2', '23', '2147483647', '1', '0.0000', '', '+', '0', '+', '0.00', '+');
INSERT INTO `PREFIX_DB_product_option_value` (`product_option_value_id`, `product_option_id`, `product_id`, `option_id`, `option_value_id`, `quantity`, `subtract`, `price`, `image_opt`, `price_prefix`, `points`, `points_prefix`, `weight`, `weight_prefix`) VALUES ('134', '251', '28', '2', '45', '555555555', '1', '500.0000', '', '+', '0', '+', '0.00', '+');
INSERT INTO `PREFIX_DB_product_option_value` (`product_option_value_id`, `product_option_id`, `product_id`, `option_id`, `option_value_id`, `quantity`, `subtract`, `price`, `image_opt`, `price_prefix`, `points`, `points_prefix`, `weight`, `weight_prefix`) VALUES ('131', '251', '28', '2', '44', '2147483647', '1', '0.0000', '', '+', '0', '+', '0.00', '+');
INSERT INTO `PREFIX_DB_product_option_value` (`product_option_value_id`, `product_option_id`, `product_id`, `option_id`, `option_value_id`, `quantity`, `subtract`, `price`, `image_opt`, `price_prefix`, `points`, `points_prefix`, `weight`, `weight_prefix`) VALUES ('132', '251', '28', '2', '24', '2147483647', '1', '0.0000', '', '+', '0', '+', '0.00', '+');
INSERT INTO `PREFIX_DB_product_option_value` (`product_option_value_id`, `product_option_id`, `product_id`, `option_id`, `option_value_id`, `quantity`, `subtract`, `price`, `image_opt`, `price_prefix`, `points`, `points_prefix`, `weight`, `weight_prefix`) VALUES ('133', '251', '28', '2', '23', '2147483647', '1', '0.0000', '', '+', '0', '+', '0.00', '+');
INSERT INTO `PREFIX_DB_product_option_value` (`product_option_value_id`, `product_option_id`, `product_id`, `option_id`, `option_value_id`, `quantity`, `subtract`, `price`, `image_opt`, `price_prefix`, `points`, `points_prefix`, `weight`, `weight_prefix`) VALUES ('138', '252', '34', '2', '45', '111111111', '1', '500.0000', '', '+', '0', '+', '0.00', '+');
INSERT INTO `PREFIX_DB_product_option_value` (`product_option_value_id`, `product_option_id`, `product_id`, `option_id`, `option_value_id`, `quantity`, `subtract`, `price`, `image_opt`, `price_prefix`, `points`, `points_prefix`, `weight`, `weight_prefix`) VALUES ('135', '252', '34', '2', '44', '2147483647', '1', '0.0000', '', '+', '0', '+', '0.00', '+');
INSERT INTO `PREFIX_DB_product_option_value` (`product_option_value_id`, `product_option_id`, `product_id`, `option_id`, `option_value_id`, `quantity`, `subtract`, `price`, `image_opt`, `price_prefix`, `points`, `points_prefix`, `weight`, `weight_prefix`) VALUES ('136', '252', '34', '2', '24', '2147483647', '1', '0.0000', '', '+', '0', '+', '0.00', '+');
INSERT INTO `PREFIX_DB_product_option_value` (`product_option_value_id`, `product_option_id`, `product_id`, `option_id`, `option_value_id`, `quantity`, `subtract`, `price`, `image_opt`, `price_prefix`, `points`, `points_prefix`, `weight`, `weight_prefix`) VALUES ('137', '252', '34', '2', '23', '2147483647', '1', '0.0000', '', '+', '0', '+', '0.00', '+');
INSERT INTO `PREFIX_DB_product_option_value` (`product_option_value_id`, `product_option_id`, `product_id`, `option_id`, `option_value_id`, `quantity`, `subtract`, `price`, `image_opt`, `price_prefix`, `points`, `points_prefix`, `weight`, `weight_prefix`) VALUES ('142', '253', '46', '2', '45', '55555', '1', '500.0000', '', '+', '0', '+', '0.00', '+');
INSERT INTO `PREFIX_DB_product_option_value` (`product_option_value_id`, `product_option_id`, `product_id`, `option_id`, `option_value_id`, `quantity`, `subtract`, `price`, `image_opt`, `price_prefix`, `points`, `points_prefix`, `weight`, `weight_prefix`) VALUES ('139', '253', '46', '2', '44', '2147483647', '1', '0.0000', '', '+', '0', '+', '0.00', '+');
INSERT INTO `PREFIX_DB_product_option_value` (`product_option_value_id`, `product_option_id`, `product_id`, `option_id`, `option_value_id`, `quantity`, `subtract`, `price`, `image_opt`, `price_prefix`, `points`, `points_prefix`, `weight`, `weight_prefix`) VALUES ('140', '253', '46', '2', '24', '2147483647', '1', '0.0000', '', '+', '0', '+', '0.00', '+');
INSERT INTO `PREFIX_DB_product_option_value` (`product_option_value_id`, `product_option_id`, `product_id`, `option_id`, `option_value_id`, `quantity`, `subtract`, `price`, `image_opt`, `price_prefix`, `points`, `points_prefix`, `weight`, `weight_prefix`) VALUES ('141', '253', '46', '2', '23', '2147483647', '1', '0.0000', '', '+', '0', '+', '0.00', '+');
INSERT INTO `PREFIX_DB_product_option_value` (`product_option_value_id`, `product_option_id`, `product_id`, `option_id`, `option_value_id`, `quantity`, `subtract`, `price`, `image_opt`, `price_prefix`, `points`, `points_prefix`, `weight`, `weight_prefix`) VALUES ('146', '254', '31', '2', '45', '2147483647', '1', '500.0000', '', '+', '0', '+', '0.00', '+');
INSERT INTO `PREFIX_DB_product_option_value` (`product_option_value_id`, `product_option_id`, `product_id`, `option_id`, `option_value_id`, `quantity`, `subtract`, `price`, `image_opt`, `price_prefix`, `points`, `points_prefix`, `weight`, `weight_prefix`) VALUES ('143', '254', '31', '2', '44', '2147483647', '1', '0.0000', '', '+', '0', '+', '0.00', '+');
INSERT INTO `PREFIX_DB_product_option_value` (`product_option_value_id`, `product_option_id`, `product_id`, `option_id`, `option_value_id`, `quantity`, `subtract`, `price`, `image_opt`, `price_prefix`, `points`, `points_prefix`, `weight`, `weight_prefix`) VALUES ('144', '254', '31', '2', '24', '2147483647', '1', '0.0000', '', '+', '0', '+', '0.00', '+');
INSERT INTO `PREFIX_DB_product_option_value` (`product_option_value_id`, `product_option_id`, `product_id`, `option_id`, `option_value_id`, `quantity`, `subtract`, `price`, `image_opt`, `price_prefix`, `points`, `points_prefix`, `weight`, `weight_prefix`) VALUES ('145', '254', '31', '2', '23', '2147483647', '1', '0.0000', '', '+', '0', '+', '0.00', '+');
INSERT INTO `PREFIX_DB_product_option_value` (`product_option_value_id`, `product_option_id`, `product_id`, `option_id`, `option_value_id`, `quantity`, `subtract`, `price`, `image_opt`, `price_prefix`, `points`, `points_prefix`, `weight`, `weight_prefix`) VALUES ('150', '255', '48', '18', '60', '2147483647', '1', '0.0000', 'catalog/tovar/139627595_images_14816840404.jpg', '+', '0', '+', '0.00', '+');
INSERT INTO `PREFIX_DB_product_option_value` (`product_option_value_id`, `product_option_id`, `product_id`, `option_id`, `option_value_id`, `quantity`, `subtract`, `price`, `image_opt`, `price_prefix`, `points`, `points_prefix`, `weight`, `weight_prefix`) VALUES ('82', '238', '48', '2', '45', '2147483647', '1', '500.0000', '', '+', '0', '+', '0.00', '+');
INSERT INTO `PREFIX_DB_product_option_value` (`product_option_value_id`, `product_option_id`, `product_id`, `option_id`, `option_value_id`, `quantity`, `subtract`, `price`, `image_opt`, `price_prefix`, `points`, `points_prefix`, `weight`, `weight_prefix`) VALUES ('147', '255', '48', '18', '58', '2147483647', '1', '0.0000', 'catalog/tovar/115107919_images_13603692355.jpg', '+', '0', '+', '0.00', '+');
INSERT INTO `PREFIX_DB_product_option_value` (`product_option_value_id`, `product_option_id`, `product_id`, `option_id`, `option_value_id`, `quantity`, `subtract`, `price`, `image_opt`, `price_prefix`, `points`, `points_prefix`, `weight`, `weight_prefix`) VALUES ('79', '238', '48', '2', '44', '2147483647', '1', '0.0000', '', '+', '0', '+', '0.00', '+');
INSERT INTO `PREFIX_DB_product_option_value` (`product_option_value_id`, `product_option_id`, `product_id`, `option_id`, `option_value_id`, `quantity`, `subtract`, `price`, `image_opt`, `price_prefix`, `points`, `points_prefix`, `weight`, `weight_prefix`) VALUES ('81', '238', '48', '2', '23', '2147483647', '1', '0.0000', '', '+', '0', '+', '0.00', '+');
INSERT INTO `PREFIX_DB_product_option_value` (`product_option_value_id`, `product_option_id`, `product_id`, `option_id`, `option_value_id`, `quantity`, `subtract`, `price`, `image_opt`, `price_prefix`, `points`, `points_prefix`, `weight`, `weight_prefix`) VALUES ('80', '238', '48', '2', '24', '2147483647', '1', '0.0000', '', '+', '0', '+', '0.00', '+');



TRUNCATE TABLE `PREFIX_DB_product_related`;

INSERT INTO `PREFIX_DB_product_related` (`product_id`, `related_id`) VALUES ('28', '33');
INSERT INTO `PREFIX_DB_product_related` (`product_id`, `related_id`) VALUES ('28', '41');
INSERT INTO `PREFIX_DB_product_related` (`product_id`, `related_id`) VALUES ('28', '43');
INSERT INTO `PREFIX_DB_product_related` (`product_id`, `related_id`) VALUES ('28', '48');
INSERT INTO `PREFIX_DB_product_related` (`product_id`, `related_id`) VALUES ('28', '49');
INSERT INTO `PREFIX_DB_product_related` (`product_id`, `related_id`) VALUES ('29', '33');
INSERT INTO `PREFIX_DB_product_related` (`product_id`, `related_id`) VALUES ('29', '41');
INSERT INTO `PREFIX_DB_product_related` (`product_id`, `related_id`) VALUES ('29', '43');
INSERT INTO `PREFIX_DB_product_related` (`product_id`, `related_id`) VALUES ('29', '48');
INSERT INTO `PREFIX_DB_product_related` (`product_id`, `related_id`) VALUES ('29', '49');
INSERT INTO `PREFIX_DB_product_related` (`product_id`, `related_id`) VALUES ('30', '33');
INSERT INTO `PREFIX_DB_product_related` (`product_id`, `related_id`) VALUES ('30', '41');
INSERT INTO `PREFIX_DB_product_related` (`product_id`, `related_id`) VALUES ('30', '43');
INSERT INTO `PREFIX_DB_product_related` (`product_id`, `related_id`) VALUES ('30', '48');
INSERT INTO `PREFIX_DB_product_related` (`product_id`, `related_id`) VALUES ('30', '49');
INSERT INTO `PREFIX_DB_product_related` (`product_id`, `related_id`) VALUES ('31', '33');
INSERT INTO `PREFIX_DB_product_related` (`product_id`, `related_id`) VALUES ('31', '41');
INSERT INTO `PREFIX_DB_product_related` (`product_id`, `related_id`) VALUES ('31', '43');
INSERT INTO `PREFIX_DB_product_related` (`product_id`, `related_id`) VALUES ('31', '48');
INSERT INTO `PREFIX_DB_product_related` (`product_id`, `related_id`) VALUES ('31', '49');
INSERT INTO `PREFIX_DB_product_related` (`product_id`, `related_id`) VALUES ('32', '33');
INSERT INTO `PREFIX_DB_product_related` (`product_id`, `related_id`) VALUES ('32', '41');
INSERT INTO `PREFIX_DB_product_related` (`product_id`, `related_id`) VALUES ('32', '43');
INSERT INTO `PREFIX_DB_product_related` (`product_id`, `related_id`) VALUES ('32', '48');
INSERT INTO `PREFIX_DB_product_related` (`product_id`, `related_id`) VALUES ('32', '49');
INSERT INTO `PREFIX_DB_product_related` (`product_id`, `related_id`) VALUES ('33', '28');
INSERT INTO `PREFIX_DB_product_related` (`product_id`, `related_id`) VALUES ('33', '29');
INSERT INTO `PREFIX_DB_product_related` (`product_id`, `related_id`) VALUES ('33', '30');
INSERT INTO `PREFIX_DB_product_related` (`product_id`, `related_id`) VALUES ('33', '31');
INSERT INTO `PREFIX_DB_product_related` (`product_id`, `related_id`) VALUES ('33', '32');
INSERT INTO `PREFIX_DB_product_related` (`product_id`, `related_id`) VALUES ('33', '33');
INSERT INTO `PREFIX_DB_product_related` (`product_id`, `related_id`) VALUES ('33', '34');
INSERT INTO `PREFIX_DB_product_related` (`product_id`, `related_id`) VALUES ('33', '36');
INSERT INTO `PREFIX_DB_product_related` (`product_id`, `related_id`) VALUES ('33', '40');
INSERT INTO `PREFIX_DB_product_related` (`product_id`, `related_id`) VALUES ('33', '41');
INSERT INTO `PREFIX_DB_product_related` (`product_id`, `related_id`) VALUES ('33', '43');
INSERT INTO `PREFIX_DB_product_related` (`product_id`, `related_id`) VALUES ('33', '44');
INSERT INTO `PREFIX_DB_product_related` (`product_id`, `related_id`) VALUES ('33', '45');
INSERT INTO `PREFIX_DB_product_related` (`product_id`, `related_id`) VALUES ('33', '46');
INSERT INTO `PREFIX_DB_product_related` (`product_id`, `related_id`) VALUES ('33', '47');
INSERT INTO `PREFIX_DB_product_related` (`product_id`, `related_id`) VALUES ('33', '48');
INSERT INTO `PREFIX_DB_product_related` (`product_id`, `related_id`) VALUES ('33', '49');
INSERT INTO `PREFIX_DB_product_related` (`product_id`, `related_id`) VALUES ('34', '33');
INSERT INTO `PREFIX_DB_product_related` (`product_id`, `related_id`) VALUES ('34', '41');
INSERT INTO `PREFIX_DB_product_related` (`product_id`, `related_id`) VALUES ('34', '43');
INSERT INTO `PREFIX_DB_product_related` (`product_id`, `related_id`) VALUES ('34', '48');
INSERT INTO `PREFIX_DB_product_related` (`product_id`, `related_id`) VALUES ('34', '49');
INSERT INTO `PREFIX_DB_product_related` (`product_id`, `related_id`) VALUES ('36', '33');
INSERT INTO `PREFIX_DB_product_related` (`product_id`, `related_id`) VALUES ('36', '41');
INSERT INTO `PREFIX_DB_product_related` (`product_id`, `related_id`) VALUES ('36', '43');
INSERT INTO `PREFIX_DB_product_related` (`product_id`, `related_id`) VALUES ('36', '48');
INSERT INTO `PREFIX_DB_product_related` (`product_id`, `related_id`) VALUES ('36', '49');
INSERT INTO `PREFIX_DB_product_related` (`product_id`, `related_id`) VALUES ('40', '33');
INSERT INTO `PREFIX_DB_product_related` (`product_id`, `related_id`) VALUES ('40', '41');
INSERT INTO `PREFIX_DB_product_related` (`product_id`, `related_id`) VALUES ('40', '43');
INSERT INTO `PREFIX_DB_product_related` (`product_id`, `related_id`) VALUES ('40', '48');
INSERT INTO `PREFIX_DB_product_related` (`product_id`, `related_id`) VALUES ('40', '49');
INSERT INTO `PREFIX_DB_product_related` (`product_id`, `related_id`) VALUES ('41', '28');
INSERT INTO `PREFIX_DB_product_related` (`product_id`, `related_id`) VALUES ('41', '29');
INSERT INTO `PREFIX_DB_product_related` (`product_id`, `related_id`) VALUES ('41', '30');
INSERT INTO `PREFIX_DB_product_related` (`product_id`, `related_id`) VALUES ('41', '31');
INSERT INTO `PREFIX_DB_product_related` (`product_id`, `related_id`) VALUES ('41', '32');
INSERT INTO `PREFIX_DB_product_related` (`product_id`, `related_id`) VALUES ('41', '33');
INSERT INTO `PREFIX_DB_product_related` (`product_id`, `related_id`) VALUES ('41', '34');
INSERT INTO `PREFIX_DB_product_related` (`product_id`, `related_id`) VALUES ('41', '36');
INSERT INTO `PREFIX_DB_product_related` (`product_id`, `related_id`) VALUES ('41', '40');
INSERT INTO `PREFIX_DB_product_related` (`product_id`, `related_id`) VALUES ('41', '41');
INSERT INTO `PREFIX_DB_product_related` (`product_id`, `related_id`) VALUES ('41', '43');
INSERT INTO `PREFIX_DB_product_related` (`product_id`, `related_id`) VALUES ('41', '44');
INSERT INTO `PREFIX_DB_product_related` (`product_id`, `related_id`) VALUES ('41', '45');
INSERT INTO `PREFIX_DB_product_related` (`product_id`, `related_id`) VALUES ('41', '46');
INSERT INTO `PREFIX_DB_product_related` (`product_id`, `related_id`) VALUES ('41', '47');
INSERT INTO `PREFIX_DB_product_related` (`product_id`, `related_id`) VALUES ('41', '48');
INSERT INTO `PREFIX_DB_product_related` (`product_id`, `related_id`) VALUES ('41', '49');
INSERT INTO `PREFIX_DB_product_related` (`product_id`, `related_id`) VALUES ('43', '28');
INSERT INTO `PREFIX_DB_product_related` (`product_id`, `related_id`) VALUES ('43', '29');
INSERT INTO `PREFIX_DB_product_related` (`product_id`, `related_id`) VALUES ('43', '30');
INSERT INTO `PREFIX_DB_product_related` (`product_id`, `related_id`) VALUES ('43', '31');
INSERT INTO `PREFIX_DB_product_related` (`product_id`, `related_id`) VALUES ('43', '32');
INSERT INTO `PREFIX_DB_product_related` (`product_id`, `related_id`) VALUES ('43', '33');
INSERT INTO `PREFIX_DB_product_related` (`product_id`, `related_id`) VALUES ('43', '34');
INSERT INTO `PREFIX_DB_product_related` (`product_id`, `related_id`) VALUES ('43', '36');
INSERT INTO `PREFIX_DB_product_related` (`product_id`, `related_id`) VALUES ('43', '40');
INSERT INTO `PREFIX_DB_product_related` (`product_id`, `related_id`) VALUES ('43', '41');
INSERT INTO `PREFIX_DB_product_related` (`product_id`, `related_id`) VALUES ('43', '43');
INSERT INTO `PREFIX_DB_product_related` (`product_id`, `related_id`) VALUES ('43', '44');
INSERT INTO `PREFIX_DB_product_related` (`product_id`, `related_id`) VALUES ('43', '45');
INSERT INTO `PREFIX_DB_product_related` (`product_id`, `related_id`) VALUES ('43', '46');
INSERT INTO `PREFIX_DB_product_related` (`product_id`, `related_id`) VALUES ('43', '47');
INSERT INTO `PREFIX_DB_product_related` (`product_id`, `related_id`) VALUES ('43', '48');
INSERT INTO `PREFIX_DB_product_related` (`product_id`, `related_id`) VALUES ('43', '49');
INSERT INTO `PREFIX_DB_product_related` (`product_id`, `related_id`) VALUES ('44', '33');
INSERT INTO `PREFIX_DB_product_related` (`product_id`, `related_id`) VALUES ('44', '41');
INSERT INTO `PREFIX_DB_product_related` (`product_id`, `related_id`) VALUES ('44', '43');
INSERT INTO `PREFIX_DB_product_related` (`product_id`, `related_id`) VALUES ('44', '48');
INSERT INTO `PREFIX_DB_product_related` (`product_id`, `related_id`) VALUES ('44', '49');
INSERT INTO `PREFIX_DB_product_related` (`product_id`, `related_id`) VALUES ('45', '33');
INSERT INTO `PREFIX_DB_product_related` (`product_id`, `related_id`) VALUES ('45', '41');
INSERT INTO `PREFIX_DB_product_related` (`product_id`, `related_id`) VALUES ('45', '43');
INSERT INTO `PREFIX_DB_product_related` (`product_id`, `related_id`) VALUES ('45', '48');
INSERT INTO `PREFIX_DB_product_related` (`product_id`, `related_id`) VALUES ('45', '49');
INSERT INTO `PREFIX_DB_product_related` (`product_id`, `related_id`) VALUES ('46', '33');
INSERT INTO `PREFIX_DB_product_related` (`product_id`, `related_id`) VALUES ('46', '41');
INSERT INTO `PREFIX_DB_product_related` (`product_id`, `related_id`) VALUES ('46', '43');
INSERT INTO `PREFIX_DB_product_related` (`product_id`, `related_id`) VALUES ('46', '48');
INSERT INTO `PREFIX_DB_product_related` (`product_id`, `related_id`) VALUES ('46', '49');
INSERT INTO `PREFIX_DB_product_related` (`product_id`, `related_id`) VALUES ('47', '33');
INSERT INTO `PREFIX_DB_product_related` (`product_id`, `related_id`) VALUES ('47', '41');
INSERT INTO `PREFIX_DB_product_related` (`product_id`, `related_id`) VALUES ('47', '43');
INSERT INTO `PREFIX_DB_product_related` (`product_id`, `related_id`) VALUES ('47', '48');
INSERT INTO `PREFIX_DB_product_related` (`product_id`, `related_id`) VALUES ('47', '49');
INSERT INTO `PREFIX_DB_product_related` (`product_id`, `related_id`) VALUES ('48', '28');
INSERT INTO `PREFIX_DB_product_related` (`product_id`, `related_id`) VALUES ('48', '29');
INSERT INTO `PREFIX_DB_product_related` (`product_id`, `related_id`) VALUES ('48', '30');
INSERT INTO `PREFIX_DB_product_related` (`product_id`, `related_id`) VALUES ('48', '31');
INSERT INTO `PREFIX_DB_product_related` (`product_id`, `related_id`) VALUES ('48', '32');
INSERT INTO `PREFIX_DB_product_related` (`product_id`, `related_id`) VALUES ('48', '33');
INSERT INTO `PREFIX_DB_product_related` (`product_id`, `related_id`) VALUES ('48', '34');
INSERT INTO `PREFIX_DB_product_related` (`product_id`, `related_id`) VALUES ('48', '36');
INSERT INTO `PREFIX_DB_product_related` (`product_id`, `related_id`) VALUES ('48', '40');
INSERT INTO `PREFIX_DB_product_related` (`product_id`, `related_id`) VALUES ('48', '41');
INSERT INTO `PREFIX_DB_product_related` (`product_id`, `related_id`) VALUES ('48', '43');
INSERT INTO `PREFIX_DB_product_related` (`product_id`, `related_id`) VALUES ('48', '44');
INSERT INTO `PREFIX_DB_product_related` (`product_id`, `related_id`) VALUES ('48', '45');
INSERT INTO `PREFIX_DB_product_related` (`product_id`, `related_id`) VALUES ('48', '46');
INSERT INTO `PREFIX_DB_product_related` (`product_id`, `related_id`) VALUES ('48', '47');
INSERT INTO `PREFIX_DB_product_related` (`product_id`, `related_id`) VALUES ('48', '48');
INSERT INTO `PREFIX_DB_product_related` (`product_id`, `related_id`) VALUES ('48', '49');
INSERT INTO `PREFIX_DB_product_related` (`product_id`, `related_id`) VALUES ('49', '28');
INSERT INTO `PREFIX_DB_product_related` (`product_id`, `related_id`) VALUES ('49', '29');
INSERT INTO `PREFIX_DB_product_related` (`product_id`, `related_id`) VALUES ('49', '30');
INSERT INTO `PREFIX_DB_product_related` (`product_id`, `related_id`) VALUES ('49', '31');
INSERT INTO `PREFIX_DB_product_related` (`product_id`, `related_id`) VALUES ('49', '32');
INSERT INTO `PREFIX_DB_product_related` (`product_id`, `related_id`) VALUES ('49', '33');
INSERT INTO `PREFIX_DB_product_related` (`product_id`, `related_id`) VALUES ('49', '34');
INSERT INTO `PREFIX_DB_product_related` (`product_id`, `related_id`) VALUES ('49', '36');
INSERT INTO `PREFIX_DB_product_related` (`product_id`, `related_id`) VALUES ('49', '40');
INSERT INTO `PREFIX_DB_product_related` (`product_id`, `related_id`) VALUES ('49', '41');
INSERT INTO `PREFIX_DB_product_related` (`product_id`, `related_id`) VALUES ('49', '43');
INSERT INTO `PREFIX_DB_product_related` (`product_id`, `related_id`) VALUES ('49', '44');
INSERT INTO `PREFIX_DB_product_related` (`product_id`, `related_id`) VALUES ('49', '45');
INSERT INTO `PREFIX_DB_product_related` (`product_id`, `related_id`) VALUES ('49', '46');
INSERT INTO `PREFIX_DB_product_related` (`product_id`, `related_id`) VALUES ('49', '47');
INSERT INTO `PREFIX_DB_product_related` (`product_id`, `related_id`) VALUES ('49', '48');
INSERT INTO `PREFIX_DB_product_related` (`product_id`, `related_id`) VALUES ('49', '49');


TRUNCATE TABLE `PREFIX_DB_product_reward`;

INSERT INTO `PREFIX_DB_product_reward` (`product_reward_id`, `product_id`, `customer_group_id`, `points`) VALUES ('838', '47', '1', '300');
INSERT INTO `PREFIX_DB_product_reward` (`product_reward_id`, `product_id`, `customer_group_id`, `points`) VALUES ('840', '28', '1', '400');
INSERT INTO `PREFIX_DB_product_reward` (`product_reward_id`, `product_id`, `customer_group_id`, `points`) VALUES ('835', '43', '1', '600');
INSERT INTO `PREFIX_DB_product_reward` (`product_reward_id`, `product_id`, `customer_group_id`, `points`) VALUES ('839', '30', '1', '200');
INSERT INTO `PREFIX_DB_product_reward` (`product_reward_id`, `product_id`, `customer_group_id`, `points`) VALUES ('837', '44', '1', '700');
INSERT INTO `PREFIX_DB_product_reward` (`product_reward_id`, `product_id`, `customer_group_id`, `points`) VALUES ('836', '45', '1', '800');
INSERT INTO `PREFIX_DB_product_reward` (`product_reward_id`, `product_id`, `customer_group_id`, `points`) VALUES ('834', '49', '1', '1000');


TRUNCATE TABLE `PREFIX_DB_product_special`;

INSERT INTO `PREFIX_DB_product_special` (`product_special_id`, `product_id`, `customer_group_id`, `priority`, `price`, `date_start`, `date_end`) VALUES ('923', '49', '1', '0', '6575.0000', '2020-01-14', '2020-02-02');
INSERT INTO `PREFIX_DB_product_special` (`product_special_id`, `product_id`, `customer_group_id`, `priority`, `price`, `date_start`, `date_end`) VALUES ('922', '48', '1', '0', '28333.0000', '2019-01-25', '2020-03-29');
INSERT INTO `PREFIX_DB_product_special` (`product_special_id`, `product_id`, `customer_group_id`, `priority`, `price`, `date_start`, `date_end`) VALUES ('936', '34', '1', '0', '3125.0000', '0000-00-00', '2020-04-10');
INSERT INTO `PREFIX_DB_product_special` (`product_special_id`, `product_id`, `customer_group_id`, `priority`, `price`, `date_start`, `date_end`) VALUES ('932', '47', '1', '0', '44.0000', '2019-01-25', '2019-03-11');
INSERT INTO `PREFIX_DB_product_special` (`product_special_id`, `product_id`, `customer_group_id`, `priority`, `price`, `date_start`, `date_end`) VALUES ('935', '28', '1', '0', '27325.0000', '0000-00-00', '2020-05-31');
INSERT INTO `PREFIX_DB_product_special` (`product_special_id`, `product_id`, `customer_group_id`, `priority`, `price`, `date_start`, `date_end`) VALUES ('926', '43', '1', '0', '13758.0000', '0000-00-00', '2020-02-08');
INSERT INTO `PREFIX_DB_product_special` (`product_special_id`, `product_id`, `customer_group_id`, `priority`, `price`, `date_start`, `date_end`) VALUES ('931', '40', '1', '0', '70250.0000', '2019-01-26', '2020-03-18');
INSERT INTO `PREFIX_DB_product_special` (`product_special_id`, `product_id`, `customer_group_id`, `priority`, `price`, `date_start`, `date_end`) VALUES ('934', '30', '1', '0', '40245.0000', '0000-00-00', '2020-03-25');
INSERT INTO `PREFIX_DB_product_special` (`product_special_id`, `product_id`, `customer_group_id`, `priority`, `price`, `date_start`, `date_end`) VALUES ('933', '36', '1', '0', '1111.0000', '2019-01-30', '2020-02-22');
INSERT INTO `PREFIX_DB_product_special` (`product_special_id`, `product_id`, `customer_group_id`, `priority`, `price`, `date_start`, `date_end`) VALUES ('939', '41', '1', '0', '3333.0000', '0000-00-00', '2020-02-08');
INSERT INTO `PREFIX_DB_product_special` (`product_special_id`, `product_id`, `customer_group_id`, `priority`, `price`, `date_start`, `date_end`) VALUES ('925', '33', '1', '0', '2785.0000', '0000-00-00', '2020-02-08');
INSERT INTO `PREFIX_DB_product_special` (`product_special_id`, `product_id`, `customer_group_id`, `priority`, `price`, `date_start`, `date_end`) VALUES ('927', '29', '1', '0', '3785.0000', '2019-05-27', '2020-02-08');
INSERT INTO `PREFIX_DB_product_special` (`product_special_id`, `product_id`, `customer_group_id`, `priority`, `price`, `date_start`, `date_end`) VALUES ('928', '45', '1', '0', '25421.0000', '0000-00-00', '2020-02-08');
INSERT INTO `PREFIX_DB_product_special` (`product_special_id`, `product_id`, `customer_group_id`, `priority`, `price`, `date_start`, `date_end`) VALUES ('929', '44', '1', '0', '15000.0000', '0000-00-00', '2020-02-08');
INSERT INTO `PREFIX_DB_product_special` (`product_special_id`, `product_id`, `customer_group_id`, `priority`, `price`, `date_start`, `date_end`) VALUES ('930', '32', '1', '0', '6286.0000', '0000-00-00', '0000-00-00');
INSERT INTO `PREFIX_DB_product_special` (`product_special_id`, `product_id`, `customer_group_id`, `priority`, `price`, `date_start`, `date_end`) VALUES ('937', '46', '1', '0', '777.0000', '0000-00-00', '2020-04-16');
INSERT INTO `PREFIX_DB_product_special` (`product_special_id`, `product_id`, `customer_group_id`, `priority`, `price`, `date_start`, `date_end`) VALUES ('938', '31', '1', '0', '23785.0000', '0000-00-00', '2020-04-17');


TRUNCATE TABLE `PREFIX_DB_product_to_category`;

INSERT INTO `PREFIX_DB_product_to_category` (`product_id`, `category_id`, `main_category`) VALUES ('43', '72', '0');
INSERT INTO `PREFIX_DB_product_to_category` (`product_id`, `category_id`, `main_category`) VALUES ('43', '20', '0');
INSERT INTO `PREFIX_DB_product_to_category` (`product_id`, `category_id`, `main_category`) VALUES ('44', '93', '0');
INSERT INTO `PREFIX_DB_product_to_category` (`product_id`, `category_id`, `main_category`) VALUES ('43', '89', '0');
INSERT INTO `PREFIX_DB_product_to_category` (`product_id`, `category_id`, `main_category`) VALUES ('43', '103', '0');
INSERT INTO `PREFIX_DB_product_to_category` (`product_id`, `category_id`, `main_category`) VALUES ('43', '74', '0');
INSERT INTO `PREFIX_DB_product_to_category` (`product_id`, `category_id`, `main_category`) VALUES ('44', '78', '0');
INSERT INTO `PREFIX_DB_product_to_category` (`product_id`, `category_id`, `main_category`) VALUES ('43', '68', '0');
INSERT INTO `PREFIX_DB_product_to_category` (`product_id`, `category_id`, `main_category`) VALUES ('43', '71', '0');
INSERT INTO `PREFIX_DB_product_to_category` (`product_id`, `category_id`, `main_category`) VALUES ('44', '61', '0');
INSERT INTO `PREFIX_DB_product_to_category` (`product_id`, `category_id`, `main_category`) VALUES ('44', '59', '0');
INSERT INTO `PREFIX_DB_product_to_category` (`product_id`, `category_id`, `main_category`) VALUES ('44', '107', '0');
INSERT INTO `PREFIX_DB_product_to_category` (`product_id`, `category_id`, `main_category`) VALUES ('43', '106', '0');
INSERT INTO `PREFIX_DB_product_to_category` (`product_id`, `category_id`, `main_category`) VALUES ('43', '114', '0');
INSERT INTO `PREFIX_DB_product_to_category` (`product_id`, `category_id`, `main_category`) VALUES ('43', '46', '0');
INSERT INTO `PREFIX_DB_product_to_category` (`product_id`, `category_id`, `main_category`) VALUES ('43', '69', '0');
INSERT INTO `PREFIX_DB_product_to_category` (`product_id`, `category_id`, `main_category`) VALUES ('43', '119', '0');
INSERT INTO `PREFIX_DB_product_to_category` (`product_id`, `category_id`, `main_category`) VALUES ('44', '45', '0');
INSERT INTO `PREFIX_DB_product_to_category` (`product_id`, `category_id`, `main_category`) VALUES ('44', '106', '0');
INSERT INTO `PREFIX_DB_product_to_category` (`product_id`, `category_id`, `main_category`) VALUES ('43', '18', '0');
INSERT INTO `PREFIX_DB_product_to_category` (`product_id`, `category_id`, `main_category`) VALUES ('43', '79', '0');
INSERT INTO `PREFIX_DB_product_to_category` (`product_id`, `category_id`, `main_category`) VALUES ('43', '25', '1');
INSERT INTO `PREFIX_DB_product_to_category` (`product_id`, `category_id`, `main_category`) VALUES ('43', '33', '0');
INSERT INTO `PREFIX_DB_product_to_category` (`product_id`, `category_id`, `main_category`) VALUES ('44', '123', '0');
INSERT INTO `PREFIX_DB_product_to_category` (`product_id`, `category_id`, `main_category`) VALUES ('44', '121', '0');
INSERT INTO `PREFIX_DB_product_to_category` (`product_id`, `category_id`, `main_category`) VALUES ('43', '66', '0');
INSERT INTO `PREFIX_DB_product_to_category` (`product_id`, `category_id`, `main_category`) VALUES ('43', '122', '0');
INSERT INTO `PREFIX_DB_product_to_category` (`product_id`, `category_id`, `main_category`) VALUES ('44', '118', '0');
INSERT INTO `PREFIX_DB_product_to_category` (`product_id`, `category_id`, `main_category`) VALUES ('43', '117', '0');
INSERT INTO `PREFIX_DB_product_to_category` (`product_id`, `category_id`, `main_category`) VALUES ('44', '18', '0');
INSERT INTO `PREFIX_DB_product_to_category` (`product_id`, `category_id`, `main_category`) VALUES ('44', '70', '0');
INSERT INTO `PREFIX_DB_product_to_category` (`product_id`, `category_id`, `main_category`) VALUES ('43', '107', '0');
INSERT INTO `PREFIX_DB_product_to_category` (`product_id`, `category_id`, `main_category`) VALUES ('44', '100', '0');
INSERT INTO `PREFIX_DB_product_to_category` (`product_id`, `category_id`, `main_category`) VALUES ('44', '32', '0');
INSERT INTO `PREFIX_DB_product_to_category` (`product_id`, `category_id`, `main_category`) VALUES ('44', '122', '0');
INSERT INTO `PREFIX_DB_product_to_category` (`product_id`, `category_id`, `main_category`) VALUES ('43', '45', '0');
INSERT INTO `PREFIX_DB_product_to_category` (`product_id`, `category_id`, `main_category`) VALUES ('43', '94', '0');
INSERT INTO `PREFIX_DB_product_to_category` (`product_id`, `category_id`, `main_category`) VALUES ('44', '77', '0');
INSERT INTO `PREFIX_DB_product_to_category` (`product_id`, `category_id`, `main_category`) VALUES ('44', '68', '0');
INSERT INTO `PREFIX_DB_product_to_category` (`product_id`, `category_id`, `main_category`) VALUES ('44', '60', '0');
INSERT INTO `PREFIX_DB_product_to_category` (`product_id`, `category_id`, `main_category`) VALUES ('43', '98', '0');
INSERT INTO `PREFIX_DB_product_to_category` (`product_id`, `category_id`, `main_category`) VALUES ('44', '117', '0');
INSERT INTO `PREFIX_DB_product_to_category` (`product_id`, `category_id`, `main_category`) VALUES ('43', '61', '0');
INSERT INTO `PREFIX_DB_product_to_category` (`product_id`, `category_id`, `main_category`) VALUES ('43', '78', '0');
INSERT INTO `PREFIX_DB_product_to_category` (`product_id`, `category_id`, `main_category`) VALUES ('44', '113', '0');
INSERT INTO `PREFIX_DB_product_to_category` (`product_id`, `category_id`, `main_category`) VALUES ('44', '102', '0');
INSERT INTO `PREFIX_DB_product_to_category` (`product_id`, `category_id`, `main_category`) VALUES ('43', '76', '0');
INSERT INTO `PREFIX_DB_product_to_category` (`product_id`, `category_id`, `main_category`) VALUES ('43', '104', '0');
INSERT INTO `PREFIX_DB_product_to_category` (`product_id`, `category_id`, `main_category`) VALUES ('43', '63', '0');
INSERT INTO `PREFIX_DB_product_to_category` (`product_id`, `category_id`, `main_category`) VALUES ('43', '97', '0');
INSERT INTO `PREFIX_DB_product_to_category` (`product_id`, `category_id`, `main_category`) VALUES ('43', '67', '0');
INSERT INTO `PREFIX_DB_product_to_category` (`product_id`, `category_id`, `main_category`) VALUES ('43', '129', '0');
INSERT INTO `PREFIX_DB_product_to_category` (`product_id`, `category_id`, `main_category`) VALUES ('43', '70', '0');
INSERT INTO `PREFIX_DB_product_to_category` (`product_id`, `category_id`, `main_category`) VALUES ('43', '64', '0');
INSERT INTO `PREFIX_DB_product_to_category` (`product_id`, `category_id`, `main_category`) VALUES ('43', '59', '0');
INSERT INTO `PREFIX_DB_product_to_category` (`product_id`, `category_id`, `main_category`) VALUES ('43', '110', '0');
INSERT INTO `PREFIX_DB_product_to_category` (`product_id`, `category_id`, `main_category`) VALUES ('43', '90', '0');
INSERT INTO `PREFIX_DB_product_to_category` (`product_id`, `category_id`, `main_category`) VALUES ('43', '102', '0');
INSERT INTO `PREFIX_DB_product_to_category` (`product_id`, `category_id`, `main_category`) VALUES ('43', '120', '0');
INSERT INTO `PREFIX_DB_product_to_category` (`product_id`, `category_id`, `main_category`) VALUES ('43', '100', '0');
INSERT INTO `PREFIX_DB_product_to_category` (`product_id`, `category_id`, `main_category`) VALUES ('43', '115', '0');
INSERT INTO `PREFIX_DB_product_to_category` (`product_id`, `category_id`, `main_category`) VALUES ('43', '130', '0');
INSERT INTO `PREFIX_DB_product_to_category` (`product_id`, `category_id`, `main_category`) VALUES ('43', '75', '0');
INSERT INTO `PREFIX_DB_product_to_category` (`product_id`, `category_id`, `main_category`) VALUES ('43', '109', '0');
INSERT INTO `PREFIX_DB_product_to_category` (`product_id`, `category_id`, `main_category`) VALUES ('43', '92', '0');
INSERT INTO `PREFIX_DB_product_to_category` (`product_id`, `category_id`, `main_category`) VALUES ('43', '62', '0');
INSERT INTO `PREFIX_DB_product_to_category` (`product_id`, `category_id`, `main_category`) VALUES ('43', '95', '0');
INSERT INTO `PREFIX_DB_product_to_category` (`product_id`, `category_id`, `main_category`) VALUES ('43', '105', '0');
INSERT INTO `PREFIX_DB_product_to_category` (`product_id`, `category_id`, `main_category`) VALUES ('43', '65', '0');
INSERT INTO `PREFIX_DB_product_to_category` (`product_id`, `category_id`, `main_category`) VALUES ('43', '34', '0');
INSERT INTO `PREFIX_DB_product_to_category` (`product_id`, `category_id`, `main_category`) VALUES ('43', '118', '0');
INSERT INTO `PREFIX_DB_product_to_category` (`product_id`, `category_id`, `main_category`) VALUES ('43', '108', '0');
INSERT INTO `PREFIX_DB_product_to_category` (`product_id`, `category_id`, `main_category`) VALUES ('43', '116', '0');
INSERT INTO `PREFIX_DB_product_to_category` (`product_id`, `category_id`, `main_category`) VALUES ('43', '101', '0');
INSERT INTO `PREFIX_DB_product_to_category` (`product_id`, `category_id`, `main_category`) VALUES ('43', '111', '0');
INSERT INTO `PREFIX_DB_product_to_category` (`product_id`, `category_id`, `main_category`) VALUES ('43', '32', '0');
INSERT INTO `PREFIX_DB_product_to_category` (`product_id`, `category_id`, `main_category`) VALUES ('43', '24', '0');
INSERT INTO `PREFIX_DB_product_to_category` (`product_id`, `category_id`, `main_category`) VALUES ('43', '96', '0');
INSERT INTO `PREFIX_DB_product_to_category` (`product_id`, `category_id`, `main_category`) VALUES ('43', '113', '0');
INSERT INTO `PREFIX_DB_product_to_category` (`product_id`, `category_id`, `main_category`) VALUES ('32', '118', '0');
INSERT INTO `PREFIX_DB_product_to_category` (`product_id`, `category_id`, `main_category`) VALUES ('32', '34', '0');
INSERT INTO `PREFIX_DB_product_to_category` (`product_id`, `category_id`, `main_category`) VALUES ('32', '101', '0');
INSERT INTO `PREFIX_DB_product_to_category` (`product_id`, `category_id`, `main_category`) VALUES ('32', '45', '0');
INSERT INTO `PREFIX_DB_product_to_category` (`product_id`, `category_id`, `main_category`) VALUES ('32', '64', '0');
INSERT INTO `PREFIX_DB_product_to_category` (`product_id`, `category_id`, `main_category`) VALUES ('32', '90', '0');
INSERT INTO `PREFIX_DB_product_to_category` (`product_id`, `category_id`, `main_category`) VALUES ('32', '89', '0');
INSERT INTO `PREFIX_DB_product_to_category` (`product_id`, `category_id`, `main_category`) VALUES ('32', '96', '0');
INSERT INTO `PREFIX_DB_product_to_category` (`product_id`, `category_id`, `main_category`) VALUES ('32', '114', '0');
INSERT INTO `PREFIX_DB_product_to_category` (`product_id`, `category_id`, `main_category`) VALUES ('32', '123', '0');
INSERT INTO `PREFIX_DB_product_to_category` (`product_id`, `category_id`, `main_category`) VALUES ('32', '93', '0');
INSERT INTO `PREFIX_DB_product_to_category` (`product_id`, `category_id`, `main_category`) VALUES ('32', '98', '0');
INSERT INTO `PREFIX_DB_product_to_category` (`product_id`, `category_id`, `main_category`) VALUES ('32', '105', '0');
INSERT INTO `PREFIX_DB_product_to_category` (`product_id`, `category_id`, `main_category`) VALUES ('32', '121', '0');
INSERT INTO `PREFIX_DB_product_to_category` (`product_id`, `category_id`, `main_category`) VALUES ('32', '60', '0');
INSERT INTO `PREFIX_DB_product_to_category` (`product_id`, `category_id`, `main_category`) VALUES ('32', '116', '0');
INSERT INTO `PREFIX_DB_product_to_category` (`product_id`, `category_id`, `main_category`) VALUES ('32', '74', '0');
INSERT INTO `PREFIX_DB_product_to_category` (`product_id`, `category_id`, `main_category`) VALUES ('32', '32', '0');
INSERT INTO `PREFIX_DB_product_to_category` (`product_id`, `category_id`, `main_category`) VALUES ('32', '130', '0');
INSERT INTO `PREFIX_DB_product_to_category` (`product_id`, `category_id`, `main_category`) VALUES ('32', '73', '0');
INSERT INTO `PREFIX_DB_product_to_category` (`product_id`, `category_id`, `main_category`) VALUES ('32', '20', '0');
INSERT INTO `PREFIX_DB_product_to_category` (`product_id`, `category_id`, `main_category`) VALUES ('32', '25', '1');
INSERT INTO `PREFIX_DB_product_to_category` (`product_id`, `category_id`, `main_category`) VALUES ('32', '88', '0');
INSERT INTO `PREFIX_DB_product_to_category` (`product_id`, `category_id`, `main_category`) VALUES ('32', '104', '0');
INSERT INTO `PREFIX_DB_product_to_category` (`product_id`, `category_id`, `main_category`) VALUES ('32', '78', '0');
INSERT INTO `PREFIX_DB_product_to_category` (`product_id`, `category_id`, `main_category`) VALUES ('32', '63', '0');
INSERT INTO `PREFIX_DB_product_to_category` (`product_id`, `category_id`, `main_category`) VALUES ('32', '76', '0');
INSERT INTO `PREFIX_DB_product_to_category` (`product_id`, `category_id`, `main_category`) VALUES ('32', '24', '0');
INSERT INTO `PREFIX_DB_product_to_category` (`product_id`, `category_id`, `main_category`) VALUES ('32', '70', '0');
INSERT INTO `PREFIX_DB_product_to_category` (`product_id`, `category_id`, `main_category`) VALUES ('32', '59', '0');
INSERT INTO `PREFIX_DB_product_to_category` (`product_id`, `category_id`, `main_category`) VALUES ('32', '107', '0');
INSERT INTO `PREFIX_DB_product_to_category` (`product_id`, `category_id`, `main_category`) VALUES ('32', '77', '0');
INSERT INTO `PREFIX_DB_product_to_category` (`product_id`, `category_id`, `main_category`) VALUES ('32', '122', '0');
INSERT INTO `PREFIX_DB_product_to_category` (`product_id`, `category_id`, `main_category`) VALUES ('32', '61', '0');
INSERT INTO `PREFIX_DB_product_to_category` (`product_id`, `category_id`, `main_category`) VALUES ('32', '94', '0');
INSERT INTO `PREFIX_DB_product_to_category` (`product_id`, `category_id`, `main_category`) VALUES ('32', '129', '0');
INSERT INTO `PREFIX_DB_product_to_category` (`product_id`, `category_id`, `main_category`) VALUES ('32', '67', '0');
INSERT INTO `PREFIX_DB_product_to_category` (`product_id`, `category_id`, `main_category`) VALUES ('32', '113', '0');
INSERT INTO `PREFIX_DB_product_to_category` (`product_id`, `category_id`, `main_category`) VALUES ('32', '95', '0');
INSERT INTO `PREFIX_DB_product_to_category` (`product_id`, `category_id`, `main_category`) VALUES ('32', '46', '0');
INSERT INTO `PREFIX_DB_product_to_category` (`product_id`, `category_id`, `main_category`) VALUES ('32', '112', '0');
INSERT INTO `PREFIX_DB_product_to_category` (`product_id`, `category_id`, `main_category`) VALUES ('32', '120', '0');
INSERT INTO `PREFIX_DB_product_to_category` (`product_id`, `category_id`, `main_category`) VALUES ('32', '106', '0');
INSERT INTO `PREFIX_DB_product_to_category` (`product_id`, `category_id`, `main_category`) VALUES ('32', '102', '0');
INSERT INTO `PREFIX_DB_product_to_category` (`product_id`, `category_id`, `main_category`) VALUES ('32', '18', '0');
INSERT INTO `PREFIX_DB_product_to_category` (`product_id`, `category_id`, `main_category`) VALUES ('32', '103', '0');
INSERT INTO `PREFIX_DB_product_to_category` (`product_id`, `category_id`, `main_category`) VALUES ('32', '92', '0');
INSERT INTO `PREFIX_DB_product_to_category` (`product_id`, `category_id`, `main_category`) VALUES ('32', '69', '0');
INSERT INTO `PREFIX_DB_product_to_category` (`product_id`, `category_id`, `main_category`) VALUES ('32', '75', '0');
INSERT INTO `PREFIX_DB_product_to_category` (`product_id`, `category_id`, `main_category`) VALUES ('32', '115', '0');
INSERT INTO `PREFIX_DB_product_to_category` (`product_id`, `category_id`, `main_category`) VALUES ('32', '91', '0');
INSERT INTO `PREFIX_DB_product_to_category` (`product_id`, `category_id`, `main_category`) VALUES ('32', '62', '0');
INSERT INTO `PREFIX_DB_product_to_category` (`product_id`, `category_id`, `main_category`) VALUES ('32', '33', '0');
INSERT INTO `PREFIX_DB_product_to_category` (`product_id`, `category_id`, `main_category`) VALUES ('32', '100', '0');
INSERT INTO `PREFIX_DB_product_to_category` (`product_id`, `category_id`, `main_category`) VALUES ('32', '66', '0');
INSERT INTO `PREFIX_DB_product_to_category` (`product_id`, `category_id`, `main_category`) VALUES ('32', '65', '0');
INSERT INTO `PREFIX_DB_product_to_category` (`product_id`, `category_id`, `main_category`) VALUES ('32', '119', '0');
INSERT INTO `PREFIX_DB_product_to_category` (`product_id`, `category_id`, `main_category`) VALUES ('32', '71', '0');
INSERT INTO `PREFIX_DB_product_to_category` (`product_id`, `category_id`, `main_category`) VALUES ('32', '72', '0');
INSERT INTO `PREFIX_DB_product_to_category` (`product_id`, `category_id`, `main_category`) VALUES ('32', '79', '0');
INSERT INTO `PREFIX_DB_product_to_category` (`product_id`, `category_id`, `main_category`) VALUES ('32', '111', '0');
INSERT INTO `PREFIX_DB_product_to_category` (`product_id`, `category_id`, `main_category`) VALUES ('32', '109', '0');
INSERT INTO `PREFIX_DB_product_to_category` (`product_id`, `category_id`, `main_category`) VALUES ('32', '108', '0');
INSERT INTO `PREFIX_DB_product_to_category` (`product_id`, `category_id`, `main_category`) VALUES ('32', '117', '0');
INSERT INTO `PREFIX_DB_product_to_category` (`product_id`, `category_id`, `main_category`) VALUES ('32', '68', '0');
INSERT INTO `PREFIX_DB_product_to_category` (`product_id`, `category_id`, `main_category`) VALUES ('32', '97', '0');
INSERT INTO `PREFIX_DB_product_to_category` (`product_id`, `category_id`, `main_category`) VALUES ('34', '108', '0');
INSERT INTO `PREFIX_DB_product_to_category` (`product_id`, `category_id`, `main_category`) VALUES ('34', '68', '0');
INSERT INTO `PREFIX_DB_product_to_category` (`product_id`, `category_id`, `main_category`) VALUES ('34', '101', '0');
INSERT INTO `PREFIX_DB_product_to_category` (`product_id`, `category_id`, `main_category`) VALUES ('34', '109', '0');
INSERT INTO `PREFIX_DB_product_to_category` (`product_id`, `category_id`, `main_category`) VALUES ('34', '97', '0');
INSERT INTO `PREFIX_DB_product_to_category` (`product_id`, `category_id`, `main_category`) VALUES ('34', '45', '0');
INSERT INTO `PREFIX_DB_product_to_category` (`product_id`, `category_id`, `main_category`) VALUES ('34', '118', '0');
INSERT INTO `PREFIX_DB_product_to_category` (`product_id`, `category_id`, `main_category`) VALUES ('34', '96', '0');
INSERT INTO `PREFIX_DB_product_to_category` (`product_id`, `category_id`, `main_category`) VALUES ('34', '114', '0');
INSERT INTO `PREFIX_DB_product_to_category` (`product_id`, `category_id`, `main_category`) VALUES ('34', '112', '0');
INSERT INTO `PREFIX_DB_product_to_category` (`product_id`, `category_id`, `main_category`) VALUES ('34', '94', '0');
INSERT INTO `PREFIX_DB_product_to_category` (`product_id`, `category_id`, `main_category`) VALUES ('34', '64', '0');
INSERT INTO `PREFIX_DB_product_to_category` (`product_id`, `category_id`, `main_category`) VALUES ('34', '98', '0');
INSERT INTO `PREFIX_DB_product_to_category` (`product_id`, `category_id`, `main_category`) VALUES ('34', '129', '0');
INSERT INTO `PREFIX_DB_product_to_category` (`product_id`, `category_id`, `main_category`) VALUES ('34', '113', '0');
INSERT INTO `PREFIX_DB_product_to_category` (`product_id`, `category_id`, `main_category`) VALUES ('34', '70', '0');
INSERT INTO `PREFIX_DB_product_to_category` (`product_id`, `category_id`, `main_category`) VALUES ('34', '93', '0');
INSERT INTO `PREFIX_DB_product_to_category` (`product_id`, `category_id`, `main_category`) VALUES ('34', '24', '0');
INSERT INTO `PREFIX_DB_product_to_category` (`product_id`, `category_id`, `main_category`) VALUES ('34', '59', '0');
INSERT INTO `PREFIX_DB_product_to_category` (`product_id`, `category_id`, `main_category`) VALUES ('34', '72', '0');
INSERT INTO `PREFIX_DB_product_to_category` (`product_id`, `category_id`, `main_category`) VALUES ('34', '121', '0');
INSERT INTO `PREFIX_DB_product_to_category` (`product_id`, `category_id`, `main_category`) VALUES ('34', '78', '0');
INSERT INTO `PREFIX_DB_product_to_category` (`product_id`, `category_id`, `main_category`) VALUES ('34', '100', '0');
INSERT INTO `PREFIX_DB_product_to_category` (`product_id`, `category_id`, `main_category`) VALUES ('34', '119', '0');
INSERT INTO `PREFIX_DB_product_to_category` (`product_id`, `category_id`, `main_category`) VALUES ('34', '105', '0');
INSERT INTO `PREFIX_DB_product_to_category` (`product_id`, `category_id`, `main_category`) VALUES ('34', '63', '0');
INSERT INTO `PREFIX_DB_product_to_category` (`product_id`, `category_id`, `main_category`) VALUES ('34', '76', '0');
INSERT INTO `PREFIX_DB_product_to_category` (`product_id`, `category_id`, `main_category`) VALUES ('34', '104', '0');
INSERT INTO `PREFIX_DB_product_to_category` (`product_id`, `category_id`, `main_category`) VALUES ('34', '65', '0');
INSERT INTO `PREFIX_DB_product_to_category` (`product_id`, `category_id`, `main_category`) VALUES ('34', '67', '0');
INSERT INTO `PREFIX_DB_product_to_category` (`product_id`, `category_id`, `main_category`) VALUES ('34', '32', '0');
INSERT INTO `PREFIX_DB_product_to_category` (`product_id`, `category_id`, `main_category`) VALUES ('34', '79', '0');
INSERT INTO `PREFIX_DB_product_to_category` (`product_id`, `category_id`, `main_category`) VALUES ('34', '111', '0');
INSERT INTO `PREFIX_DB_product_to_category` (`product_id`, `category_id`, `main_category`) VALUES ('34', '117', '0');
INSERT INTO `PREFIX_DB_product_to_category` (`product_id`, `category_id`, `main_category`) VALUES ('34', '75', '0');
INSERT INTO `PREFIX_DB_product_to_category` (`product_id`, `category_id`, `main_category`) VALUES ('34', '20', '0');
INSERT INTO `PREFIX_DB_product_to_category` (`product_id`, `category_id`, `main_category`) VALUES ('34', '73', '0');
INSERT INTO `PREFIX_DB_product_to_category` (`product_id`, `category_id`, `main_category`) VALUES ('34', '66', '0');
INSERT INTO `PREFIX_DB_product_to_category` (`product_id`, `category_id`, `main_category`) VALUES ('34', '95', '0');
INSERT INTO `PREFIX_DB_product_to_category` (`product_id`, `category_id`, `main_category`) VALUES ('34', '46', '0');
INSERT INTO `PREFIX_DB_product_to_category` (`product_id`, `category_id`, `main_category`) VALUES ('34', '69', '0');
INSERT INTO `PREFIX_DB_product_to_category` (`product_id`, `category_id`, `main_category`) VALUES ('34', '120', '0');
INSERT INTO `PREFIX_DB_product_to_category` (`product_id`, `category_id`, `main_category`) VALUES ('34', '106', '0');
INSERT INTO `PREFIX_DB_product_to_category` (`product_id`, `category_id`, `main_category`) VALUES ('34', '102', '0');
INSERT INTO `PREFIX_DB_product_to_category` (`product_id`, `category_id`, `main_category`) VALUES ('34', '18', '0');
INSERT INTO `PREFIX_DB_product_to_category` (`product_id`, `category_id`, `main_category`) VALUES ('34', '103', '0');
INSERT INTO `PREFIX_DB_product_to_category` (`product_id`, `category_id`, `main_category`) VALUES ('34', '123', '0');
INSERT INTO `PREFIX_DB_product_to_category` (`product_id`, `category_id`, `main_category`) VALUES ('34', '77', '0');
INSERT INTO `PREFIX_DB_product_to_category` (`product_id`, `category_id`, `main_category`) VALUES ('34', '130', '0');
INSERT INTO `PREFIX_DB_product_to_category` (`product_id`, `category_id`, `main_category`) VALUES ('34', '107', '0');
INSERT INTO `PREFIX_DB_product_to_category` (`product_id`, `category_id`, `main_category`) VALUES ('34', '122', '0');
INSERT INTO `PREFIX_DB_product_to_category` (`product_id`, `category_id`, `main_category`) VALUES ('34', '61', '0');
INSERT INTO `PREFIX_DB_product_to_category` (`product_id`, `category_id`, `main_category`) VALUES ('34', '25', '1');
INSERT INTO `PREFIX_DB_product_to_category` (`product_id`, `category_id`, `main_category`) VALUES ('34', '74', '0');
INSERT INTO `PREFIX_DB_product_to_category` (`product_id`, `category_id`, `main_category`) VALUES ('34', '60', '0');
INSERT INTO `PREFIX_DB_product_to_category` (`product_id`, `category_id`, `main_category`) VALUES ('34', '116', '0');
INSERT INTO `PREFIX_DB_product_to_category` (`product_id`, `category_id`, `main_category`) VALUES ('34', '71', '0');
INSERT INTO `PREFIX_DB_product_to_category` (`product_id`, `category_id`, `main_category`) VALUES ('34', '90', '0');
INSERT INTO `PREFIX_DB_product_to_category` (`product_id`, `category_id`, `main_category`) VALUES ('34', '34', '0');
INSERT INTO `PREFIX_DB_product_to_category` (`product_id`, `category_id`, `main_category`) VALUES ('34', '115', '0');
INSERT INTO `PREFIX_DB_product_to_category` (`product_id`, `category_id`, `main_category`) VALUES ('34', '91', '0');
INSERT INTO `PREFIX_DB_product_to_category` (`product_id`, `category_id`, `main_category`) VALUES ('34', '89', '0');
INSERT INTO `PREFIX_DB_product_to_category` (`product_id`, `category_id`, `main_category`) VALUES ('34', '62', '0');
INSERT INTO `PREFIX_DB_product_to_category` (`product_id`, `category_id`, `main_category`) VALUES ('34', '33', '0');
INSERT INTO `PREFIX_DB_product_to_category` (`product_id`, `category_id`, `main_category`) VALUES ('34', '88', '0');
INSERT INTO `PREFIX_DB_product_to_category` (`product_id`, `category_id`, `main_category`) VALUES ('34', '92', '0');
INSERT INTO `PREFIX_DB_product_to_category` (`product_id`, `category_id`, `main_category`) VALUES ('36', '77', '0');
INSERT INTO `PREFIX_DB_product_to_category` (`product_id`, `category_id`, `main_category`) VALUES ('36', '130', '0');
INSERT INTO `PREFIX_DB_product_to_category` (`product_id`, `category_id`, `main_category`) VALUES ('36', '103', '0');
INSERT INTO `PREFIX_DB_product_to_category` (`product_id`, `category_id`, `main_category`) VALUES ('36', '123', '0');
INSERT INTO `PREFIX_DB_product_to_category` (`product_id`, `category_id`, `main_category`) VALUES ('36', '45', '0');
INSERT INTO `PREFIX_DB_product_to_category` (`product_id`, `category_id`, `main_category`) VALUES ('36', '92', '0');
INSERT INTO `PREFIX_DB_product_to_category` (`product_id`, `category_id`, `main_category`) VALUES ('36', '69', '0');
INSERT INTO `PREFIX_DB_product_to_category` (`product_id`, `category_id`, `main_category`) VALUES ('36', '95', '0');
INSERT INTO `PREFIX_DB_product_to_category` (`product_id`, `category_id`, `main_category`) VALUES ('36', '46', '0');
INSERT INTO `PREFIX_DB_product_to_category` (`product_id`, `category_id`, `main_category`) VALUES ('36', '118', '0');
INSERT INTO `PREFIX_DB_product_to_category` (`product_id`, `category_id`, `main_category`) VALUES ('36', '34', '0');
INSERT INTO `PREFIX_DB_product_to_category` (`product_id`, `category_id`, `main_category`) VALUES ('36', '90', '0');
INSERT INTO `PREFIX_DB_product_to_category` (`product_id`, `category_id`, `main_category`) VALUES ('36', '71', '0');
INSERT INTO `PREFIX_DB_product_to_category` (`product_id`, `category_id`, `main_category`) VALUES ('36', '116', '0');
INSERT INTO `PREFIX_DB_product_to_category` (`product_id`, `category_id`, `main_category`) VALUES ('36', '60', '0');
INSERT INTO `PREFIX_DB_product_to_category` (`product_id`, `category_id`, `main_category`) VALUES ('36', '121', '0');
INSERT INTO `PREFIX_DB_product_to_category` (`product_id`, `category_id`, `main_category`) VALUES ('36', '72', '0');
INSERT INTO `PREFIX_DB_product_to_category` (`product_id`, `category_id`, `main_category`) VALUES ('36', '78', '0');
INSERT INTO `PREFIX_DB_product_to_category` (`product_id`, `category_id`, `main_category`) VALUES ('36', '100', '0');
INSERT INTO `PREFIX_DB_product_to_category` (`product_id`, `category_id`, `main_category`) VALUES ('36', '94', '0');
INSERT INTO `PREFIX_DB_product_to_category` (`product_id`, `category_id`, `main_category`) VALUES ('36', '65', '0');
INSERT INTO `PREFIX_DB_product_to_category` (`product_id`, `category_id`, `main_category`) VALUES ('36', '104', '0');
INSERT INTO `PREFIX_DB_product_to_category` (`product_id`, `category_id`, `main_category`) VALUES ('36', '67', '0');
INSERT INTO `PREFIX_DB_product_to_category` (`product_id`, `category_id`, `main_category`) VALUES ('36', '98', '0');
INSERT INTO `PREFIX_DB_product_to_category` (`product_id`, `category_id`, `main_category`) VALUES ('36', '119', '0');
INSERT INTO `PREFIX_DB_product_to_category` (`product_id`, `category_id`, `main_category`) VALUES ('36', '76', '0');
INSERT INTO `PREFIX_DB_product_to_category` (`product_id`, `category_id`, `main_category`) VALUES ('36', '63', '0');
INSERT INTO `PREFIX_DB_product_to_category` (`product_id`, `category_id`, `main_category`) VALUES ('36', '105', '0');
INSERT INTO `PREFIX_DB_product_to_category` (`product_id`, `category_id`, `main_category`) VALUES ('36', '129', '0');
INSERT INTO `PREFIX_DB_product_to_category` (`product_id`, `category_id`, `main_category`) VALUES ('36', '74', '0');
INSERT INTO `PREFIX_DB_product_to_category` (`product_id`, `category_id`, `main_category`) VALUES ('36', '25', '1');
INSERT INTO `PREFIX_DB_product_to_category` (`product_id`, `category_id`, `main_category`) VALUES ('36', '61', '0');
INSERT INTO `PREFIX_DB_product_to_category` (`product_id`, `category_id`, `main_category`) VALUES ('36', '122', '0');
INSERT INTO `PREFIX_DB_product_to_category` (`product_id`, `category_id`, `main_category`) VALUES ('36', '107', '0');
INSERT INTO `PREFIX_DB_product_to_category` (`product_id`, `category_id`, `main_category`) VALUES ('36', '68', '0');
INSERT INTO `PREFIX_DB_product_to_category` (`product_id`, `category_id`, `main_category`) VALUES ('36', '70', '0');
INSERT INTO `PREFIX_DB_product_to_category` (`product_id`, `category_id`, `main_category`) VALUES ('36', '93', '0');
INSERT INTO `PREFIX_DB_product_to_category` (`product_id`, `category_id`, `main_category`) VALUES ('36', '113', '0');
INSERT INTO `PREFIX_DB_product_to_category` (`product_id`, `category_id`, `main_category`) VALUES ('36', '96', '0');
INSERT INTO `PREFIX_DB_product_to_category` (`product_id`, `category_id`, `main_category`) VALUES ('36', '114', '0');
INSERT INTO `PREFIX_DB_product_to_category` (`product_id`, `category_id`, `main_category`) VALUES ('36', '108', '0');
INSERT INTO `PREFIX_DB_product_to_category` (`product_id`, `category_id`, `main_category`) VALUES ('36', '120', '0');
INSERT INTO `PREFIX_DB_product_to_category` (`product_id`, `category_id`, `main_category`) VALUES ('36', '102', '0');
INSERT INTO `PREFIX_DB_product_to_category` (`product_id`, `category_id`, `main_category`) VALUES ('36', '106', '0');
INSERT INTO `PREFIX_DB_product_to_category` (`product_id`, `category_id`, `main_category`) VALUES ('36', '18', '0');
INSERT INTO `PREFIX_DB_product_to_category` (`product_id`, `category_id`, `main_category`) VALUES ('36', '101', '0');
INSERT INTO `PREFIX_DB_product_to_category` (`product_id`, `category_id`, `main_category`) VALUES ('36', '89', '0');
INSERT INTO `PREFIX_DB_product_to_category` (`product_id`, `category_id`, `main_category`) VALUES ('36', '62', '0');
INSERT INTO `PREFIX_DB_product_to_category` (`product_id`, `category_id`, `main_category`) VALUES ('36', '88', '0');
INSERT INTO `PREFIX_DB_product_to_category` (`product_id`, `category_id`, `main_category`) VALUES ('36', '33', '0');
INSERT INTO `PREFIX_DB_product_to_category` (`product_id`, `category_id`, `main_category`) VALUES ('36', '91', '0');
INSERT INTO `PREFIX_DB_product_to_category` (`product_id`, `category_id`, `main_category`) VALUES ('36', '115', '0');
INSERT INTO `PREFIX_DB_product_to_category` (`product_id`, `category_id`, `main_category`) VALUES ('36', '24', '0');
INSERT INTO `PREFIX_DB_product_to_category` (`product_id`, `category_id`, `main_category`) VALUES ('36', '73', '0');
INSERT INTO `PREFIX_DB_product_to_category` (`product_id`, `category_id`, `main_category`) VALUES ('36', '66', '0');
INSERT INTO `PREFIX_DB_product_to_category` (`product_id`, `category_id`, `main_category`) VALUES ('36', '20', '0');
INSERT INTO `PREFIX_DB_product_to_category` (`product_id`, `category_id`, `main_category`) VALUES ('36', '64', '0');
INSERT INTO `PREFIX_DB_product_to_category` (`product_id`, `category_id`, `main_category`) VALUES ('36', '97', '0');
INSERT INTO `PREFIX_DB_product_to_category` (`product_id`, `category_id`, `main_category`) VALUES ('36', '75', '0');
INSERT INTO `PREFIX_DB_product_to_category` (`product_id`, `category_id`, `main_category`) VALUES ('36', '117', '0');
INSERT INTO `PREFIX_DB_product_to_category` (`product_id`, `category_id`, `main_category`) VALUES ('36', '111', '0');
INSERT INTO `PREFIX_DB_product_to_category` (`product_id`, `category_id`, `main_category`) VALUES ('36', '112', '0');
INSERT INTO `PREFIX_DB_product_to_category` (`product_id`, `category_id`, `main_category`) VALUES ('36', '79', '0');
INSERT INTO `PREFIX_DB_product_to_category` (`product_id`, `category_id`, `main_category`) VALUES ('36', '32', '0');
INSERT INTO `PREFIX_DB_product_to_category` (`product_id`, `category_id`, `main_category`) VALUES ('36', '59', '0');
INSERT INTO `PREFIX_DB_product_to_category` (`product_id`, `category_id`, `main_category`) VALUES ('36', '109', '0');
INSERT INTO `PREFIX_DB_product_to_category` (`product_id`, `category_id`, `main_category`) VALUES ('28', '110', '0');
INSERT INTO `PREFIX_DB_product_to_category` (`product_id`, `category_id`, `main_category`) VALUES ('48', '89', '0');
INSERT INTO `PREFIX_DB_product_to_category` (`product_id`, `category_id`, `main_category`) VALUES ('40', '72', '0');
INSERT INTO `PREFIX_DB_product_to_category` (`product_id`, `category_id`, `main_category`) VALUES ('40', '73', '0');
INSERT INTO `PREFIX_DB_product_to_category` (`product_id`, `category_id`, `main_category`) VALUES ('40', '101', '0');
INSERT INTO `PREFIX_DB_product_to_category` (`product_id`, `category_id`, `main_category`) VALUES ('40', '108', '0');
INSERT INTO `PREFIX_DB_product_to_category` (`product_id`, `category_id`, `main_category`) VALUES ('40', '110', '0');
INSERT INTO `PREFIX_DB_product_to_category` (`product_id`, `category_id`, `main_category`) VALUES ('40', '45', '0');
INSERT INTO `PREFIX_DB_product_to_category` (`product_id`, `category_id`, `main_category`) VALUES ('40', '67', '0');
INSERT INTO `PREFIX_DB_product_to_category` (`product_id`, `category_id`, `main_category`) VALUES ('40', '66', '0');
INSERT INTO `PREFIX_DB_product_to_category` (`product_id`, `category_id`, `main_category`) VALUES ('40', '96', '0');
INSERT INTO `PREFIX_DB_product_to_category` (`product_id`, `category_id`, `main_category`) VALUES ('40', '111', '0');
INSERT INTO `PREFIX_DB_product_to_category` (`product_id`, `category_id`, `main_category`) VALUES ('40', '77', '0');
INSERT INTO `PREFIX_DB_product_to_category` (`product_id`, `category_id`, `main_category`) VALUES ('40', '78', '0');
INSERT INTO `PREFIX_DB_product_to_category` (`product_id`, `category_id`, `main_category`) VALUES ('40', '91', '0');
INSERT INTO `PREFIX_DB_product_to_category` (`product_id`, `category_id`, `main_category`) VALUES ('40', '113', '0');
INSERT INTO `PREFIX_DB_product_to_category` (`product_id`, `category_id`, `main_category`) VALUES ('40', '70', '0');
INSERT INTO `PREFIX_DB_product_to_category` (`product_id`, `category_id`, `main_category`) VALUES ('40', '107', '0');
INSERT INTO `PREFIX_DB_product_to_category` (`product_id`, `category_id`, `main_category`) VALUES ('40', '79', '0');
INSERT INTO `PREFIX_DB_product_to_category` (`product_id`, `category_id`, `main_category`) VALUES ('40', '105', '0');
INSERT INTO `PREFIX_DB_product_to_category` (`product_id`, `category_id`, `main_category`) VALUES ('40', '112', '0');
INSERT INTO `PREFIX_DB_product_to_category` (`product_id`, `category_id`, `main_category`) VALUES ('40', '20', '0');
INSERT INTO `PREFIX_DB_product_to_category` (`product_id`, `category_id`, `main_category`) VALUES ('40', '60', '0');
INSERT INTO `PREFIX_DB_product_to_category` (`product_id`, `category_id`, `main_category`) VALUES ('40', '104', '0');
INSERT INTO `PREFIX_DB_product_to_category` (`product_id`, `category_id`, `main_category`) VALUES ('40', '97', '0');
INSERT INTO `PREFIX_DB_product_to_category` (`product_id`, `category_id`, `main_category`) VALUES ('40', '24', '0');
INSERT INTO `PREFIX_DB_product_to_category` (`product_id`, `category_id`, `main_category`) VALUES ('40', '103', '0');
INSERT INTO `PREFIX_DB_product_to_category` (`product_id`, `category_id`, `main_category`) VALUES ('40', '76', '0');
INSERT INTO `PREFIX_DB_product_to_category` (`product_id`, `category_id`, `main_category`) VALUES ('40', '115', '0');
INSERT INTO `PREFIX_DB_product_to_category` (`product_id`, `category_id`, `main_category`) VALUES ('40', '74', '0');
INSERT INTO `PREFIX_DB_product_to_category` (`product_id`, `category_id`, `main_category`) VALUES ('40', '59', '0');
INSERT INTO `PREFIX_DB_product_to_category` (`product_id`, `category_id`, `main_category`) VALUES ('40', '18', '0');
INSERT INTO `PREFIX_DB_product_to_category` (`product_id`, `category_id`, `main_category`) VALUES ('40', '130', '0');
INSERT INTO `PREFIX_DB_product_to_category` (`product_id`, `category_id`, `main_category`) VALUES ('40', '116', '0');
INSERT INTO `PREFIX_DB_product_to_category` (`product_id`, `category_id`, `main_category`) VALUES ('40', '109', '0');
INSERT INTO `PREFIX_DB_product_to_category` (`product_id`, `category_id`, `main_category`) VALUES ('40', '93', '0');
INSERT INTO `PREFIX_DB_product_to_category` (`product_id`, `category_id`, `main_category`) VALUES ('40', '129', '0');
INSERT INTO `PREFIX_DB_product_to_category` (`product_id`, `category_id`, `main_category`) VALUES ('40', '61', '0');
INSERT INTO `PREFIX_DB_product_to_category` (`product_id`, `category_id`, `main_category`) VALUES ('40', '62', '0');
INSERT INTO `PREFIX_DB_product_to_category` (`product_id`, `category_id`, `main_category`) VALUES ('40', '34', '0');
INSERT INTO `PREFIX_DB_product_to_category` (`product_id`, `category_id`, `main_category`) VALUES ('40', '64', '0');
INSERT INTO `PREFIX_DB_product_to_category` (`product_id`, `category_id`, `main_category`) VALUES ('40', '95', '0');
INSERT INTO `PREFIX_DB_product_to_category` (`product_id`, `category_id`, `main_category`) VALUES ('40', '92', '0');
INSERT INTO `PREFIX_DB_product_to_category` (`product_id`, `category_id`, `main_category`) VALUES ('40', '90', '0');
INSERT INTO `PREFIX_DB_product_to_category` (`product_id`, `category_id`, `main_category`) VALUES ('40', '102', '0');
INSERT INTO `PREFIX_DB_product_to_category` (`product_id`, `category_id`, `main_category`) VALUES ('40', '120', '0');
INSERT INTO `PREFIX_DB_product_to_category` (`product_id`, `category_id`, `main_category`) VALUES ('40', '106', '0');
INSERT INTO `PREFIX_DB_product_to_category` (`product_id`, `category_id`, `main_category`) VALUES ('40', '100', '0');
INSERT INTO `PREFIX_DB_product_to_category` (`product_id`, `category_id`, `main_category`) VALUES ('40', '122', '0');
INSERT INTO `PREFIX_DB_product_to_category` (`product_id`, `category_id`, `main_category`) VALUES ('40', '123', '0');
INSERT INTO `PREFIX_DB_product_to_category` (`product_id`, `category_id`, `main_category`) VALUES ('40', '71', '0');
INSERT INTO `PREFIX_DB_product_to_category` (`product_id`, `category_id`, `main_category`) VALUES ('40', '32', '0');
INSERT INTO `PREFIX_DB_product_to_category` (`product_id`, `category_id`, `main_category`) VALUES ('40', '118', '0');
INSERT INTO `PREFIX_DB_product_to_category` (`product_id`, `category_id`, `main_category`) VALUES ('40', '63', '0');
INSERT INTO `PREFIX_DB_product_to_category` (`product_id`, `category_id`, `main_category`) VALUES ('40', '33', '0');
INSERT INTO `PREFIX_DB_product_to_category` (`product_id`, `category_id`, `main_category`) VALUES ('40', '69', '0');
INSERT INTO `PREFIX_DB_product_to_category` (`product_id`, `category_id`, `main_category`) VALUES ('40', '94', '0');
INSERT INTO `PREFIX_DB_product_to_category` (`product_id`, `category_id`, `main_category`) VALUES ('40', '68', '0');
INSERT INTO `PREFIX_DB_product_to_category` (`product_id`, `category_id`, `main_category`) VALUES ('40', '46', '0');
INSERT INTO `PREFIX_DB_product_to_category` (`product_id`, `category_id`, `main_category`) VALUES ('40', '114', '0');
INSERT INTO `PREFIX_DB_product_to_category` (`product_id`, `category_id`, `main_category`) VALUES ('40', '65', '0');
INSERT INTO `PREFIX_DB_product_to_category` (`product_id`, `category_id`, `main_category`) VALUES ('40', '117', '0');
INSERT INTO `PREFIX_DB_product_to_category` (`product_id`, `category_id`, `main_category`) VALUES ('40', '89', '0');
INSERT INTO `PREFIX_DB_product_to_category` (`product_id`, `category_id`, `main_category`) VALUES ('40', '88', '0');
INSERT INTO `PREFIX_DB_product_to_category` (`product_id`, `category_id`, `main_category`) VALUES ('40', '75', '0');
INSERT INTO `PREFIX_DB_product_to_category` (`product_id`, `category_id`, `main_category`) VALUES ('40', '121', '0');
INSERT INTO `PREFIX_DB_product_to_category` (`product_id`, `category_id`, `main_category`) VALUES ('40', '25', '1');
INSERT INTO `PREFIX_DB_product_to_category` (`product_id`, `category_id`, `main_category`) VALUES ('40', '98', '0');
INSERT INTO `PREFIX_DB_product_to_category` (`product_id`, `category_id`, `main_category`) VALUES ('41', '118', '0');
INSERT INTO `PREFIX_DB_product_to_category` (`product_id`, `category_id`, `main_category`) VALUES ('41', '64', '0');
INSERT INTO `PREFIX_DB_product_to_category` (`product_id`, `category_id`, `main_category`) VALUES ('31', '110', '0');
INSERT INTO `PREFIX_DB_product_to_category` (`product_id`, `category_id`, `main_category`) VALUES ('41', '46', '0');
INSERT INTO `PREFIX_DB_product_to_category` (`product_id`, `category_id`, `main_category`) VALUES ('41', '107', '0');
INSERT INTO `PREFIX_DB_product_to_category` (`product_id`, `category_id`, `main_category`) VALUES ('41', '115', '0');
INSERT INTO `PREFIX_DB_product_to_category` (`product_id`, `category_id`, `main_category`) VALUES ('34', '110', '0');
INSERT INTO `PREFIX_DB_product_to_category` (`product_id`, `category_id`, `main_category`) VALUES ('41', '59', '0');
INSERT INTO `PREFIX_DB_product_to_category` (`product_id`, `category_id`, `main_category`) VALUES ('41', '105', '0');
INSERT INTO `PREFIX_DB_product_to_category` (`product_id`, `category_id`, `main_category`) VALUES ('41', '74', '0');
INSERT INTO `PREFIX_DB_product_to_category` (`product_id`, `category_id`, `main_category`) VALUES ('41', '130', '0');
INSERT INTO `PREFIX_DB_product_to_category` (`product_id`, `category_id`, `main_category`) VALUES ('41', '65', '0');
INSERT INTO `PREFIX_DB_product_to_category` (`product_id`, `category_id`, `main_category`) VALUES ('41', '75', '0');
INSERT INTO `PREFIX_DB_product_to_category` (`product_id`, `category_id`, `main_category`) VALUES ('41', '116', '0');
INSERT INTO `PREFIX_DB_product_to_category` (`product_id`, `category_id`, `main_category`) VALUES ('41', '20', '0');
INSERT INTO `PREFIX_DB_product_to_category` (`product_id`, `category_id`, `main_category`) VALUES ('41', '18', '0');
INSERT INTO `PREFIX_DB_product_to_category` (`product_id`, `category_id`, `main_category`) VALUES ('41', '79', '0');
INSERT INTO `PREFIX_DB_product_to_category` (`product_id`, `category_id`, `main_category`) VALUES ('41', '92', '0');
INSERT INTO `PREFIX_DB_product_to_category` (`product_id`, `category_id`, `main_category`) VALUES ('41', '34', '0');
INSERT INTO `PREFIX_DB_product_to_category` (`product_id`, `category_id`, `main_category`) VALUES ('41', '98', '0');
INSERT INTO `PREFIX_DB_product_to_category` (`product_id`, `category_id`, `main_category`) VALUES ('41', '93', '0');
INSERT INTO `PREFIX_DB_product_to_category` (`product_id`, `category_id`, `main_category`) VALUES ('41', '77', '0');
INSERT INTO `PREFIX_DB_product_to_category` (`product_id`, `category_id`, `main_category`) VALUES ('41', '102', '0');
INSERT INTO `PREFIX_DB_product_to_category` (`product_id`, `category_id`, `main_category`) VALUES ('41', '122', '0');
INSERT INTO `PREFIX_DB_product_to_category` (`product_id`, `category_id`, `main_category`) VALUES ('41', '114', '0');
INSERT INTO `PREFIX_DB_product_to_category` (`product_id`, `category_id`, `main_category`) VALUES ('41', '45', '0');
INSERT INTO `PREFIX_DB_product_to_category` (`product_id`, `category_id`, `main_category`) VALUES ('41', '121', '0');
INSERT INTO `PREFIX_DB_product_to_category` (`product_id`, `category_id`, `main_category`) VALUES ('41', '100', '0');
INSERT INTO `PREFIX_DB_product_to_category` (`product_id`, `category_id`, `main_category`) VALUES ('41', '103', '0');
INSERT INTO `PREFIX_DB_product_to_category` (`product_id`, `category_id`, `main_category`) VALUES ('41', '90', '0');
INSERT INTO `PREFIX_DB_product_to_category` (`product_id`, `category_id`, `main_category`) VALUES ('41', '32', '0');
INSERT INTO `PREFIX_DB_product_to_category` (`product_id`, `category_id`, `main_category`) VALUES ('41', '94', '0');
INSERT INTO `PREFIX_DB_product_to_category` (`product_id`, `category_id`, `main_category`) VALUES ('41', '112', '0');
INSERT INTO `PREFIX_DB_product_to_category` (`product_id`, `category_id`, `main_category`) VALUES ('41', '67', '0');
INSERT INTO `PREFIX_DB_product_to_category` (`product_id`, `category_id`, `main_category`) VALUES ('41', '113', '0');
INSERT INTO `PREFIX_DB_product_to_category` (`product_id`, `category_id`, `main_category`) VALUES ('41', '62', '0');
INSERT INTO `PREFIX_DB_product_to_category` (`product_id`, `category_id`, `main_category`) VALUES ('41', '108', '0');
INSERT INTO `PREFIX_DB_product_to_category` (`product_id`, `category_id`, `main_category`) VALUES ('41', '66', '0');
INSERT INTO `PREFIX_DB_product_to_category` (`product_id`, `category_id`, `main_category`) VALUES ('41', '78', '0');
INSERT INTO `PREFIX_DB_product_to_category` (`product_id`, `category_id`, `main_category`) VALUES ('41', '120', '0');
INSERT INTO `PREFIX_DB_product_to_category` (`product_id`, `category_id`, `main_category`) VALUES ('41', '97', '0');
INSERT INTO `PREFIX_DB_product_to_category` (`product_id`, `category_id`, `main_category`) VALUES ('41', '106', '0');
INSERT INTO `PREFIX_DB_product_to_category` (`product_id`, `category_id`, `main_category`) VALUES ('41', '109', '0');
INSERT INTO `PREFIX_DB_product_to_category` (`product_id`, `category_id`, `main_category`) VALUES ('41', '60', '0');
INSERT INTO `PREFIX_DB_product_to_category` (`product_id`, `category_id`, `main_category`) VALUES ('41', '91', '0');
INSERT INTO `PREFIX_DB_product_to_category` (`product_id`, `category_id`, `main_category`) VALUES ('49', '109', '0');
INSERT INTO `PREFIX_DB_product_to_category` (`product_id`, `category_id`, `main_category`) VALUES ('41', '123', '0');
INSERT INTO `PREFIX_DB_product_to_category` (`product_id`, `category_id`, `main_category`) VALUES ('41', '88', '0');
INSERT INTO `PREFIX_DB_product_to_category` (`product_id`, `category_id`, `main_category`) VALUES ('41', '104', '0');
INSERT INTO `PREFIX_DB_product_to_category` (`product_id`, `category_id`, `main_category`) VALUES ('41', '63', '0');
INSERT INTO `PREFIX_DB_product_to_category` (`product_id`, `category_id`, `main_category`) VALUES ('41', '68', '0');
INSERT INTO `PREFIX_DB_product_to_category` (`product_id`, `category_id`, `main_category`) VALUES ('41', '101', '0');
INSERT INTO `PREFIX_DB_product_to_category` (`product_id`, `category_id`, `main_category`) VALUES ('41', '71', '0');
INSERT INTO `PREFIX_DB_product_to_category` (`product_id`, `category_id`, `main_category`) VALUES ('41', '69', '0');
INSERT INTO `PREFIX_DB_product_to_category` (`product_id`, `category_id`, `main_category`) VALUES ('41', '72', '0');
INSERT INTO `PREFIX_DB_product_to_category` (`product_id`, `category_id`, `main_category`) VALUES ('41', '89', '0');
INSERT INTO `PREFIX_DB_product_to_category` (`product_id`, `category_id`, `main_category`) VALUES ('41', '24', '0');
INSERT INTO `PREFIX_DB_product_to_category` (`product_id`, `category_id`, `main_category`) VALUES ('41', '33', '0');
INSERT INTO `PREFIX_DB_product_to_category` (`product_id`, `category_id`, `main_category`) VALUES ('41', '76', '0');
INSERT INTO `PREFIX_DB_product_to_category` (`product_id`, `category_id`, `main_category`) VALUES ('41', '25', '1');
INSERT INTO `PREFIX_DB_product_to_category` (`product_id`, `category_id`, `main_category`) VALUES ('41', '119', '0');
INSERT INTO `PREFIX_DB_product_to_category` (`product_id`, `category_id`, `main_category`) VALUES ('41', '129', '0');
INSERT INTO `PREFIX_DB_product_to_category` (`product_id`, `category_id`, `main_category`) VALUES ('41', '95', '0');
INSERT INTO `PREFIX_DB_product_to_category` (`product_id`, `category_id`, `main_category`) VALUES ('41', '96', '0');
INSERT INTO `PREFIX_DB_product_to_category` (`product_id`, `category_id`, `main_category`) VALUES ('41', '73', '0');
INSERT INTO `PREFIX_DB_product_to_category` (`product_id`, `category_id`, `main_category`) VALUES ('41', '117', '0');
INSERT INTO `PREFIX_DB_product_to_category` (`product_id`, `category_id`, `main_category`) VALUES ('41', '61', '0');
INSERT INTO `PREFIX_DB_product_to_category` (`product_id`, `category_id`, `main_category`) VALUES ('28', '90', '0');
INSERT INTO `PREFIX_DB_product_to_category` (`product_id`, `category_id`, `main_category`) VALUES ('28', '74', '0');
INSERT INTO `PREFIX_DB_product_to_category` (`product_id`, `category_id`, `main_category`) VALUES ('28', '103', '0');
INSERT INTO `PREFIX_DB_product_to_category` (`product_id`, `category_id`, `main_category`) VALUES ('28', '104', '0');
INSERT INTO `PREFIX_DB_product_to_category` (`product_id`, `category_id`, `main_category`) VALUES ('28', '25', '1');
INSERT INTO `PREFIX_DB_product_to_category` (`product_id`, `category_id`, `main_category`) VALUES ('28', '24', '0');
INSERT INTO `PREFIX_DB_product_to_category` (`product_id`, `category_id`, `main_category`) VALUES ('28', '71', '0');
INSERT INTO `PREFIX_DB_product_to_category` (`product_id`, `category_id`, `main_category`) VALUES ('28', '95', '0');
INSERT INTO `PREFIX_DB_product_to_category` (`product_id`, `category_id`, `main_category`) VALUES ('28', '46', '0');
INSERT INTO `PREFIX_DB_product_to_category` (`product_id`, `category_id`, `main_category`) VALUES ('28', '98', '0');
INSERT INTO `PREFIX_DB_product_to_category` (`product_id`, `category_id`, `main_category`) VALUES ('28', '59', '0');
INSERT INTO `PREFIX_DB_product_to_category` (`product_id`, `category_id`, `main_category`) VALUES ('28', '33', '0');
INSERT INTO `PREFIX_DB_product_to_category` (`product_id`, `category_id`, `main_category`) VALUES ('28', '117', '0');
INSERT INTO `PREFIX_DB_product_to_category` (`product_id`, `category_id`, `main_category`) VALUES ('28', '116', '0');
INSERT INTO `PREFIX_DB_product_to_category` (`product_id`, `category_id`, `main_category`) VALUES ('28', '60', '0');
INSERT INTO `PREFIX_DB_product_to_category` (`product_id`, `category_id`, `main_category`) VALUES ('28', '121', '0');
INSERT INTO `PREFIX_DB_product_to_category` (`product_id`, `category_id`, `main_category`) VALUES ('28', '130', '0');
INSERT INTO `PREFIX_DB_product_to_category` (`product_id`, `category_id`, `main_category`) VALUES ('28', '77', '0');
INSERT INTO `PREFIX_DB_product_to_category` (`product_id`, `category_id`, `main_category`) VALUES ('28', '72', '0');
INSERT INTO `PREFIX_DB_product_to_category` (`product_id`, `category_id`, `main_category`) VALUES ('28', '88', '0');
INSERT INTO `PREFIX_DB_product_to_category` (`product_id`, `category_id`, `main_category`) VALUES ('28', '65', '0');
INSERT INTO `PREFIX_DB_product_to_category` (`product_id`, `category_id`, `main_category`) VALUES ('28', '62', '0');
INSERT INTO `PREFIX_DB_product_to_category` (`product_id`, `category_id`, `main_category`) VALUES ('28', '94', '0');
INSERT INTO `PREFIX_DB_product_to_category` (`product_id`, `category_id`, `main_category`) VALUES ('28', '115', '0');
INSERT INTO `PREFIX_DB_product_to_category` (`product_id`, `category_id`, `main_category`) VALUES ('28', '61', '0');
INSERT INTO `PREFIX_DB_product_to_category` (`product_id`, `category_id`, `main_category`) VALUES ('28', '76', '0');
INSERT INTO `PREFIX_DB_product_to_category` (`product_id`, `category_id`, `main_category`) VALUES ('28', '63', '0');
INSERT INTO `PREFIX_DB_product_to_category` (`product_id`, `category_id`, `main_category`) VALUES ('28', '79', '0');
INSERT INTO `PREFIX_DB_product_to_category` (`product_id`, `category_id`, `main_category`) VALUES ('28', '129', '0');
INSERT INTO `PREFIX_DB_product_to_category` (`product_id`, `category_id`, `main_category`) VALUES ('28', '34', '0');
INSERT INTO `PREFIX_DB_product_to_category` (`product_id`, `category_id`, `main_category`) VALUES ('28', '69', '0');
INSERT INTO `PREFIX_DB_product_to_category` (`product_id`, `category_id`, `main_category`) VALUES ('28', '92', '0');
INSERT INTO `PREFIX_DB_product_to_category` (`product_id`, `category_id`, `main_category`) VALUES ('28', '122', '0');
INSERT INTO `PREFIX_DB_product_to_category` (`product_id`, `category_id`, `main_category`) VALUES ('28', '89', '0');
INSERT INTO `PREFIX_DB_product_to_category` (`product_id`, `category_id`, `main_category`) VALUES ('28', '67', '0');
INSERT INTO `PREFIX_DB_product_to_category` (`product_id`, `category_id`, `main_category`) VALUES ('28', '70', '0');
INSERT INTO `PREFIX_DB_product_to_category` (`product_id`, `category_id`, `main_category`) VALUES ('28', '68', '0');
INSERT INTO `PREFIX_DB_product_to_category` (`product_id`, `category_id`, `main_category`) VALUES ('28', '113', '0');
INSERT INTO `PREFIX_DB_product_to_category` (`product_id`, `category_id`, `main_category`) VALUES ('28', '96', '0');
INSERT INTO `PREFIX_DB_product_to_category` (`product_id`, `category_id`, `main_category`) VALUES ('28', '114', '0');
INSERT INTO `PREFIX_DB_product_to_category` (`product_id`, `category_id`, `main_category`) VALUES ('28', '64', '0');
INSERT INTO `PREFIX_DB_product_to_category` (`product_id`, `category_id`, `main_category`) VALUES ('33', '119', '0');
INSERT INTO `PREFIX_DB_product_to_category` (`product_id`, `category_id`, `main_category`) VALUES ('28', '120', '0');
INSERT INTO `PREFIX_DB_product_to_category` (`product_id`, `category_id`, `main_category`) VALUES ('28', '102', '0');
INSERT INTO `PREFIX_DB_product_to_category` (`product_id`, `category_id`, `main_category`) VALUES ('28', '106', '0');
INSERT INTO `PREFIX_DB_product_to_category` (`product_id`, `category_id`, `main_category`) VALUES ('28', '18', '0');
INSERT INTO `PREFIX_DB_product_to_category` (`product_id`, `category_id`, `main_category`) VALUES ('28', '101', '0');
INSERT INTO `PREFIX_DB_product_to_category` (`product_id`, `category_id`, `main_category`) VALUES ('28', '105', '0');
INSERT INTO `PREFIX_DB_product_to_category` (`product_id`, `category_id`, `main_category`) VALUES ('28', '97', '0');
INSERT INTO `PREFIX_DB_product_to_category` (`product_id`, `category_id`, `main_category`) VALUES ('28', '73', '0');
INSERT INTO `PREFIX_DB_product_to_category` (`product_id`, `category_id`, `main_category`) VALUES ('28', '112', '0');
INSERT INTO `PREFIX_DB_product_to_category` (`product_id`, `category_id`, `main_category`) VALUES ('28', '91', '0');
INSERT INTO `PREFIX_DB_product_to_category` (`product_id`, `category_id`, `main_category`) VALUES ('28', '109', '0');
INSERT INTO `PREFIX_DB_product_to_category` (`product_id`, `category_id`, `main_category`) VALUES ('28', '108', '0');
INSERT INTO `PREFIX_DB_product_to_category` (`product_id`, `category_id`, `main_category`) VALUES ('28', '75', '0');
INSERT INTO `PREFIX_DB_product_to_category` (`product_id`, `category_id`, `main_category`) VALUES ('28', '66', '0');
INSERT INTO `PREFIX_DB_product_to_category` (`product_id`, `category_id`, `main_category`) VALUES ('28', '20', '0');
INSERT INTO `PREFIX_DB_product_to_category` (`product_id`, `category_id`, `main_category`) VALUES ('28', '107', '0');
INSERT INTO `PREFIX_DB_product_to_category` (`product_id`, `category_id`, `main_category`) VALUES ('28', '32', '0');
INSERT INTO `PREFIX_DB_product_to_category` (`product_id`, `category_id`, `main_category`) VALUES ('28', '100', '0');
INSERT INTO `PREFIX_DB_product_to_category` (`product_id`, `category_id`, `main_category`) VALUES ('28', '123', '0');
INSERT INTO `PREFIX_DB_product_to_category` (`product_id`, `category_id`, `main_category`) VALUES ('28', '111', '0');
INSERT INTO `PREFIX_DB_product_to_category` (`product_id`, `category_id`, `main_category`) VALUES ('28', '119', '0');
INSERT INTO `PREFIX_DB_product_to_category` (`product_id`, `category_id`, `main_category`) VALUES ('28', '45', '0');
INSERT INTO `PREFIX_DB_product_to_category` (`product_id`, `category_id`, `main_category`) VALUES ('28', '118', '0');
INSERT INTO `PREFIX_DB_product_to_category` (`product_id`, `category_id`, `main_category`) VALUES ('28', '93', '0');
INSERT INTO `PREFIX_DB_product_to_category` (`product_id`, `category_id`, `main_category`) VALUES ('28', '78', '0');
INSERT INTO `PREFIX_DB_product_to_category` (`product_id`, `category_id`, `main_category`) VALUES ('47', '123', '0');
INSERT INTO `PREFIX_DB_product_to_category` (`product_id`, `category_id`, `main_category`) VALUES ('47', '71', '0');
INSERT INTO `PREFIX_DB_product_to_category` (`product_id`, `category_id`, `main_category`) VALUES ('47', '100', '0');
INSERT INTO `PREFIX_DB_product_to_category` (`product_id`, `category_id`, `main_category`) VALUES ('47', '122', '0');
INSERT INTO `PREFIX_DB_product_to_category` (`product_id`, `category_id`, `main_category`) VALUES ('47', '45', '0');
INSERT INTO `PREFIX_DB_product_to_category` (`product_id`, `category_id`, `main_category`) VALUES ('47', '98', '0');
INSERT INTO `PREFIX_DB_product_to_category` (`product_id`, `category_id`, `main_category`) VALUES ('47', '92', '0');
INSERT INTO `PREFIX_DB_product_to_category` (`product_id`, `category_id`, `main_category`) VALUES ('47', '64', '0');
INSERT INTO `PREFIX_DB_product_to_category` (`product_id`, `category_id`, `main_category`) VALUES ('47', '95', '0');
INSERT INTO `PREFIX_DB_product_to_category` (`product_id`, `category_id`, `main_category`) VALUES ('47', '67', '0');
INSERT INTO `PREFIX_DB_product_to_category` (`product_id`, `category_id`, `main_category`) VALUES ('47', '65', '0');
INSERT INTO `PREFIX_DB_product_to_category` (`product_id`, `category_id`, `main_category`) VALUES ('47', '114', '0');
INSERT INTO `PREFIX_DB_product_to_category` (`product_id`, `category_id`, `main_category`) VALUES ('47', '46', '0');
INSERT INTO `PREFIX_DB_product_to_category` (`product_id`, `category_id`, `main_category`) VALUES ('47', '68', '0');
INSERT INTO `PREFIX_DB_product_to_category` (`product_id`, `category_id`, `main_category`) VALUES ('47', '94', '0');
INSERT INTO `PREFIX_DB_product_to_category` (`product_id`, `category_id`, `main_category`) VALUES ('47', '60', '0');
INSERT INTO `PREFIX_DB_product_to_category` (`product_id`, `category_id`, `main_category`) VALUES ('47', '20', '0');
INSERT INTO `PREFIX_DB_product_to_category` (`product_id`, `category_id`, `main_category`) VALUES ('47', '104', '0');
INSERT INTO `PREFIX_DB_product_to_category` (`product_id`, `category_id`, `main_category`) VALUES ('47', '97', '0');
INSERT INTO `PREFIX_DB_product_to_category` (`product_id`, `category_id`, `main_category`) VALUES ('47', '77', '0');
INSERT INTO `PREFIX_DB_product_to_category` (`product_id`, `category_id`, `main_category`) VALUES ('47', '59', '0');
INSERT INTO `PREFIX_DB_product_to_category` (`product_id`, `category_id`, `main_category`) VALUES ('47', '74', '0');
INSERT INTO `PREFIX_DB_product_to_category` (`product_id`, `category_id`, `main_category`) VALUES ('47', '18', '0');
INSERT INTO `PREFIX_DB_product_to_category` (`product_id`, `category_id`, `main_category`) VALUES ('47', '91', '0');
INSERT INTO `PREFIX_DB_product_to_category` (`product_id`, `category_id`, `main_category`) VALUES ('47', '24', '0');
INSERT INTO `PREFIX_DB_product_to_category` (`product_id`, `category_id`, `main_category`) VALUES ('47', '115', '0');
INSERT INTO `PREFIX_DB_product_to_category` (`product_id`, `category_id`, `main_category`) VALUES ('47', '76', '0');
INSERT INTO `PREFIX_DB_product_to_category` (`product_id`, `category_id`, `main_category`) VALUES ('47', '103', '0');
INSERT INTO `PREFIX_DB_product_to_category` (`product_id`, `category_id`, `main_category`) VALUES ('47', '113', '0');
INSERT INTO `PREFIX_DB_product_to_category` (`product_id`, `category_id`, `main_category`) VALUES ('47', '69', '0');
INSERT INTO `PREFIX_DB_product_to_category` (`product_id`, `category_id`, `main_category`) VALUES ('47', '33', '0');
INSERT INTO `PREFIX_DB_product_to_category` (`product_id`, `category_id`, `main_category`) VALUES ('47', '63', '0');
INSERT INTO `PREFIX_DB_product_to_category` (`product_id`, `category_id`, `main_category`) VALUES ('47', '118', '0');
INSERT INTO `PREFIX_DB_product_to_category` (`product_id`, `category_id`, `main_category`) VALUES ('47', '32', '0');
INSERT INTO `PREFIX_DB_product_to_category` (`product_id`, `category_id`, `main_category`) VALUES ('47', '73', '0');
INSERT INTO `PREFIX_DB_product_to_category` (`product_id`, `category_id`, `main_category`) VALUES ('47', '107', '0');
INSERT INTO `PREFIX_DB_product_to_category` (`product_id`, `category_id`, `main_category`) VALUES ('47', '79', '0');
INSERT INTO `PREFIX_DB_product_to_category` (`product_id`, `category_id`, `main_category`) VALUES ('47', '70', '0');
INSERT INTO `PREFIX_DB_product_to_category` (`product_id`, `category_id`, `main_category`) VALUES ('47', '66', '0');
INSERT INTO `PREFIX_DB_product_to_category` (`product_id`, `category_id`, `main_category`) VALUES ('47', '96', '0');
INSERT INTO `PREFIX_DB_product_to_category` (`product_id`, `category_id`, `main_category`) VALUES ('47', '72', '0');
INSERT INTO `PREFIX_DB_product_to_category` (`product_id`, `category_id`, `main_category`) VALUES ('43', '91', '0');
INSERT INTO `PREFIX_DB_product_to_category` (`product_id`, `category_id`, `main_category`) VALUES ('47', '90', '0');
INSERT INTO `PREFIX_DB_product_to_category` (`product_id`, `category_id`, `main_category`) VALUES ('47', '120', '0');
INSERT INTO `PREFIX_DB_product_to_category` (`product_id`, `category_id`, `main_category`) VALUES ('47', '102', '0');
INSERT INTO `PREFIX_DB_product_to_category` (`product_id`, `category_id`, `main_category`) VALUES ('47', '106', '0');
INSERT INTO `PREFIX_DB_product_to_category` (`product_id`, `category_id`, `main_category`) VALUES ('47', '101', '0');
INSERT INTO `PREFIX_DB_product_to_category` (`product_id`, `category_id`, `main_category`) VALUES ('47', '88', '0');
INSERT INTO `PREFIX_DB_product_to_category` (`product_id`, `category_id`, `main_category`) VALUES ('47', '75', '0');
INSERT INTO `PREFIX_DB_product_to_category` (`product_id`, `category_id`, `main_category`) VALUES ('47', '25', '1');
INSERT INTO `PREFIX_DB_product_to_category` (`product_id`, `category_id`, `main_category`) VALUES ('47', '121', '0');
INSERT INTO `PREFIX_DB_product_to_category` (`product_id`, `category_id`, `main_category`) VALUES ('47', '89', '0');
INSERT INTO `PREFIX_DB_product_to_category` (`product_id`, `category_id`, `main_category`) VALUES ('47', '117', '0');
INSERT INTO `PREFIX_DB_product_to_category` (`product_id`, `category_id`, `main_category`) VALUES ('47', '105', '0');
INSERT INTO `PREFIX_DB_product_to_category` (`product_id`, `category_id`, `main_category`) VALUES ('47', '62', '0');
INSERT INTO `PREFIX_DB_product_to_category` (`product_id`, `category_id`, `main_category`) VALUES ('47', '34', '0');
INSERT INTO `PREFIX_DB_product_to_category` (`product_id`, `category_id`, `main_category`) VALUES ('47', '61', '0');
INSERT INTO `PREFIX_DB_product_to_category` (`product_id`, `category_id`, `main_category`) VALUES ('47', '78', '0');
INSERT INTO `PREFIX_DB_product_to_category` (`product_id`, `category_id`, `main_category`) VALUES ('47', '110', '0');
INSERT INTO `PREFIX_DB_product_to_category` (`product_id`, `category_id`, `main_category`) VALUES ('47', '129', '0');
INSERT INTO `PREFIX_DB_product_to_category` (`product_id`, `category_id`, `main_category`) VALUES ('47', '93', '0');
INSERT INTO `PREFIX_DB_product_to_category` (`product_id`, `category_id`, `main_category`) VALUES ('47', '109', '0');
INSERT INTO `PREFIX_DB_product_to_category` (`product_id`, `category_id`, `main_category`) VALUES ('47', '111', '0');
INSERT INTO `PREFIX_DB_product_to_category` (`product_id`, `category_id`, `main_category`) VALUES ('47', '116', '0');
INSERT INTO `PREFIX_DB_product_to_category` (`product_id`, `category_id`, `main_category`) VALUES ('47', '130', '0');
INSERT INTO `PREFIX_DB_product_to_category` (`product_id`, `category_id`, `main_category`) VALUES ('47', '112', '0');
INSERT INTO `PREFIX_DB_product_to_category` (`product_id`, `category_id`, `main_category`) VALUES ('47', '108', '0');
INSERT INTO `PREFIX_DB_product_to_category` (`product_id`, `category_id`, `main_category`) VALUES ('30', '108', '0');
INSERT INTO `PREFIX_DB_product_to_category` (`product_id`, `category_id`, `main_category`) VALUES ('30', '105', '0');
INSERT INTO `PREFIX_DB_product_to_category` (`product_id`, `category_id`, `main_category`) VALUES ('30', '100', '0');
INSERT INTO `PREFIX_DB_product_to_category` (`product_id`, `category_id`, `main_category`) VALUES ('30', '46', '0');
INSERT INTO `PREFIX_DB_product_to_category` (`product_id`, `category_id`, `main_category`) VALUES ('30', '95', '0');
INSERT INTO `PREFIX_DB_product_to_category` (`product_id`, `category_id`, `main_category`) VALUES ('30', '119', '0');
INSERT INTO `PREFIX_DB_product_to_category` (`product_id`, `category_id`, `main_category`) VALUES ('30', '118', '0');
INSERT INTO `PREFIX_DB_product_to_category` (`product_id`, `category_id`, `main_category`) VALUES ('30', '70', '0');
INSERT INTO `PREFIX_DB_product_to_category` (`product_id`, `category_id`, `main_category`) VALUES ('30', '64', '0');
INSERT INTO `PREFIX_DB_product_to_category` (`product_id`, `category_id`, `main_category`) VALUES ('30', '112', '0');
INSERT INTO `PREFIX_DB_product_to_category` (`product_id`, `category_id`, `main_category`) VALUES ('30', '68', '0');
INSERT INTO `PREFIX_DB_product_to_category` (`product_id`, `category_id`, `main_category`) VALUES ('30', '96', '0');
INSERT INTO `PREFIX_DB_product_to_category` (`product_id`, `category_id`, `main_category`) VALUES ('30', '104', '0');
INSERT INTO `PREFIX_DB_product_to_category` (`product_id`, `category_id`, `main_category`) VALUES ('30', '34', '0');
INSERT INTO `PREFIX_DB_product_to_category` (`product_id`, `category_id`, `main_category`) VALUES ('30', '65', '0');
INSERT INTO `PREFIX_DB_product_to_category` (`product_id`, `category_id`, `main_category`) VALUES ('30', '71', '0');
INSERT INTO `PREFIX_DB_product_to_category` (`product_id`, `category_id`, `main_category`) VALUES ('30', '75', '0');
INSERT INTO `PREFIX_DB_product_to_category` (`product_id`, `category_id`, `main_category`) VALUES ('30', '130', '0');
INSERT INTO `PREFIX_DB_product_to_category` (`product_id`, `category_id`, `main_category`) VALUES ('30', '106', '0');
INSERT INTO `PREFIX_DB_product_to_category` (`product_id`, `category_id`, `main_category`) VALUES ('30', '113', '0');
INSERT INTO `PREFIX_DB_product_to_category` (`product_id`, `category_id`, `main_category`) VALUES ('30', '117', '0');
INSERT INTO `PREFIX_DB_product_to_category` (`product_id`, `category_id`, `main_category`) VALUES ('30', '24', '0');
INSERT INTO `PREFIX_DB_product_to_category` (`product_id`, `category_id`, `main_category`) VALUES ('30', '72', '0');
INSERT INTO `PREFIX_DB_product_to_category` (`product_id`, `category_id`, `main_category`) VALUES ('30', '101', '0');
INSERT INTO `PREFIX_DB_product_to_category` (`product_id`, `category_id`, `main_category`) VALUES ('30', '62', '0');
INSERT INTO `PREFIX_DB_product_to_category` (`product_id`, `category_id`, `main_category`) VALUES ('30', '76', '0');
INSERT INTO `PREFIX_DB_product_to_category` (`product_id`, `category_id`, `main_category`) VALUES ('30', '93', '0');
INSERT INTO `PREFIX_DB_product_to_category` (`product_id`, `category_id`, `main_category`) VALUES ('30', '103', '0');
INSERT INTO `PREFIX_DB_product_to_category` (`product_id`, `category_id`, `main_category`) VALUES ('30', '121', '0');
INSERT INTO `PREFIX_DB_product_to_category` (`product_id`, `category_id`, `main_category`) VALUES ('30', '116', '0');
INSERT INTO `PREFIX_DB_product_to_category` (`product_id`, `category_id`, `main_category`) VALUES ('30', '59', '0');
INSERT INTO `PREFIX_DB_product_to_category` (`product_id`, `category_id`, `main_category`) VALUES ('30', '73', '0');
INSERT INTO `PREFIX_DB_product_to_category` (`product_id`, `category_id`, `main_category`) VALUES ('30', '92', '0');
INSERT INTO `PREFIX_DB_product_to_category` (`product_id`, `category_id`, `main_category`) VALUES ('30', '32', '0');
INSERT INTO `PREFIX_DB_product_to_category` (`product_id`, `category_id`, `main_category`) VALUES ('30', '78', '0');
INSERT INTO `PREFIX_DB_product_to_category` (`product_id`, `category_id`, `main_category`) VALUES ('30', '94', '0');
INSERT INTO `PREFIX_DB_product_to_category` (`product_id`, `category_id`, `main_category`) VALUES ('30', '107', '0');
INSERT INTO `PREFIX_DB_product_to_category` (`product_id`, `category_id`, `main_category`) VALUES ('30', '60', '0');
INSERT INTO `PREFIX_DB_product_to_category` (`product_id`, `category_id`, `main_category`) VALUES ('30', '114', '0');
INSERT INTO `PREFIX_DB_product_to_category` (`product_id`, `category_id`, `main_category`) VALUES ('30', '66', '0');
INSERT INTO `PREFIX_DB_product_to_category` (`product_id`, `category_id`, `main_category`) VALUES ('30', '69', '0');
INSERT INTO `PREFIX_DB_product_to_category` (`product_id`, `category_id`, `main_category`) VALUES ('29', '110', '0');
INSERT INTO `PREFIX_DB_product_to_category` (`product_id`, `category_id`, `main_category`) VALUES ('30', '110', '0');
INSERT INTO `PREFIX_DB_product_to_category` (`product_id`, `category_id`, `main_category`) VALUES ('30', '102', '0');
INSERT INTO `PREFIX_DB_product_to_category` (`product_id`, `category_id`, `main_category`) VALUES ('30', '90', '0');
INSERT INTO `PREFIX_DB_product_to_category` (`product_id`, `category_id`, `main_category`) VALUES ('30', '120', '0');
INSERT INTO `PREFIX_DB_product_to_category` (`product_id`, `category_id`, `main_category`) VALUES ('30', '18', '0');
INSERT INTO `PREFIX_DB_product_to_category` (`product_id`, `category_id`, `main_category`) VALUES ('30', '123', '0');
INSERT INTO `PREFIX_DB_product_to_category` (`product_id`, `category_id`, `main_category`) VALUES ('30', '77', '0');
INSERT INTO `PREFIX_DB_product_to_category` (`product_id`, `category_id`, `main_category`) VALUES ('30', '67', '0');
INSERT INTO `PREFIX_DB_product_to_category` (`product_id`, `category_id`, `main_category`) VALUES ('30', '20', '0');
INSERT INTO `PREFIX_DB_product_to_category` (`product_id`, `category_id`, `main_category`) VALUES ('30', '111', '0');
INSERT INTO `PREFIX_DB_product_to_category` (`product_id`, `category_id`, `main_category`) VALUES ('30', '61', '0');
INSERT INTO `PREFIX_DB_product_to_category` (`product_id`, `category_id`, `main_category`) VALUES ('30', '25', '1');
INSERT INTO `PREFIX_DB_product_to_category` (`product_id`, `category_id`, `main_category`) VALUES ('30', '63', '0');
INSERT INTO `PREFIX_DB_product_to_category` (`product_id`, `category_id`, `main_category`) VALUES ('44', '46', '0');
INSERT INTO `PREFIX_DB_product_to_category` (`product_id`, `category_id`, `main_category`) VALUES ('30', '129', '0');
INSERT INTO `PREFIX_DB_product_to_category` (`product_id`, `category_id`, `main_category`) VALUES ('30', '97', '0');
INSERT INTO `PREFIX_DB_product_to_category` (`product_id`, `category_id`, `main_category`) VALUES ('30', '109', '0');
INSERT INTO `PREFIX_DB_product_to_category` (`product_id`, `category_id`, `main_category`) VALUES ('30', '74', '0');
INSERT INTO `PREFIX_DB_product_to_category` (`product_id`, `category_id`, `main_category`) VALUES ('30', '79', '0');
INSERT INTO `PREFIX_DB_product_to_category` (`product_id`, `category_id`, `main_category`) VALUES ('30', '115', '0');
INSERT INTO `PREFIX_DB_product_to_category` (`product_id`, `category_id`, `main_category`) VALUES ('30', '122', '0');
INSERT INTO `PREFIX_DB_product_to_category` (`product_id`, `category_id`, `main_category`) VALUES ('30', '89', '0');
INSERT INTO `PREFIX_DB_product_to_category` (`product_id`, `category_id`, `main_category`) VALUES ('30', '88', '0');
INSERT INTO `PREFIX_DB_product_to_category` (`product_id`, `category_id`, `main_category`) VALUES ('30', '33', '0');
INSERT INTO `PREFIX_DB_product_to_category` (`product_id`, `category_id`, `main_category`) VALUES ('30', '45', '0');
INSERT INTO `PREFIX_DB_product_to_category` (`product_id`, `category_id`, `main_category`) VALUES ('30', '98', '0');
INSERT INTO `PREFIX_DB_product_to_category` (`product_id`, `category_id`, `main_category`) VALUES ('43', '73', '0');
INSERT INTO `PREFIX_DB_product_to_category` (`product_id`, `category_id`, `main_category`) VALUES ('44', '90', '0');
INSERT INTO `PREFIX_DB_product_to_category` (`product_id`, `category_id`, `main_category`) VALUES ('43', '93', '0');
INSERT INTO `PREFIX_DB_product_to_category` (`product_id`, `category_id`, `main_category`) VALUES ('44', '103', '0');
INSERT INTO `PREFIX_DB_product_to_category` (`product_id`, `category_id`, `main_category`) VALUES ('44', '112', '0');
INSERT INTO `PREFIX_DB_product_to_category` (`product_id`, `category_id`, `main_category`) VALUES ('44', '79', '0');
INSERT INTO `PREFIX_DB_product_to_category` (`product_id`, `category_id`, `main_category`) VALUES ('43', '123', '0');
INSERT INTO `PREFIX_DB_product_to_category` (`product_id`, `category_id`, `main_category`) VALUES ('44', '95', '0');
INSERT INTO `PREFIX_DB_product_to_category` (`product_id`, `category_id`, `main_category`) VALUES ('44', '130', '0');
INSERT INTO `PREFIX_DB_product_to_category` (`product_id`, `category_id`, `main_category`) VALUES ('44', '33', '0');
INSERT INTO `PREFIX_DB_product_to_category` (`product_id`, `category_id`, `main_category`) VALUES ('43', '88', '0');
INSERT INTO `PREFIX_DB_product_to_category` (`product_id`, `category_id`, `main_category`) VALUES ('43', '77', '0');
INSERT INTO `PREFIX_DB_product_to_category` (`product_id`, `category_id`, `main_category`) VALUES ('43', '60', '0');
INSERT INTO `PREFIX_DB_product_to_category` (`product_id`, `category_id`, `main_category`) VALUES ('43', '121', '0');
INSERT INTO `PREFIX_DB_product_to_category` (`product_id`, `category_id`, `main_category`) VALUES ('44', '72', '0');
INSERT INTO `PREFIX_DB_product_to_category` (`product_id`, `category_id`, `main_category`) VALUES ('44', '120', '0');
INSERT INTO `PREFIX_DB_product_to_category` (`product_id`, `category_id`, `main_category`) VALUES ('43', '112', '0');
INSERT INTO `PREFIX_DB_product_to_category` (`product_id`, `category_id`, `main_category`) VALUES ('44', '111', '0');
INSERT INTO `PREFIX_DB_product_to_category` (`product_id`, `category_id`, `main_category`) VALUES ('44', '25', '1');
INSERT INTO `PREFIX_DB_product_to_category` (`product_id`, `category_id`, `main_category`) VALUES ('44', '91', '0');
INSERT INTO `PREFIX_DB_product_to_category` (`product_id`, `category_id`, `main_category`) VALUES ('44', '115', '0');
INSERT INTO `PREFIX_DB_product_to_category` (`product_id`, `category_id`, `main_category`) VALUES ('44', '24', '0');
INSERT INTO `PREFIX_DB_product_to_category` (`product_id`, `category_id`, `main_category`) VALUES ('44', '73', '0');
INSERT INTO `PREFIX_DB_product_to_category` (`product_id`, `category_id`, `main_category`) VALUES ('44', '116', '0');
INSERT INTO `PREFIX_DB_product_to_category` (`product_id`, `category_id`, `main_category`) VALUES ('44', '119', '0');
INSERT INTO `PREFIX_DB_product_to_category` (`product_id`, `category_id`, `main_category`) VALUES ('44', '76', '0');
INSERT INTO `PREFIX_DB_product_to_category` (`product_id`, `category_id`, `main_category`) VALUES ('44', '63', '0');
INSERT INTO `PREFIX_DB_product_to_category` (`product_id`, `category_id`, `main_category`) VALUES ('44', '98', '0');
INSERT INTO `PREFIX_DB_product_to_category` (`product_id`, `category_id`, `main_category`) VALUES ('44', '71', '0');
INSERT INTO `PREFIX_DB_product_to_category` (`product_id`, `category_id`, `main_category`) VALUES ('44', '74', '0');
INSERT INTO `PREFIX_DB_product_to_category` (`product_id`, `category_id`, `main_category`) VALUES ('44', '105', '0');
INSERT INTO `PREFIX_DB_product_to_category` (`product_id`, `category_id`, `main_category`) VALUES ('44', '129', '0');
INSERT INTO `PREFIX_DB_product_to_category` (`product_id`, `category_id`, `main_category`) VALUES ('44', '34', '0');
INSERT INTO `PREFIX_DB_product_to_category` (`product_id`, `category_id`, `main_category`) VALUES ('44', '67', '0');
INSERT INTO `PREFIX_DB_product_to_category` (`product_id`, `category_id`, `main_category`) VALUES ('44', '104', '0');
INSERT INTO `PREFIX_DB_product_to_category` (`product_id`, `category_id`, `main_category`) VALUES ('44', '94', '0');
INSERT INTO `PREFIX_DB_product_to_category` (`product_id`, `category_id`, `main_category`) VALUES ('44', '65', '0');
INSERT INTO `PREFIX_DB_product_to_category` (`product_id`, `category_id`, `main_category`) VALUES ('44', '66', '0');
INSERT INTO `PREFIX_DB_product_to_category` (`product_id`, `category_id`, `main_category`) VALUES ('44', '20', '0');
INSERT INTO `PREFIX_DB_product_to_category` (`product_id`, `category_id`, `main_category`) VALUES ('44', '64', '0');
INSERT INTO `PREFIX_DB_product_to_category` (`product_id`, `category_id`, `main_category`) VALUES ('44', '97', '0');
INSERT INTO `PREFIX_DB_product_to_category` (`product_id`, `category_id`, `main_category`) VALUES ('44', '75', '0');
INSERT INTO `PREFIX_DB_product_to_category` (`product_id`, `category_id`, `main_category`) VALUES ('44', '69', '0');
INSERT INTO `PREFIX_DB_product_to_category` (`product_id`, `category_id`, `main_category`) VALUES ('44', '114', '0');
INSERT INTO `PREFIX_DB_product_to_category` (`product_id`, `category_id`, `main_category`) VALUES ('44', '96', '0');
INSERT INTO `PREFIX_DB_product_to_category` (`product_id`, `category_id`, `main_category`) VALUES ('44', '108', '0');
INSERT INTO `PREFIX_DB_product_to_category` (`product_id`, `category_id`, `main_category`) VALUES ('44', '109', '0');
INSERT INTO `PREFIX_DB_product_to_category` (`product_id`, `category_id`, `main_category`) VALUES ('44', '92', '0');
INSERT INTO `PREFIX_DB_product_to_category` (`product_id`, `category_id`, `main_category`) VALUES ('44', '89', '0');
INSERT INTO `PREFIX_DB_product_to_category` (`product_id`, `category_id`, `main_category`) VALUES ('44', '101', '0');
INSERT INTO `PREFIX_DB_product_to_category` (`product_id`, `category_id`, `main_category`) VALUES ('44', '88', '0');
INSERT INTO `PREFIX_DB_product_to_category` (`product_id`, `category_id`, `main_category`) VALUES ('44', '62', '0');
INSERT INTO `PREFIX_DB_product_to_category` (`product_id`, `category_id`, `main_category`) VALUES ('45', '92', '0');
INSERT INTO `PREFIX_DB_product_to_category` (`product_id`, `category_id`, `main_category`) VALUES ('45', '88', '0');
INSERT INTO `PREFIX_DB_product_to_category` (`product_id`, `category_id`, `main_category`) VALUES ('45', '33', '0');
INSERT INTO `PREFIX_DB_product_to_category` (`product_id`, `category_id`, `main_category`) VALUES ('45', '62', '0');
INSERT INTO `PREFIX_DB_product_to_category` (`product_id`, `category_id`, `main_category`) VALUES ('45', '89', '0');
INSERT INTO `PREFIX_DB_product_to_category` (`product_id`, `category_id`, `main_category`) VALUES ('45', '91', '0');
INSERT INTO `PREFIX_DB_product_to_category` (`product_id`, `category_id`, `main_category`) VALUES ('45', '115', '0');
INSERT INTO `PREFIX_DB_product_to_category` (`product_id`, `category_id`, `main_category`) VALUES ('45', '34', '0');
INSERT INTO `PREFIX_DB_product_to_category` (`product_id`, `category_id`, `main_category`) VALUES ('45', '90', '0');
INSERT INTO `PREFIX_DB_product_to_category` (`product_id`, `category_id`, `main_category`) VALUES ('45', '71', '0');
INSERT INTO `PREFIX_DB_product_to_category` (`product_id`, `category_id`, `main_category`) VALUES ('45', '116', '0');
INSERT INTO `PREFIX_DB_product_to_category` (`product_id`, `category_id`, `main_category`) VALUES ('45', '60', '0');
INSERT INTO `PREFIX_DB_product_to_category` (`product_id`, `category_id`, `main_category`) VALUES ('45', '74', '0');
INSERT INTO `PREFIX_DB_product_to_category` (`product_id`, `category_id`, `main_category`) VALUES ('45', '25', '1');
INSERT INTO `PREFIX_DB_product_to_category` (`product_id`, `category_id`, `main_category`) VALUES ('45', '61', '0');
INSERT INTO `PREFIX_DB_product_to_category` (`product_id`, `category_id`, `main_category`) VALUES ('45', '122', '0');
INSERT INTO `PREFIX_DB_product_to_category` (`product_id`, `category_id`, `main_category`) VALUES ('45', '107', '0');
INSERT INTO `PREFIX_DB_product_to_category` (`product_id`, `category_id`, `main_category`) VALUES ('45', '130', '0');
INSERT INTO `PREFIX_DB_product_to_category` (`product_id`, `category_id`, `main_category`) VALUES ('45', '77', '0');
INSERT INTO `PREFIX_DB_product_to_category` (`product_id`, `category_id`, `main_category`) VALUES ('45', '123', '0');
INSERT INTO `PREFIX_DB_product_to_category` (`product_id`, `category_id`, `main_category`) VALUES ('45', '103', '0');
INSERT INTO `PREFIX_DB_product_to_category` (`product_id`, `category_id`, `main_category`) VALUES ('45', '18', '0');
INSERT INTO `PREFIX_DB_product_to_category` (`product_id`, `category_id`, `main_category`) VALUES ('45', '102', '0');
INSERT INTO `PREFIX_DB_product_to_category` (`product_id`, `category_id`, `main_category`) VALUES ('45', '106', '0');
INSERT INTO `PREFIX_DB_product_to_category` (`product_id`, `category_id`, `main_category`) VALUES ('45', '120', '0');
INSERT INTO `PREFIX_DB_product_to_category` (`product_id`, `category_id`, `main_category`) VALUES ('45', '110', '0');
INSERT INTO `PREFIX_DB_product_to_category` (`product_id`, `category_id`, `main_category`) VALUES ('45', '69', '0');
INSERT INTO `PREFIX_DB_product_to_category` (`product_id`, `category_id`, `main_category`) VALUES ('45', '46', '0');
INSERT INTO `PREFIX_DB_product_to_category` (`product_id`, `category_id`, `main_category`) VALUES ('45', '95', '0');
INSERT INTO `PREFIX_DB_product_to_category` (`product_id`, `category_id`, `main_category`) VALUES ('45', '66', '0');
INSERT INTO `PREFIX_DB_product_to_category` (`product_id`, `category_id`, `main_category`) VALUES ('45', '73', '0');
INSERT INTO `PREFIX_DB_product_to_category` (`product_id`, `category_id`, `main_category`) VALUES ('45', '20', '0');
INSERT INTO `PREFIX_DB_product_to_category` (`product_id`, `category_id`, `main_category`) VALUES ('45', '75', '0');
INSERT INTO `PREFIX_DB_product_to_category` (`product_id`, `category_id`, `main_category`) VALUES ('45', '117', '0');
INSERT INTO `PREFIX_DB_product_to_category` (`product_id`, `category_id`, `main_category`) VALUES ('45', '111', '0');
INSERT INTO `PREFIX_DB_product_to_category` (`product_id`, `category_id`, `main_category`) VALUES ('45', '79', '0');
INSERT INTO `PREFIX_DB_product_to_category` (`product_id`, `category_id`, `main_category`) VALUES ('45', '32', '0');
INSERT INTO `PREFIX_DB_product_to_category` (`product_id`, `category_id`, `main_category`) VALUES ('45', '67', '0');
INSERT INTO `PREFIX_DB_product_to_category` (`product_id`, `category_id`, `main_category`) VALUES ('45', '65', '0');
INSERT INTO `PREFIX_DB_product_to_category` (`product_id`, `category_id`, `main_category`) VALUES ('45', '104', '0');
INSERT INTO `PREFIX_DB_product_to_category` (`product_id`, `category_id`, `main_category`) VALUES ('45', '76', '0');
INSERT INTO `PREFIX_DB_product_to_category` (`product_id`, `category_id`, `main_category`) VALUES ('45', '63', '0');
INSERT INTO `PREFIX_DB_product_to_category` (`product_id`, `category_id`, `main_category`) VALUES ('45', '105', '0');
INSERT INTO `PREFIX_DB_product_to_category` (`product_id`, `category_id`, `main_category`) VALUES ('45', '119', '0');
INSERT INTO `PREFIX_DB_product_to_category` (`product_id`, `category_id`, `main_category`) VALUES ('45', '100', '0');
INSERT INTO `PREFIX_DB_product_to_category` (`product_id`, `category_id`, `main_category`) VALUES ('45', '78', '0');
INSERT INTO `PREFIX_DB_product_to_category` (`product_id`, `category_id`, `main_category`) VALUES ('45', '121', '0');
INSERT INTO `PREFIX_DB_product_to_category` (`product_id`, `category_id`, `main_category`) VALUES ('45', '72', '0');
INSERT INTO `PREFIX_DB_product_to_category` (`product_id`, `category_id`, `main_category`) VALUES ('45', '59', '0');
INSERT INTO `PREFIX_DB_product_to_category` (`product_id`, `category_id`, `main_category`) VALUES ('45', '24', '0');
INSERT INTO `PREFIX_DB_product_to_category` (`product_id`, `category_id`, `main_category`) VALUES ('45', '93', '0');
INSERT INTO `PREFIX_DB_product_to_category` (`product_id`, `category_id`, `main_category`) VALUES ('45', '70', '0');
INSERT INTO `PREFIX_DB_product_to_category` (`product_id`, `category_id`, `main_category`) VALUES ('45', '113', '0');
INSERT INTO `PREFIX_DB_product_to_category` (`product_id`, `category_id`, `main_category`) VALUES ('45', '129', '0');
INSERT INTO `PREFIX_DB_product_to_category` (`product_id`, `category_id`, `main_category`) VALUES ('45', '98', '0');
INSERT INTO `PREFIX_DB_product_to_category` (`product_id`, `category_id`, `main_category`) VALUES ('45', '64', '0');
INSERT INTO `PREFIX_DB_product_to_category` (`product_id`, `category_id`, `main_category`) VALUES ('45', '94', '0');
INSERT INTO `PREFIX_DB_product_to_category` (`product_id`, `category_id`, `main_category`) VALUES ('45', '112', '0');
INSERT INTO `PREFIX_DB_product_to_category` (`product_id`, `category_id`, `main_category`) VALUES ('45', '114', '0');
INSERT INTO `PREFIX_DB_product_to_category` (`product_id`, `category_id`, `main_category`) VALUES ('45', '96', '0');
INSERT INTO `PREFIX_DB_product_to_category` (`product_id`, `category_id`, `main_category`) VALUES ('45', '118', '0');
INSERT INTO `PREFIX_DB_product_to_category` (`product_id`, `category_id`, `main_category`) VALUES ('45', '45', '0');
INSERT INTO `PREFIX_DB_product_to_category` (`product_id`, `category_id`, `main_category`) VALUES ('45', '97', '0');
INSERT INTO `PREFIX_DB_product_to_category` (`product_id`, `category_id`, `main_category`) VALUES ('45', '109', '0');
INSERT INTO `PREFIX_DB_product_to_category` (`product_id`, `category_id`, `main_category`) VALUES ('45', '101', '0');
INSERT INTO `PREFIX_DB_product_to_category` (`product_id`, `category_id`, `main_category`) VALUES ('45', '68', '0');
INSERT INTO `PREFIX_DB_product_to_category` (`product_id`, `category_id`, `main_category`) VALUES ('45', '108', '0');
INSERT INTO `PREFIX_DB_product_to_category` (`product_id`, `category_id`, `main_category`) VALUES ('49', '66', '0');
INSERT INTO `PREFIX_DB_product_to_category` (`product_id`, `category_id`, `main_category`) VALUES ('49', '24', '0');
INSERT INTO `PREFIX_DB_product_to_category` (`product_id`, `category_id`, `main_category`) VALUES ('49', '33', '0');
INSERT INTO `PREFIX_DB_product_to_category` (`product_id`, `category_id`, `main_category`) VALUES ('49', '123', '0');
INSERT INTO `PREFIX_DB_product_to_category` (`product_id`, `category_id`, `main_category`) VALUES ('49', '96', '0');
INSERT INTO `PREFIX_DB_product_to_category` (`product_id`, `category_id`, `main_category`) VALUES ('49', '108', '0');
INSERT INTO `PREFIX_DB_product_to_category` (`product_id`, `category_id`, `main_category`) VALUES ('49', '79', '0');
INSERT INTO `PREFIX_DB_product_to_category` (`product_id`, `category_id`, `main_category`) VALUES ('49', '94', '0');
INSERT INTO `PREFIX_DB_product_to_category` (`product_id`, `category_id`, `main_category`) VALUES ('49', '122', '0');
INSERT INTO `PREFIX_DB_product_to_category` (`product_id`, `category_id`, `main_category`) VALUES ('49', '100', '0');
INSERT INTO `PREFIX_DB_product_to_category` (`product_id`, `category_id`, `main_category`) VALUES ('49', '59', '0');
INSERT INTO `PREFIX_DB_product_to_category` (`product_id`, `category_id`, `main_category`) VALUES ('49', '34', '0');
INSERT INTO `PREFIX_DB_product_to_category` (`product_id`, `category_id`, `main_category`) VALUES ('49', '77', '0');
INSERT INTO `PREFIX_DB_product_to_category` (`product_id`, `category_id`, `main_category`) VALUES ('49', '130', '0');
INSERT INTO `PREFIX_DB_product_to_category` (`product_id`, `category_id`, `main_category`) VALUES ('49', '112', '0');
INSERT INTO `PREFIX_DB_product_to_category` (`product_id`, `category_id`, `main_category`) VALUES ('49', '89', '0');
INSERT INTO `PREFIX_DB_product_to_category` (`product_id`, `category_id`, `main_category`) VALUES ('49', '93', '0');
INSERT INTO `PREFIX_DB_product_to_category` (`product_id`, `category_id`, `main_category`) VALUES ('49', '74', '0');
INSERT INTO `PREFIX_DB_product_to_category` (`product_id`, `category_id`, `main_category`) VALUES ('49', '72', '0');
INSERT INTO `PREFIX_DB_product_to_category` (`product_id`, `category_id`, `main_category`) VALUES ('49', '46', '0');
INSERT INTO `PREFIX_DB_product_to_category` (`product_id`, `category_id`, `main_category`) VALUES ('49', '106', '0');
INSERT INTO `PREFIX_DB_product_to_category` (`product_id`, `category_id`, `main_category`) VALUES ('49', '90', '0');
INSERT INTO `PREFIX_DB_product_to_category` (`product_id`, `category_id`, `main_category`) VALUES ('49', '110', '0');
INSERT INTO `PREFIX_DB_product_to_category` (`product_id`, `category_id`, `main_category`) VALUES ('49', '102', '0');
INSERT INTO `PREFIX_DB_product_to_category` (`product_id`, `category_id`, `main_category`) VALUES ('49', '119', '0');
INSERT INTO `PREFIX_DB_product_to_category` (`product_id`, `category_id`, `main_category`) VALUES ('44', '110', '0');
INSERT INTO `PREFIX_DB_product_to_category` (`product_id`, `category_id`, `main_category`) VALUES ('49', '67', '0');
INSERT INTO `PREFIX_DB_product_to_category` (`product_id`, `category_id`, `main_category`) VALUES ('49', '70', '0');
INSERT INTO `PREFIX_DB_product_to_category` (`product_id`, `category_id`, `main_category`) VALUES ('49', '95', '0');
INSERT INTO `PREFIX_DB_product_to_category` (`product_id`, `category_id`, `main_category`) VALUES ('49', '113', '0');
INSERT INTO `PREFIX_DB_product_to_category` (`product_id`, `category_id`, `main_category`) VALUES ('49', '61', '0');
INSERT INTO `PREFIX_DB_product_to_category` (`product_id`, `category_id`, `main_category`) VALUES ('49', '129', '0');
INSERT INTO `PREFIX_DB_product_to_category` (`product_id`, `category_id`, `main_category`) VALUES ('49', '71', '0');
INSERT INTO `PREFIX_DB_product_to_category` (`product_id`, `category_id`, `main_category`) VALUES ('49', '117', '0');
INSERT INTO `PREFIX_DB_product_to_category` (`product_id`, `category_id`, `main_category`) VALUES ('49', '118', '0');
INSERT INTO `PREFIX_DB_product_to_category` (`product_id`, `category_id`, `main_category`) VALUES ('49', '75', '0');
INSERT INTO `PREFIX_DB_product_to_category` (`product_id`, `category_id`, `main_category`) VALUES ('49', '107', '0');
INSERT INTO `PREFIX_DB_product_to_category` (`product_id`, `category_id`, `main_category`) VALUES ('49', '120', '0');
INSERT INTO `PREFIX_DB_product_to_category` (`product_id`, `category_id`, `main_category`) VALUES ('49', '78', '0');
INSERT INTO `PREFIX_DB_product_to_category` (`product_id`, `category_id`, `main_category`) VALUES ('49', '25', '1');
INSERT INTO `PREFIX_DB_product_to_category` (`product_id`, `category_id`, `main_category`) VALUES ('49', '20', '0');
INSERT INTO `PREFIX_DB_product_to_category` (`product_id`, `category_id`, `main_category`) VALUES ('49', '76', '0');
INSERT INTO `PREFIX_DB_product_to_category` (`product_id`, `category_id`, `main_category`) VALUES ('49', '104', '0');
INSERT INTO `PREFIX_DB_product_to_category` (`product_id`, `category_id`, `main_category`) VALUES ('49', '101', '0');
INSERT INTO `PREFIX_DB_product_to_category` (`product_id`, `category_id`, `main_category`) VALUES ('49', '98', '0');
INSERT INTO `PREFIX_DB_product_to_category` (`product_id`, `category_id`, `main_category`) VALUES ('49', '105', '0');
INSERT INTO `PREFIX_DB_product_to_category` (`product_id`, `category_id`, `main_category`) VALUES ('49', '65', '0');
INSERT INTO `PREFIX_DB_product_to_category` (`product_id`, `category_id`, `main_category`) VALUES ('49', '121', '0');
INSERT INTO `PREFIX_DB_product_to_category` (`product_id`, `category_id`, `main_category`) VALUES ('49', '69', '0');
INSERT INTO `PREFIX_DB_product_to_category` (`product_id`, `category_id`, `main_category`) VALUES ('49', '97', '0');
INSERT INTO `PREFIX_DB_product_to_category` (`product_id`, `category_id`, `main_category`) VALUES ('49', '115', '0');
INSERT INTO `PREFIX_DB_product_to_category` (`product_id`, `category_id`, `main_category`) VALUES ('49', '45', '0');
INSERT INTO `PREFIX_DB_product_to_category` (`product_id`, `category_id`, `main_category`) VALUES ('49', '68', '0');
INSERT INTO `PREFIX_DB_product_to_category` (`product_id`, `category_id`, `main_category`) VALUES ('49', '32', '0');
INSERT INTO `PREFIX_DB_product_to_category` (`product_id`, `category_id`, `main_category`) VALUES ('49', '116', '0');
INSERT INTO `PREFIX_DB_product_to_category` (`product_id`, `category_id`, `main_category`) VALUES ('49', '103', '0');
INSERT INTO `PREFIX_DB_product_to_category` (`product_id`, `category_id`, `main_category`) VALUES ('49', '73', '0');
INSERT INTO `PREFIX_DB_product_to_category` (`product_id`, `category_id`, `main_category`) VALUES ('49', '88', '0');
INSERT INTO `PREFIX_DB_product_to_category` (`product_id`, `category_id`, `main_category`) VALUES ('49', '114', '0');
INSERT INTO `PREFIX_DB_product_to_category` (`product_id`, `category_id`, `main_category`) VALUES ('49', '60', '0');
INSERT INTO `PREFIX_DB_product_to_category` (`product_id`, `category_id`, `main_category`) VALUES ('49', '111', '0');
INSERT INTO `PREFIX_DB_product_to_category` (`product_id`, `category_id`, `main_category`) VALUES ('49', '62', '0');
INSERT INTO `PREFIX_DB_product_to_category` (`product_id`, `category_id`, `main_category`) VALUES ('49', '64', '0');
INSERT INTO `PREFIX_DB_product_to_category` (`product_id`, `category_id`, `main_category`) VALUES ('49', '91', '0');
INSERT INTO `PREFIX_DB_product_to_category` (`product_id`, `category_id`, `main_category`) VALUES ('49', '18', '0');
INSERT INTO `PREFIX_DB_product_to_category` (`product_id`, `category_id`, `main_category`) VALUES ('49', '63', '0');
INSERT INTO `PREFIX_DB_product_to_category` (`product_id`, `category_id`, `main_category`) VALUES ('49', '92', '0');
INSERT INTO `PREFIX_DB_product_to_category` (`product_id`, `category_id`, `main_category`) VALUES ('33', '92', '0');
INSERT INTO `PREFIX_DB_product_to_category` (`product_id`, `category_id`, `main_category`) VALUES ('33', '79', '0');
INSERT INTO `PREFIX_DB_product_to_category` (`product_id`, `category_id`, `main_category`) VALUES ('33', '103', '0');
INSERT INTO `PREFIX_DB_product_to_category` (`product_id`, `category_id`, `main_category`) VALUES ('33', '121', '0');
INSERT INTO `PREFIX_DB_product_to_category` (`product_id`, `category_id`, `main_category`) VALUES ('33', '75', '0');
INSERT INTO `PREFIX_DB_product_to_category` (`product_id`, `category_id`, `main_category`) VALUES ('33', '89', '0');
INSERT INTO `PREFIX_DB_product_to_category` (`product_id`, `category_id`, `main_category`) VALUES ('33', '105', '0');
INSERT INTO `PREFIX_DB_product_to_category` (`product_id`, `category_id`, `main_category`) VALUES ('33', '97', '0');
INSERT INTO `PREFIX_DB_product_to_category` (`product_id`, `category_id`, `main_category`) VALUES ('33', '88', '0');
INSERT INTO `PREFIX_DB_product_to_category` (`product_id`, `category_id`, `main_category`) VALUES ('33', '108', '0');
INSERT INTO `PREFIX_DB_product_to_category` (`product_id`, `category_id`, `main_category`) VALUES ('33', '68', '0');
INSERT INTO `PREFIX_DB_product_to_category` (`product_id`, `category_id`, `main_category`) VALUES ('33', '94', '0');
INSERT INTO `PREFIX_DB_product_to_category` (`product_id`, `category_id`, `main_category`) VALUES ('33', '129', '0');
INSERT INTO `PREFIX_DB_product_to_category` (`product_id`, `category_id`, `main_category`) VALUES ('33', '91', '0');
INSERT INTO `PREFIX_DB_product_to_category` (`product_id`, `category_id`, `main_category`) VALUES ('33', '33', '0');
INSERT INTO `PREFIX_DB_product_to_category` (`product_id`, `category_id`, `main_category`) VALUES ('33', '118', '0');
INSERT INTO `PREFIX_DB_product_to_category` (`product_id`, `category_id`, `main_category`) VALUES ('33', '74', '0');
INSERT INTO `PREFIX_DB_product_to_category` (`product_id`, `category_id`, `main_category`) VALUES ('33', '62', '0');
INSERT INTO `PREFIX_DB_product_to_category` (`product_id`, `category_id`, `main_category`) VALUES ('33', '32', '0');
INSERT INTO `PREFIX_DB_product_to_category` (`product_id`, `category_id`, `main_category`) VALUES ('33', '123', '0');
INSERT INTO `PREFIX_DB_product_to_category` (`product_id`, `category_id`, `main_category`) VALUES ('33', '100', '0');
INSERT INTO `PREFIX_DB_product_to_category` (`product_id`, `category_id`, `main_category`) VALUES ('33', '106', '0');
INSERT INTO `PREFIX_DB_product_to_category` (`product_id`, `category_id`, `main_category`) VALUES ('33', '120', '0');
INSERT INTO `PREFIX_DB_product_to_category` (`product_id`, `category_id`, `main_category`) VALUES ('33', '102', '0');
INSERT INTO `PREFIX_DB_product_to_category` (`product_id`, `category_id`, `main_category`) VALUES ('33', '90', '0');
INSERT INTO `PREFIX_DB_product_to_category` (`product_id`, `category_id`, `main_category`) VALUES ('32', '110', '0');
INSERT INTO `PREFIX_DB_product_to_category` (`product_id`, `category_id`, `main_category`) VALUES ('33', '117', '0');
INSERT INTO `PREFIX_DB_product_to_category` (`product_id`, `category_id`, `main_category`) VALUES ('33', '95', '0');
INSERT INTO `PREFIX_DB_product_to_category` (`product_id`, `category_id`, `main_category`) VALUES ('33', '64', '0');
INSERT INTO `PREFIX_DB_product_to_category` (`product_id`, `category_id`, `main_category`) VALUES ('33', '34', '0');
INSERT INTO `PREFIX_DB_product_to_category` (`product_id`, `category_id`, `main_category`) VALUES ('33', '73', '0');
INSERT INTO `PREFIX_DB_product_to_category` (`product_id`, `category_id`, `main_category`) VALUES ('33', '61', '0');
INSERT INTO `PREFIX_DB_product_to_category` (`product_id`, `category_id`, `main_category`) VALUES ('33', '18', '0');
INSERT INTO `PREFIX_DB_product_to_category` (`product_id`, `category_id`, `main_category`) VALUES ('33', '104', '0');
INSERT INTO `PREFIX_DB_product_to_category` (`product_id`, `category_id`, `main_category`) VALUES ('33', '109', '0');
INSERT INTO `PREFIX_DB_product_to_category` (`product_id`, `category_id`, `main_category`) VALUES ('33', '130', '0');
INSERT INTO `PREFIX_DB_product_to_category` (`product_id`, `category_id`, `main_category`) VALUES ('33', '24', '0');
INSERT INTO `PREFIX_DB_product_to_category` (`product_id`, `category_id`, `main_category`) VALUES ('33', '65', '0');
INSERT INTO `PREFIX_DB_product_to_category` (`product_id`, `category_id`, `main_category`) VALUES ('33', '59', '0');
INSERT INTO `PREFIX_DB_product_to_category` (`product_id`, `category_id`, `main_category`) VALUES ('33', '114', '0');
INSERT INTO `PREFIX_DB_product_to_category` (`product_id`, `category_id`, `main_category`) VALUES ('33', '115', '0');
INSERT INTO `PREFIX_DB_product_to_category` (`product_id`, `category_id`, `main_category`) VALUES ('33', '76', '0');
INSERT INTO `PREFIX_DB_product_to_category` (`product_id`, `category_id`, `main_category`) VALUES ('33', '110', '0');
INSERT INTO `PREFIX_DB_product_to_category` (`product_id`, `category_id`, `main_category`) VALUES ('33', '45', '0');
INSERT INTO `PREFIX_DB_product_to_category` (`product_id`, `category_id`, `main_category`) VALUES ('33', '77', '0');
INSERT INTO `PREFIX_DB_product_to_category` (`product_id`, `category_id`, `main_category`) VALUES ('33', '78', '0');
INSERT INTO `PREFIX_DB_product_to_category` (`product_id`, `category_id`, `main_category`) VALUES ('33', '60', '0');
INSERT INTO `PREFIX_DB_product_to_category` (`product_id`, `category_id`, `main_category`) VALUES ('33', '25', '1');
INSERT INTO `PREFIX_DB_product_to_category` (`product_id`, `category_id`, `main_category`) VALUES ('33', '20', '0');
INSERT INTO `PREFIX_DB_product_to_category` (`product_id`, `category_id`, `main_category`) VALUES ('33', '46', '0');
INSERT INTO `PREFIX_DB_product_to_category` (`product_id`, `category_id`, `main_category`) VALUES ('33', '71', '0');
INSERT INTO `PREFIX_DB_product_to_category` (`product_id`, `category_id`, `main_category`) VALUES ('33', '107', '0');
INSERT INTO `PREFIX_DB_product_to_category` (`product_id`, `category_id`, `main_category`) VALUES ('33', '70', '0');
INSERT INTO `PREFIX_DB_product_to_category` (`product_id`, `category_id`, `main_category`) VALUES ('33', '113', '0');
INSERT INTO `PREFIX_DB_product_to_category` (`product_id`, `category_id`, `main_category`) VALUES ('33', '98', '0');
INSERT INTO `PREFIX_DB_product_to_category` (`product_id`, `category_id`, `main_category`) VALUES ('33', '122', '0');
INSERT INTO `PREFIX_DB_product_to_category` (`product_id`, `category_id`, `main_category`) VALUES ('33', '112', '0');
INSERT INTO `PREFIX_DB_product_to_category` (`product_id`, `category_id`, `main_category`) VALUES ('33', '116', '0');
INSERT INTO `PREFIX_DB_product_to_category` (`product_id`, `category_id`, `main_category`) VALUES ('33', '96', '0');
INSERT INTO `PREFIX_DB_product_to_category` (`product_id`, `category_id`, `main_category`) VALUES ('33', '66', '0');
INSERT INTO `PREFIX_DB_product_to_category` (`product_id`, `category_id`, `main_category`) VALUES ('33', '63', '0');
INSERT INTO `PREFIX_DB_product_to_category` (`product_id`, `category_id`, `main_category`) VALUES ('33', '67', '0');
INSERT INTO `PREFIX_DB_product_to_category` (`product_id`, `category_id`, `main_category`) VALUES ('33', '111', '0');
INSERT INTO `PREFIX_DB_product_to_category` (`product_id`, `category_id`, `main_category`) VALUES ('33', '72', '0');
INSERT INTO `PREFIX_DB_product_to_category` (`product_id`, `category_id`, `main_category`) VALUES ('33', '101', '0');
INSERT INTO `PREFIX_DB_product_to_category` (`product_id`, `category_id`, `main_category`) VALUES ('33', '69', '0');
INSERT INTO `PREFIX_DB_product_to_category` (`product_id`, `category_id`, `main_category`) VALUES ('33', '93', '0');
INSERT INTO `PREFIX_DB_product_to_category` (`product_id`, `category_id`, `main_category`) VALUES ('31', '64', '0');
INSERT INTO `PREFIX_DB_product_to_category` (`product_id`, `category_id`, `main_category`) VALUES ('31', '34', '0');
INSERT INTO `PREFIX_DB_product_to_category` (`product_id`, `category_id`, `main_category`) VALUES ('31', '61', '0');
INSERT INTO `PREFIX_DB_product_to_category` (`product_id`, `category_id`, `main_category`) VALUES ('31', '118', '0');
INSERT INTO `PREFIX_DB_product_to_category` (`product_id`, `category_id`, `main_category`) VALUES ('31', '45', '0');
INSERT INTO `PREFIX_DB_product_to_category` (`product_id`, `category_id`, `main_category`) VALUES ('31', '122', '0');
INSERT INTO `PREFIX_DB_product_to_category` (`product_id`, `category_id`, `main_category`) VALUES ('31', '77', '0');
INSERT INTO `PREFIX_DB_product_to_category` (`product_id`, `category_id`, `main_category`) VALUES ('31', '73', '0');
INSERT INTO `PREFIX_DB_product_to_category` (`product_id`, `category_id`, `main_category`) VALUES ('31', '119', '0');
INSERT INTO `PREFIX_DB_product_to_category` (`product_id`, `category_id`, `main_category`) VALUES ('31', '104', '0');
INSERT INTO `PREFIX_DB_product_to_category` (`product_id`, `category_id`, `main_category`) VALUES ('31', '70', '0');
INSERT INTO `PREFIX_DB_product_to_category` (`product_id`, `category_id`, `main_category`) VALUES ('31', '113', '0');
INSERT INTO `PREFIX_DB_product_to_category` (`product_id`, `category_id`, `main_category`) VALUES ('31', '88', '0');
INSERT INTO `PREFIX_DB_product_to_category` (`product_id`, `category_id`, `main_category`) VALUES ('31', '117', '0');
INSERT INTO `PREFIX_DB_product_to_category` (`product_id`, `category_id`, `main_category`) VALUES ('31', '108', '0');
INSERT INTO `PREFIX_DB_product_to_category` (`product_id`, `category_id`, `main_category`) VALUES ('31', '111', '0');
INSERT INTO `PREFIX_DB_product_to_category` (`product_id`, `category_id`, `main_category`) VALUES ('31', '79', '0');
INSERT INTO `PREFIX_DB_product_to_category` (`product_id`, `category_id`, `main_category`) VALUES ('31', '94', '0');
INSERT INTO `PREFIX_DB_product_to_category` (`product_id`, `category_id`, `main_category`) VALUES ('31', '112', '0');
INSERT INTO `PREFIX_DB_product_to_category` (`product_id`, `category_id`, `main_category`) VALUES ('31', '97', '0');
INSERT INTO `PREFIX_DB_product_to_category` (`product_id`, `category_id`, `main_category`) VALUES ('31', '103', '0');
INSERT INTO `PREFIX_DB_product_to_category` (`product_id`, `category_id`, `main_category`) VALUES ('31', '18', '0');
INSERT INTO `PREFIX_DB_product_to_category` (`product_id`, `category_id`, `main_category`) VALUES ('31', '102', '0');
INSERT INTO `PREFIX_DB_product_to_category` (`product_id`, `category_id`, `main_category`) VALUES ('31', '106', '0');
INSERT INTO `PREFIX_DB_product_to_category` (`product_id`, `category_id`, `main_category`) VALUES ('31', '120', '0');
INSERT INTO `PREFIX_DB_product_to_category` (`product_id`, `category_id`, `main_category`) VALUES ('40', '119', '0');
INSERT INTO `PREFIX_DB_product_to_category` (`product_id`, `category_id`, `main_category`) VALUES ('31', '123', '0');
INSERT INTO `PREFIX_DB_product_to_category` (`product_id`, `category_id`, `main_category`) VALUES ('31', '46', '0');
INSERT INTO `PREFIX_DB_product_to_category` (`product_id`, `category_id`, `main_category`) VALUES ('31', '95', '0');
INSERT INTO `PREFIX_DB_product_to_category` (`product_id`, `category_id`, `main_category`) VALUES ('31', '60', '0');
INSERT INTO `PREFIX_DB_product_to_category` (`product_id`, `category_id`, `main_category`) VALUES ('31', '59', '0');
INSERT INTO `PREFIX_DB_product_to_category` (`product_id`, `category_id`, `main_category`) VALUES ('31', '121', '0');
INSERT INTO `PREFIX_DB_product_to_category` (`product_id`, `category_id`, `main_category`) VALUES ('31', '93', '0');
INSERT INTO `PREFIX_DB_product_to_category` (`product_id`, `category_id`, `main_category`) VALUES ('31', '62', '0');
INSERT INTO `PREFIX_DB_product_to_category` (`product_id`, `category_id`, `main_category`) VALUES ('31', '91', '0');
INSERT INTO `PREFIX_DB_product_to_category` (`product_id`, `category_id`, `main_category`) VALUES ('31', '69', '0');
INSERT INTO `PREFIX_DB_product_to_category` (`product_id`, `category_id`, `main_category`) VALUES ('31', '115', '0');
INSERT INTO `PREFIX_DB_product_to_category` (`product_id`, `category_id`, `main_category`) VALUES ('31', '130', '0');
INSERT INTO `PREFIX_DB_product_to_category` (`product_id`, `category_id`, `main_category`) VALUES ('31', '116', '0');
INSERT INTO `PREFIX_DB_product_to_category` (`product_id`, `category_id`, `main_category`) VALUES ('31', '32', '0');
INSERT INTO `PREFIX_DB_product_to_category` (`product_id`, `category_id`, `main_category`) VALUES ('31', '76', '0');
INSERT INTO `PREFIX_DB_product_to_category` (`product_id`, `category_id`, `main_category`) VALUES ('31', '63', '0');
INSERT INTO `PREFIX_DB_product_to_category` (`product_id`, `category_id`, `main_category`) VALUES ('31', '25', '1');
INSERT INTO `PREFIX_DB_product_to_category` (`product_id`, `category_id`, `main_category`) VALUES ('31', '24', '0');
INSERT INTO `PREFIX_DB_product_to_category` (`product_id`, `category_id`, `main_category`) VALUES ('31', '68', '0');
INSERT INTO `PREFIX_DB_product_to_category` (`product_id`, `category_id`, `main_category`) VALUES ('31', '33', '0');
INSERT INTO `PREFIX_DB_product_to_category` (`product_id`, `category_id`, `main_category`) VALUES ('31', '129', '0');
INSERT INTO `PREFIX_DB_product_to_category` (`product_id`, `category_id`, `main_category`) VALUES ('31', '67', '0');
INSERT INTO `PREFIX_DB_product_to_category` (`product_id`, `category_id`, `main_category`) VALUES ('31', '75', '0');
INSERT INTO `PREFIX_DB_product_to_category` (`product_id`, `category_id`, `main_category`) VALUES ('31', '107', '0');
INSERT INTO `PREFIX_DB_product_to_category` (`product_id`, `category_id`, `main_category`) VALUES ('31', '100', '0');
INSERT INTO `PREFIX_DB_product_to_category` (`product_id`, `category_id`, `main_category`) VALUES ('31', '65', '0');
INSERT INTO `PREFIX_DB_product_to_category` (`product_id`, `category_id`, `main_category`) VALUES ('31', '66', '0');
INSERT INTO `PREFIX_DB_product_to_category` (`product_id`, `category_id`, `main_category`) VALUES ('31', '20', '0');
INSERT INTO `PREFIX_DB_product_to_category` (`product_id`, `category_id`, `main_category`) VALUES ('31', '78', '0');
INSERT INTO `PREFIX_DB_product_to_category` (`product_id`, `category_id`, `main_category`) VALUES ('31', '105', '0');
INSERT INTO `PREFIX_DB_product_to_category` (`product_id`, `category_id`, `main_category`) VALUES ('31', '74', '0');
INSERT INTO `PREFIX_DB_product_to_category` (`product_id`, `category_id`, `main_category`) VALUES ('31', '92', '0');
INSERT INTO `PREFIX_DB_product_to_category` (`product_id`, `category_id`, `main_category`) VALUES ('31', '114', '0');
INSERT INTO `PREFIX_DB_product_to_category` (`product_id`, `category_id`, `main_category`) VALUES ('31', '96', '0');
INSERT INTO `PREFIX_DB_product_to_category` (`product_id`, `category_id`, `main_category`) VALUES ('31', '109', '0');
INSERT INTO `PREFIX_DB_product_to_category` (`product_id`, `category_id`, `main_category`) VALUES ('31', '71', '0');
INSERT INTO `PREFIX_DB_product_to_category` (`product_id`, `category_id`, `main_category`) VALUES ('31', '98', '0');
INSERT INTO `PREFIX_DB_product_to_category` (`product_id`, `category_id`, `main_category`) VALUES ('31', '90', '0');
INSERT INTO `PREFIX_DB_product_to_category` (`product_id`, `category_id`, `main_category`) VALUES ('31', '101', '0');
INSERT INTO `PREFIX_DB_product_to_category` (`product_id`, `category_id`, `main_category`) VALUES ('31', '72', '0');
INSERT INTO `PREFIX_DB_product_to_category` (`product_id`, `category_id`, `main_category`) VALUES ('31', '89', '0');
INSERT INTO `PREFIX_DB_product_to_category` (`product_id`, `category_id`, `main_category`) VALUES ('46', '45', '0');
INSERT INTO `PREFIX_DB_product_to_category` (`product_id`, `category_id`, `main_category`) VALUES ('46', '71', '0');
INSERT INTO `PREFIX_DB_product_to_category` (`product_id`, `category_id`, `main_category`) VALUES ('46', '32', '0');
INSERT INTO `PREFIX_DB_product_to_category` (`product_id`, `category_id`, `main_category`) VALUES ('46', '123', '0');
INSERT INTO `PREFIX_DB_product_to_category` (`product_id`, `category_id`, `main_category`) VALUES ('46', '122', '0');
INSERT INTO `PREFIX_DB_product_to_category` (`product_id`, `category_id`, `main_category`) VALUES ('46', '118', '0');
INSERT INTO `PREFIX_DB_product_to_category` (`product_id`, `category_id`, `main_category`) VALUES ('46', '63', '0');
INSERT INTO `PREFIX_DB_product_to_category` (`product_id`, `category_id`, `main_category`) VALUES ('46', '77', '0');
INSERT INTO `PREFIX_DB_product_to_category` (`product_id`, `category_id`, `main_category`) VALUES ('46', '78', '0');
INSERT INTO `PREFIX_DB_product_to_category` (`product_id`, `category_id`, `main_category`) VALUES ('46', '91', '0');
INSERT INTO `PREFIX_DB_product_to_category` (`product_id`, `category_id`, `main_category`) VALUES ('46', '113', '0');
INSERT INTO `PREFIX_DB_product_to_category` (`product_id`, `category_id`, `main_category`) VALUES ('46', '70', '0');
INSERT INTO `PREFIX_DB_product_to_category` (`product_id`, `category_id`, `main_category`) VALUES ('46', '18', '0');
INSERT INTO `PREFIX_DB_product_to_category` (`product_id`, `category_id`, `main_category`) VALUES ('46', '130', '0');
INSERT INTO `PREFIX_DB_product_to_category` (`product_id`, `category_id`, `main_category`) VALUES ('46', '116', '0');
INSERT INTO `PREFIX_DB_product_to_category` (`product_id`, `category_id`, `main_category`) VALUES ('46', '109', '0');
INSERT INTO `PREFIX_DB_product_to_category` (`product_id`, `category_id`, `main_category`) VALUES ('46', '93', '0');
INSERT INTO `PREFIX_DB_product_to_category` (`product_id`, `category_id`, `main_category`) VALUES ('46', '73', '0');
INSERT INTO `PREFIX_DB_product_to_category` (`product_id`, `category_id`, `main_category`) VALUES ('46', '72', '0');
INSERT INTO `PREFIX_DB_product_to_category` (`product_id`, `category_id`, `main_category`) VALUES ('46', '108', '0');
INSERT INTO `PREFIX_DB_product_to_category` (`product_id`, `category_id`, `main_category`) VALUES ('46', '101', '0');
INSERT INTO `PREFIX_DB_product_to_category` (`product_id`, `category_id`, `main_category`) VALUES ('46', '106', '0');
INSERT INTO `PREFIX_DB_product_to_category` (`product_id`, `category_id`, `main_category`) VALUES ('46', '102', '0');
INSERT INTO `PREFIX_DB_product_to_category` (`product_id`, `category_id`, `main_category`) VALUES ('46', '120', '0');
INSERT INTO `PREFIX_DB_product_to_category` (`product_id`, `category_id`, `main_category`) VALUES ('46', '90', '0');
INSERT INTO `PREFIX_DB_product_to_category` (`product_id`, `category_id`, `main_category`) VALUES ('47', '119', '0');
INSERT INTO `PREFIX_DB_product_to_category` (`product_id`, `category_id`, `main_category`) VALUES ('46', '67', '0');
INSERT INTO `PREFIX_DB_product_to_category` (`product_id`, `category_id`, `main_category`) VALUES ('46', '96', '0');
INSERT INTO `PREFIX_DB_product_to_category` (`product_id`, `category_id`, `main_category`) VALUES ('46', '66', '0');
INSERT INTO `PREFIX_DB_product_to_category` (`product_id`, `category_id`, `main_category`) VALUES ('46', '94', '0');
INSERT INTO `PREFIX_DB_product_to_category` (`product_id`, `category_id`, `main_category`) VALUES ('46', '69', '0');
INSERT INTO `PREFIX_DB_product_to_category` (`product_id`, `category_id`, `main_category`) VALUES ('46', '68', '0');
INSERT INTO `PREFIX_DB_product_to_category` (`product_id`, `category_id`, `main_category`) VALUES ('46', '65', '0');
INSERT INTO `PREFIX_DB_product_to_category` (`product_id`, `category_id`, `main_category`) VALUES ('46', '117', '0');
INSERT INTO `PREFIX_DB_product_to_category` (`product_id`, `category_id`, `main_category`) VALUES ('46', '89', '0');
INSERT INTO `PREFIX_DB_product_to_category` (`product_id`, `category_id`, `main_category`) VALUES ('46', '75', '0');
INSERT INTO `PREFIX_DB_product_to_category` (`product_id`, `category_id`, `main_category`) VALUES ('46', '121', '0');
INSERT INTO `PREFIX_DB_product_to_category` (`product_id`, `category_id`, `main_category`) VALUES ('46', '97', '0');
INSERT INTO `PREFIX_DB_product_to_category` (`product_id`, `category_id`, `main_category`) VALUES ('46', '60', '0');
INSERT INTO `PREFIX_DB_product_to_category` (`product_id`, `category_id`, `main_category`) VALUES ('46', '104', '0');
INSERT INTO `PREFIX_DB_product_to_category` (`product_id`, `category_id`, `main_category`) VALUES ('46', '76', '0');
INSERT INTO `PREFIX_DB_product_to_category` (`product_id`, `category_id`, `main_category`) VALUES ('46', '115', '0');
INSERT INTO `PREFIX_DB_product_to_category` (`product_id`, `category_id`, `main_category`) VALUES ('46', '74', '0');
INSERT INTO `PREFIX_DB_product_to_category` (`product_id`, `category_id`, `main_category`) VALUES ('46', '103', '0');
INSERT INTO `PREFIX_DB_product_to_category` (`product_id`, `category_id`, `main_category`) VALUES ('46', '112', '0');
INSERT INTO `PREFIX_DB_product_to_category` (`product_id`, `category_id`, `main_category`) VALUES ('46', '105', '0');
INSERT INTO `PREFIX_DB_product_to_category` (`product_id`, `category_id`, `main_category`) VALUES ('46', '107', '0');
INSERT INTO `PREFIX_DB_product_to_category` (`product_id`, `category_id`, `main_category`) VALUES ('46', '79', '0');
INSERT INTO `PREFIX_DB_product_to_category` (`product_id`, `category_id`, `main_category`) VALUES ('46', '25', '1');
INSERT INTO `PREFIX_DB_product_to_category` (`product_id`, `category_id`, `main_category`) VALUES ('46', '33', '0');
INSERT INTO `PREFIX_DB_product_to_category` (`product_id`, `category_id`, `main_category`) VALUES ('46', '62', '0');
INSERT INTO `PREFIX_DB_product_to_category` (`product_id`, `category_id`, `main_category`) VALUES ('46', '61', '0');
INSERT INTO `PREFIX_DB_product_to_category` (`product_id`, `category_id`, `main_category`) VALUES ('46', '34', '0');
INSERT INTO `PREFIX_DB_product_to_category` (`product_id`, `category_id`, `main_category`) VALUES ('46', '59', '0');
INSERT INTO `PREFIX_DB_product_to_category` (`product_id`, `category_id`, `main_category`) VALUES ('46', '24', '0');
INSERT INTO `PREFIX_DB_product_to_category` (`product_id`, `category_id`, `main_category`) VALUES ('46', '46', '0');
INSERT INTO `PREFIX_DB_product_to_category` (`product_id`, `category_id`, `main_category`) VALUES ('46', '20', '0');
INSERT INTO `PREFIX_DB_product_to_category` (`product_id`, `category_id`, `main_category`) VALUES ('46', '88', '0');
INSERT INTO `PREFIX_DB_product_to_category` (`product_id`, `category_id`, `main_category`) VALUES ('46', '95', '0');
INSERT INTO `PREFIX_DB_product_to_category` (`product_id`, `category_id`, `main_category`) VALUES ('46', '64', '0');
INSERT INTO `PREFIX_DB_product_to_category` (`product_id`, `category_id`, `main_category`) VALUES ('46', '111', '0');
INSERT INTO `PREFIX_DB_product_to_category` (`product_id`, `category_id`, `main_category`) VALUES ('46', '110', '0');
INSERT INTO `PREFIX_DB_product_to_category` (`product_id`, `category_id`, `main_category`) VALUES ('46', '114', '0');
INSERT INTO `PREFIX_DB_product_to_category` (`product_id`, `category_id`, `main_category`) VALUES ('46', '98', '0');
INSERT INTO `PREFIX_DB_product_to_category` (`product_id`, `category_id`, `main_category`) VALUES ('46', '100', '0');
INSERT INTO `PREFIX_DB_product_to_category` (`product_id`, `category_id`, `main_category`) VALUES ('46', '129', '0');
INSERT INTO `PREFIX_DB_product_to_category` (`product_id`, `category_id`, `main_category`) VALUES ('46', '92', '0');
INSERT INTO `PREFIX_DB_product_to_category` (`product_id`, `category_id`, `main_category`) VALUES ('29', '77', '0');
INSERT INTO `PREFIX_DB_product_to_category` (`product_id`, `category_id`, `main_category`) VALUES ('29', '94', '0');
INSERT INTO `PREFIX_DB_product_to_category` (`product_id`, `category_id`, `main_category`) VALUES ('29', '98', '0');
INSERT INTO `PREFIX_DB_product_to_category` (`product_id`, `category_id`, `main_category`) VALUES ('29', '25', '1');
INSERT INTO `PREFIX_DB_product_to_category` (`product_id`, `category_id`, `main_category`) VALUES ('29', '61', '0');
INSERT INTO `PREFIX_DB_product_to_category` (`product_id`, `category_id`, `main_category`) VALUES ('29', '122', '0');
INSERT INTO `PREFIX_DB_product_to_category` (`product_id`, `category_id`, `main_category`) VALUES ('29', '104', '0');
INSERT INTO `PREFIX_DB_product_to_category` (`product_id`, `category_id`, `main_category`) VALUES ('29', '74', '0');
INSERT INTO `PREFIX_DB_product_to_category` (`product_id`, `category_id`, `main_category`) VALUES ('29', '118', '0');
INSERT INTO `PREFIX_DB_product_to_category` (`product_id`, `category_id`, `main_category`) VALUES ('29', '89', '0');
INSERT INTO `PREFIX_DB_product_to_category` (`product_id`, `category_id`, `main_category`) VALUES ('29', '70', '0');
INSERT INTO `PREFIX_DB_product_to_category` (`product_id`, `category_id`, `main_category`) VALUES ('29', '113', '0');
INSERT INTO `PREFIX_DB_product_to_category` (`product_id`, `category_id`, `main_category`) VALUES ('29', '130', '0');
INSERT INTO `PREFIX_DB_product_to_category` (`product_id`, `category_id`, `main_category`) VALUES ('29', '64', '0');
INSERT INTO `PREFIX_DB_product_to_category` (`product_id`, `category_id`, `main_category`) VALUES ('29', '78', '0');
INSERT INTO `PREFIX_DB_product_to_category` (`product_id`, `category_id`, `main_category`) VALUES ('29', '111', '0');
INSERT INTO `PREFIX_DB_product_to_category` (`product_id`, `category_id`, `main_category`) VALUES ('29', '119', '0');
INSERT INTO `PREFIX_DB_product_to_category` (`product_id`, `category_id`, `main_category`) VALUES ('29', '72', '0');
INSERT INTO `PREFIX_DB_product_to_category` (`product_id`, `category_id`, `main_category`) VALUES ('29', '32', '0');
INSERT INTO `PREFIX_DB_product_to_category` (`product_id`, `category_id`, `main_category`) VALUES ('29', '79', '0');
INSERT INTO `PREFIX_DB_product_to_category` (`product_id`, `category_id`, `main_category`) VALUES ('29', '103', '0');
INSERT INTO `PREFIX_DB_product_to_category` (`product_id`, `category_id`, `main_category`) VALUES ('29', '18', '0');
INSERT INTO `PREFIX_DB_product_to_category` (`product_id`, `category_id`, `main_category`) VALUES ('29', '102', '0');
INSERT INTO `PREFIX_DB_product_to_category` (`product_id`, `category_id`, `main_category`) VALUES ('29', '106', '0');
INSERT INTO `PREFIX_DB_product_to_category` (`product_id`, `category_id`, `main_category`) VALUES ('29', '120', '0');
INSERT INTO `PREFIX_DB_product_to_category` (`product_id`, `category_id`, `main_category`) VALUES ('36', '110', '0');
INSERT INTO `PREFIX_DB_product_to_category` (`product_id`, `category_id`, `main_category`) VALUES ('29', '107', '0');
INSERT INTO `PREFIX_DB_product_to_category` (`product_id`, `category_id`, `main_category`) VALUES ('29', '46', '0');
INSERT INTO `PREFIX_DB_product_to_category` (`product_id`, `category_id`, `main_category`) VALUES ('29', '95', '0');
INSERT INTO `PREFIX_DB_product_to_category` (`product_id`, `category_id`, `main_category`) VALUES ('29', '60', '0');
INSERT INTO `PREFIX_DB_product_to_category` (`product_id`, `category_id`, `main_category`) VALUES ('29', '88', '0');
INSERT INTO `PREFIX_DB_product_to_category` (`product_id`, `category_id`, `main_category`) VALUES ('29', '121', '0');
INSERT INTO `PREFIX_DB_product_to_category` (`product_id`, `category_id`, `main_category`) VALUES ('29', '73', '0');
INSERT INTO `PREFIX_DB_product_to_category` (`product_id`, `category_id`, `main_category`) VALUES ('29', '105', '0');
INSERT INTO `PREFIX_DB_product_to_category` (`product_id`, `category_id`, `main_category`) VALUES ('29', '91', '0');
INSERT INTO `PREFIX_DB_product_to_category` (`product_id`, `category_id`, `main_category`) VALUES ('29', '24', '0');
INSERT INTO `PREFIX_DB_product_to_category` (`product_id`, `category_id`, `main_category`) VALUES ('29', '71', '0');
INSERT INTO `PREFIX_DB_product_to_category` (`product_id`, `category_id`, `main_category`) VALUES ('29', '68', '0');
INSERT INTO `PREFIX_DB_product_to_category` (`product_id`, `category_id`, `main_category`) VALUES ('29', '116', '0');
INSERT INTO `PREFIX_DB_product_to_category` (`product_id`, `category_id`, `main_category`) VALUES ('29', '45', '0');
INSERT INTO `PREFIX_DB_product_to_category` (`product_id`, `category_id`, `main_category`) VALUES ('29', '76', '0');
INSERT INTO `PREFIX_DB_product_to_category` (`product_id`, `category_id`, `main_category`) VALUES ('29', '63', '0');
INSERT INTO `PREFIX_DB_product_to_category` (`product_id`, `category_id`, `main_category`) VALUES ('29', '92', '0');
INSERT INTO `PREFIX_DB_product_to_category` (`product_id`, `category_id`, `main_category`) VALUES ('29', '109', '0');
INSERT INTO `PREFIX_DB_product_to_category` (`product_id`, `category_id`, `main_category`) VALUES ('29', '75', '0');
INSERT INTO `PREFIX_DB_product_to_category` (`product_id`, `category_id`, `main_category`) VALUES ('29', '97', '0');
INSERT INTO `PREFIX_DB_product_to_category` (`product_id`, `category_id`, `main_category`) VALUES ('29', '129', '0');
INSERT INTO `PREFIX_DB_product_to_category` (`product_id`, `category_id`, `main_category`) VALUES ('29', '100', '0');
INSERT INTO `PREFIX_DB_product_to_category` (`product_id`, `category_id`, `main_category`) VALUES ('29', '34', '0');
INSERT INTO `PREFIX_DB_product_to_category` (`product_id`, `category_id`, `main_category`) VALUES ('29', '90', '0');
INSERT INTO `PREFIX_DB_product_to_category` (`product_id`, `category_id`, `main_category`) VALUES ('29', '59', '0');
INSERT INTO `PREFIX_DB_product_to_category` (`product_id`, `category_id`, `main_category`) VALUES ('29', '65', '0');
INSERT INTO `PREFIX_DB_product_to_category` (`product_id`, `category_id`, `main_category`) VALUES ('29', '66', '0');
INSERT INTO `PREFIX_DB_product_to_category` (`product_id`, `category_id`, `main_category`) VALUES ('29', '20', '0');
INSERT INTO `PREFIX_DB_product_to_category` (`product_id`, `category_id`, `main_category`) VALUES ('29', '123', '0');
INSERT INTO `PREFIX_DB_product_to_category` (`product_id`, `category_id`, `main_category`) VALUES ('29', '112', '0');
INSERT INTO `PREFIX_DB_product_to_category` (`product_id`, `category_id`, `main_category`) VALUES ('29', '67', '0');
INSERT INTO `PREFIX_DB_product_to_category` (`product_id`, `category_id`, `main_category`) VALUES ('29', '115', '0');
INSERT INTO `PREFIX_DB_product_to_category` (`product_id`, `category_id`, `main_category`) VALUES ('29', '114', '0');
INSERT INTO `PREFIX_DB_product_to_category` (`product_id`, `category_id`, `main_category`) VALUES ('29', '96', '0');
INSERT INTO `PREFIX_DB_product_to_category` (`product_id`, `category_id`, `main_category`) VALUES ('29', '117', '0');
INSERT INTO `PREFIX_DB_product_to_category` (`product_id`, `category_id`, `main_category`) VALUES ('29', '108', '0');
INSERT INTO `PREFIX_DB_product_to_category` (`product_id`, `category_id`, `main_category`) VALUES ('29', '69', '0');
INSERT INTO `PREFIX_DB_product_to_category` (`product_id`, `category_id`, `main_category`) VALUES ('29', '62', '0');
INSERT INTO `PREFIX_DB_product_to_category` (`product_id`, `category_id`, `main_category`) VALUES ('29', '101', '0');
INSERT INTO `PREFIX_DB_product_to_category` (`product_id`, `category_id`, `main_category`) VALUES ('29', '93', '0');
INSERT INTO `PREFIX_DB_product_to_category` (`product_id`, `category_id`, `main_category`) VALUES ('29', '33', '0');
INSERT INTO `PREFIX_DB_product_to_category` (`product_id`, `category_id`, `main_category`) VALUES ('48', '114', '0');
INSERT INTO `PREFIX_DB_product_to_category` (`product_id`, `category_id`, `main_category`) VALUES ('46', '119', '0');
INSERT INTO `PREFIX_DB_product_to_category` (`product_id`, `category_id`, `main_category`) VALUES ('48', '79', '0');
INSERT INTO `PREFIX_DB_product_to_category` (`product_id`, `category_id`, `main_category`) VALUES ('48', '62', '0');
INSERT INTO `PREFIX_DB_product_to_category` (`product_id`, `category_id`, `main_category`) VALUES ('48', '67', '0');
INSERT INTO `PREFIX_DB_product_to_category` (`product_id`, `category_id`, `main_category`) VALUES ('48', '77', '0');
INSERT INTO `PREFIX_DB_product_to_category` (`product_id`, `category_id`, `main_category`) VALUES ('48', '93', '0');
INSERT INTO `PREFIX_DB_product_to_category` (`product_id`, `category_id`, `main_category`) VALUES ('48', '110', '0');
INSERT INTO `PREFIX_DB_product_to_category` (`product_id`, `category_id`, `main_category`) VALUES ('48', '18', '1');
INSERT INTO `PREFIX_DB_product_to_category` (`product_id`, `category_id`, `main_category`) VALUES ('48', '60', '0');
INSERT INTO `PREFIX_DB_product_to_category` (`product_id`, `category_id`, `main_category`) VALUES ('48', '113', '0');
INSERT INTO `PREFIX_DB_product_to_category` (`product_id`, `category_id`, `main_category`) VALUES ('48', '70', '0');
INSERT INTO `PREFIX_DB_product_to_category` (`product_id`, `category_id`, `main_category`) VALUES ('48', '97', '0');
INSERT INTO `PREFIX_DB_product_to_category` (`product_id`, `category_id`, `main_category`) VALUES ('48', '90', '0');
INSERT INTO `PREFIX_DB_product_to_category` (`product_id`, `category_id`, `main_category`) VALUES ('48', '72', '0');
INSERT INTO `PREFIX_DB_product_to_category` (`product_id`, `category_id`, `main_category`) VALUES ('48', '129', '0');
INSERT INTO `PREFIX_DB_product_to_category` (`product_id`, `category_id`, `main_category`) VALUES ('48', '107', '0');
INSERT INTO `PREFIX_DB_product_to_category` (`product_id`, `category_id`, `main_category`) VALUES ('48', '73', '0');
INSERT INTO `PREFIX_DB_product_to_category` (`product_id`, `category_id`, `main_category`) VALUES ('48', '112', '0');
INSERT INTO `PREFIX_DB_product_to_category` (`product_id`, `category_id`, `main_category`) VALUES ('48', '111', '0');
INSERT INTO `PREFIX_DB_product_to_category` (`product_id`, `category_id`, `main_category`) VALUES ('48', '118', '0');
INSERT INTO `PREFIX_DB_product_to_category` (`product_id`, `category_id`, `main_category`) VALUES ('48', '78', '0');
INSERT INTO `PREFIX_DB_product_to_category` (`product_id`, `category_id`, `main_category`) VALUES ('48', '92', '0');
INSERT INTO `PREFIX_DB_product_to_category` (`product_id`, `category_id`, `main_category`) VALUES ('48', '108', '0');
INSERT INTO `PREFIX_DB_product_to_category` (`product_id`, `category_id`, `main_category`) VALUES ('48', '74', '0');
INSERT INTO `PREFIX_DB_product_to_category` (`product_id`, `category_id`, `main_category`) VALUES ('48', '109', '0');
INSERT INTO `PREFIX_DB_product_to_category` (`product_id`, `category_id`, `main_category`) VALUES ('48', '117', '0');
INSERT INTO `PREFIX_DB_product_to_category` (`product_id`, `category_id`, `main_category`) VALUES ('48', '68', '0');
INSERT INTO `PREFIX_DB_product_to_category` (`product_id`, `category_id`, `main_category`) VALUES ('48', '94', '0');
INSERT INTO `PREFIX_DB_product_to_category` (`product_id`, `category_id`, `main_category`) VALUES ('48', '33', '0');
INSERT INTO `PREFIX_DB_product_to_category` (`product_id`, `category_id`, `main_category`) VALUES ('48', '121', '0');
INSERT INTO `PREFIX_DB_product_to_category` (`product_id`, `category_id`, `main_category`) VALUES ('48', '123', '0');
INSERT INTO `PREFIX_DB_product_to_category` (`product_id`, `category_id`, `main_category`) VALUES ('48', '88', '0');
INSERT INTO `PREFIX_DB_product_to_category` (`product_id`, `category_id`, `main_category`) VALUES ('48', '75', '0');
INSERT INTO `PREFIX_DB_product_to_category` (`product_id`, `category_id`, `main_category`) VALUES ('48', '34', '0');
INSERT INTO `PREFIX_DB_product_to_category` (`product_id`, `category_id`, `main_category`) VALUES ('48', '63', '0');
INSERT INTO `PREFIX_DB_product_to_category` (`product_id`, `category_id`, `main_category`) VALUES ('48', '120', '0');
INSERT INTO `PREFIX_DB_product_to_category` (`product_id`, `category_id`, `main_category`) VALUES ('48', '61', '0');
INSERT INTO `PREFIX_DB_product_to_category` (`product_id`, `category_id`, `main_category`) VALUES ('48', '103', '0');
INSERT INTO `PREFIX_DB_product_to_category` (`product_id`, `category_id`, `main_category`) VALUES ('48', '100', '0');
INSERT INTO `PREFIX_DB_product_to_category` (`product_id`, `category_id`, `main_category`) VALUES ('48', '45', '0');
INSERT INTO `PREFIX_DB_product_to_category` (`product_id`, `category_id`, `main_category`) VALUES ('48', '76', '0');
INSERT INTO `PREFIX_DB_product_to_category` (`product_id`, `category_id`, `main_category`) VALUES ('48', '95', '0');
INSERT INTO `PREFIX_DB_product_to_category` (`product_id`, `category_id`, `main_category`) VALUES ('48', '96', '0');
INSERT INTO `PREFIX_DB_product_to_category` (`product_id`, `category_id`, `main_category`) VALUES ('48', '46', '0');
INSERT INTO `PREFIX_DB_product_to_category` (`product_id`, `category_id`, `main_category`) VALUES ('48', '101', '0');
INSERT INTO `PREFIX_DB_product_to_category` (`product_id`, `category_id`, `main_category`) VALUES ('48', '91', '0');
INSERT INTO `PREFIX_DB_product_to_category` (`product_id`, `category_id`, `main_category`) VALUES ('48', '25', '0');
INSERT INTO `PREFIX_DB_product_to_category` (`product_id`, `category_id`, `main_category`) VALUES ('48', '98', '0');
INSERT INTO `PREFIX_DB_product_to_category` (`product_id`, `category_id`, `main_category`) VALUES ('48', '119', '0');
INSERT INTO `PREFIX_DB_product_to_category` (`product_id`, `category_id`, `main_category`) VALUES ('48', '104', '0');
INSERT INTO `PREFIX_DB_product_to_category` (`product_id`, `category_id`, `main_category`) VALUES ('48', '130', '0');
INSERT INTO `PREFIX_DB_product_to_category` (`product_id`, `category_id`, `main_category`) VALUES ('48', '59', '0');
INSERT INTO `PREFIX_DB_product_to_category` (`product_id`, `category_id`, `main_category`) VALUES ('48', '66', '0');
INSERT INTO `PREFIX_DB_product_to_category` (`product_id`, `category_id`, `main_category`) VALUES ('48', '65', '0');
INSERT INTO `PREFIX_DB_product_to_category` (`product_id`, `category_id`, `main_category`) VALUES ('48', '115', '0');
INSERT INTO `PREFIX_DB_product_to_category` (`product_id`, `category_id`, `main_category`) VALUES ('48', '106', '0');
INSERT INTO `PREFIX_DB_product_to_category` (`product_id`, `category_id`, `main_category`) VALUES ('48', '20', '0');
INSERT INTO `PREFIX_DB_product_to_category` (`product_id`, `category_id`, `main_category`) VALUES ('48', '116', '0');
INSERT INTO `PREFIX_DB_product_to_category` (`product_id`, `category_id`, `main_category`) VALUES ('48', '32', '0');
INSERT INTO `PREFIX_DB_product_to_category` (`product_id`, `category_id`, `main_category`) VALUES ('48', '71', '0');
INSERT INTO `PREFIX_DB_product_to_category` (`product_id`, `category_id`, `main_category`) VALUES ('48', '64', '0');
INSERT INTO `PREFIX_DB_product_to_category` (`product_id`, `category_id`, `main_category`) VALUES ('48', '24', '0');
INSERT INTO `PREFIX_DB_product_to_category` (`product_id`, `category_id`, `main_category`) VALUES ('48', '105', '0');
INSERT INTO `PREFIX_DB_product_to_category` (`product_id`, `category_id`, `main_category`) VALUES ('48', '102', '0');
INSERT INTO `PREFIX_DB_product_to_category` (`product_id`, `category_id`, `main_category`) VALUES ('30', '91', '0');
INSERT INTO `PREFIX_DB_product_to_category` (`product_id`, `category_id`, `main_category`) VALUES ('48', '69', '0');
INSERT INTO `PREFIX_DB_product_to_category` (`product_id`, `category_id`, `main_category`) VALUES ('48', '122', '0');
INSERT INTO `PREFIX_DB_product_to_category` (`product_id`, `category_id`, `main_category`) VALUES ('41', '70', '0');
INSERT INTO `PREFIX_DB_product_to_category` (`product_id`, `category_id`, `main_category`) VALUES ('41', '111', '0');
INSERT INTO `PREFIX_DB_product_to_category` (`product_id`, `category_id`, `main_category`) VALUES ('41', '110', '0');


TRUNCATE TABLE `PREFIX_DB_product_to_download`;



TRUNCATE TABLE `PREFIX_DB_product_to_layout`;

INSERT INTO `PREFIX_DB_product_to_layout` (`product_id`, `store_id`, `layout_id`) VALUES ('43', '0', '0');
INSERT INTO `PREFIX_DB_product_to_layout` (`product_id`, `store_id`, `layout_id`) VALUES ('50', '0', '0');
INSERT INTO `PREFIX_DB_product_to_layout` (`product_id`, `store_id`, `layout_id`) VALUES ('44', '0', '0');
INSERT INTO `PREFIX_DB_product_to_layout` (`product_id`, `store_id`, `layout_id`) VALUES ('30', '0', '0');
INSERT INTO `PREFIX_DB_product_to_layout` (`product_id`, `store_id`, `layout_id`) VALUES ('47', '0', '0');
INSERT INTO `PREFIX_DB_product_to_layout` (`product_id`, `store_id`, `layout_id`) VALUES ('45', '0', '0');
INSERT INTO `PREFIX_DB_product_to_layout` (`product_id`, `store_id`, `layout_id`) VALUES ('28', '0', '0');
INSERT INTO `PREFIX_DB_product_to_layout` (`product_id`, `store_id`, `layout_id`) VALUES ('41', '0', '0');
INSERT INTO `PREFIX_DB_product_to_layout` (`product_id`, `store_id`, `layout_id`) VALUES ('40', '0', '0');
INSERT INTO `PREFIX_DB_product_to_layout` (`product_id`, `store_id`, `layout_id`) VALUES ('48', '0', '0');
INSERT INTO `PREFIX_DB_product_to_layout` (`product_id`, `store_id`, `layout_id`) VALUES ('36', '0', '0');
INSERT INTO `PREFIX_DB_product_to_layout` (`product_id`, `store_id`, `layout_id`) VALUES ('34', '0', '0');
INSERT INTO `PREFIX_DB_product_to_layout` (`product_id`, `store_id`, `layout_id`) VALUES ('32', '0', '0');
INSERT INTO `PREFIX_DB_product_to_layout` (`product_id`, `store_id`, `layout_id`) VALUES ('49', '0', '0');
INSERT INTO `PREFIX_DB_product_to_layout` (`product_id`, `store_id`, `layout_id`) VALUES ('33', '0', '0');
INSERT INTO `PREFIX_DB_product_to_layout` (`product_id`, `store_id`, `layout_id`) VALUES ('31', '0', '0');
INSERT INTO `PREFIX_DB_product_to_layout` (`product_id`, `store_id`, `layout_id`) VALUES ('46', '0', '0');
INSERT INTO `PREFIX_DB_product_to_layout` (`product_id`, `store_id`, `layout_id`) VALUES ('29', '0', '0');


TRUNCATE TABLE `PREFIX_DB_product_to_store`;

INSERT INTO `PREFIX_DB_product_to_store` (`product_id`, `store_id`) VALUES ('28', '0');
INSERT INTO `PREFIX_DB_product_to_store` (`product_id`, `store_id`) VALUES ('29', '0');
INSERT INTO `PREFIX_DB_product_to_store` (`product_id`, `store_id`) VALUES ('30', '0');
INSERT INTO `PREFIX_DB_product_to_store` (`product_id`, `store_id`) VALUES ('31', '0');
INSERT INTO `PREFIX_DB_product_to_store` (`product_id`, `store_id`) VALUES ('32', '0');
INSERT INTO `PREFIX_DB_product_to_store` (`product_id`, `store_id`) VALUES ('33', '0');
INSERT INTO `PREFIX_DB_product_to_store` (`product_id`, `store_id`) VALUES ('34', '0');
INSERT INTO `PREFIX_DB_product_to_store` (`product_id`, `store_id`) VALUES ('36', '0');
INSERT INTO `PREFIX_DB_product_to_store` (`product_id`, `store_id`) VALUES ('40', '0');
INSERT INTO `PREFIX_DB_product_to_store` (`product_id`, `store_id`) VALUES ('41', '0');
INSERT INTO `PREFIX_DB_product_to_store` (`product_id`, `store_id`) VALUES ('43', '0');
INSERT INTO `PREFIX_DB_product_to_store` (`product_id`, `store_id`) VALUES ('44', '0');
INSERT INTO `PREFIX_DB_product_to_store` (`product_id`, `store_id`) VALUES ('45', '0');
INSERT INTO `PREFIX_DB_product_to_store` (`product_id`, `store_id`) VALUES ('46', '0');
INSERT INTO `PREFIX_DB_product_to_store` (`product_id`, `store_id`) VALUES ('47', '0');
INSERT INTO `PREFIX_DB_product_to_store` (`product_id`, `store_id`) VALUES ('48', '0');
INSERT INTO `PREFIX_DB_product_to_store` (`product_id`, `store_id`) VALUES ('49', '0');
INSERT INTO `PREFIX_DB_product_to_store` (`product_id`, `store_id`) VALUES ('50', '0');


TRUNCATE TABLE `PREFIX_DB_recurring`;



TRUNCATE TABLE `PREFIX_DB_recurring_description`;



TRUNCATE TABLE `PREFIX_DB_return`;



TRUNCATE TABLE `PREFIX_DB_return_action`;

INSERT INTO `PREFIX_DB_return_action` (`return_action_id`, `language_id`, `name`) VALUES ('1', '1', 'Возвращены средства');
INSERT INTO `PREFIX_DB_return_action` (`return_action_id`, `language_id`, `name`) VALUES ('2', '1', 'Выдан в кредит');
INSERT INTO `PREFIX_DB_return_action` (`return_action_id`, `language_id`, `name`) VALUES ('3', '1', 'Отправлена замена (отправлен другой товар для замены)');
INSERT INTO `PREFIX_DB_return_action` (`return_action_id`, `language_id`, `name`) VALUES ('1', '2', 'Refunded');
INSERT INTO `PREFIX_DB_return_action` (`return_action_id`, `language_id`, `name`) VALUES ('2', '2', 'Credit Issued');
INSERT INTO `PREFIX_DB_return_action` (`return_action_id`, `language_id`, `name`) VALUES ('3', '2', 'Replacement Sent');


TRUNCATE TABLE `PREFIX_DB_return_history`;



TRUNCATE TABLE `PREFIX_DB_return_reason`;

INSERT INTO `PREFIX_DB_return_reason` (`return_reason_id`, `language_id`, `name`) VALUES ('1', '1', 'Получен/доставлен неисправным (сломанным)');
INSERT INTO `PREFIX_DB_return_reason` (`return_reason_id`, `language_id`, `name`) VALUES ('2', '1', 'Получен не тот (ошибочный) товар');
INSERT INTO `PREFIX_DB_return_reason` (`return_reason_id`, `language_id`, `name`) VALUES ('4', '1', 'Ошибочный, пожалуйста, укажите/приложите подробности');
INSERT INTO `PREFIX_DB_return_reason` (`return_reason_id`, `language_id`, `name`) VALUES ('5', '1', 'Другое (другая причина), пожалуйста, укажите/приложите подробности');
INSERT INTO `PREFIX_DB_return_reason` (`return_reason_id`, `language_id`, `name`) VALUES ('1', '2', 'Dead On Arrival');
INSERT INTO `PREFIX_DB_return_reason` (`return_reason_id`, `language_id`, `name`) VALUES ('2', '2', 'Received Wrong Item');
INSERT INTO `PREFIX_DB_return_reason` (`return_reason_id`, `language_id`, `name`) VALUES ('4', '2', 'Faulty, please supply details');
INSERT INTO `PREFIX_DB_return_reason` (`return_reason_id`, `language_id`, `name`) VALUES ('5', '2', 'Other, please supply details');


TRUNCATE TABLE `PREFIX_DB_return_status`;

INSERT INTO `PREFIX_DB_return_status` (`return_status_id`, `language_id`, `name`) VALUES ('1', '1', 'В обработке');
INSERT INTO `PREFIX_DB_return_status` (`return_status_id`, `language_id`, `name`) VALUES ('3', '1', 'Готов (к отправке) / или Завершен');
INSERT INTO `PREFIX_DB_return_status` (`return_status_id`, `language_id`, `name`) VALUES ('2', '1', 'В ожидании');
INSERT INTO `PREFIX_DB_return_status` (`return_status_id`, `language_id`, `name`) VALUES ('1', '2', 'Pending');
INSERT INTO `PREFIX_DB_return_status` (`return_status_id`, `language_id`, `name`) VALUES ('3', '2', 'Complete');
INSERT INTO `PREFIX_DB_return_status` (`return_status_id`, `language_id`, `name`) VALUES ('2', '2', 'Awaiting Products');


TRUNCATE TABLE `PREFIX_DB_review`;

INSERT INTO `PREFIX_DB_review` (`review_id`, `product_id`, `customer_id`, `author`, `text`, `rating`, `status`, `date_added`, `date_modified`) VALUES ('25', '33', '0', 'Андрей ', 'Вот только ток глюк настораживает, после форматирования картинка застыла и аппарат нереагировал на кнопки, а экран продолжал показывать картинку и невыключался минут 25 не меньше хотя яего снял с крепления и он был без питания, я вообще непонял как он роботал от батарее которой хватает на 2-3мин судя по паспорт. данным. Потом экран погас, я его включил подсоеденил к питанию и он работает уже 3 день вроде бы как не вчем не бывало.', '5', '1', '2018-01-12 11:29:25', '2020-01-22 11:30:29');
INSERT INTO `PREFIX_DB_review` (`review_id`, `product_id`, `customer_id`, `author`, `text`, `rating`, `status`, `date_added`, `date_modified`) VALUES ('26', '33', '0', 'Денис', 'пользуюсь пару недель. претензий пока нет. надеюсь и не будет.', '5', '1', '2020-01-22 11:29:57', '2020-01-22 11:30:16');
INSERT INTO `PREFIX_DB_review` (`review_id`, `product_id`, `customer_id`, `author`, `text`, `rating`, `status`, `date_added`, `date_modified`) VALUES ('17', '28', '0', 'Анастаси', 'Очень довольна стиральной машиной. Покупали в комплекте с сушильной. Много режимов, ЕСТЬ подсветка барабана, стирает быстро, можно замачивать вещи в пене и ставить предварительную стирку. Очень довольна. Рекомендую. Стоит своих денег. Ну и большой плюс что можно устанавливать программы с телефона, управлять процессом стирки, видеть когда машина закончила стирать и если нет возможности вынуть белье включить функцию переворачивания чтобы вещи не залеживались и сильно не мялись.', '5', '1', '2019-08-20 09:46:15', '2020-01-22 09:47:28');
INSERT INTO `PREFIX_DB_review` (`review_id`, `product_id`, `customer_id`, `author`, `text`, `rating`, `status`, `date_added`, `date_modified`) VALUES ('18', '28', '0', 'Игорь', 'Вместительная, компактная, относительно тихая стиральная машина. Радует обилие режимов работы и наличие отложенного старта - ставите на ночь, а утром забираете постиранные вещи.', '5', '1', '2020-01-22 09:47:00', '2020-01-22 09:47:13');
INSERT INTO `PREFIX_DB_review` (`review_id`, `product_id`, `customer_id`, `author`, `text`, `rating`, `status`, `date_added`, `date_modified`) VALUES ('19', '48', '0', 'Дмитрий', 'Заказывал белые, пришли черные. Узнал об этом только когда жена распаковала на новый год, очень неприятно. Но сами часы разумеется огонь.', '5', '1', '2019-01-12 10:47:19', '2020-01-22 10:49:10');
INSERT INTO `PREFIX_DB_review` (`review_id`, `product_id`, `customer_id`, `author`, `text`, `rating`, `status`, `date_added`, `date_modified`) VALUES ('20', '48', '0', 'Максим', 'Лучшие умные часы на всем белом свете! Работают как швейцарские часы - четко и без глюков, отлично коннектится и взаимодействуют со всеми остальными яблочными девайсами) За это я и обожаю Apple! Они просто лучшие и все тут))) Любители андроида не обижайтесь)))', '5', '1', '2019-05-22 10:48:31', '2020-01-22 10:48:58');
INSERT INTO `PREFIX_DB_review` (`review_id`, `product_id`, `customer_id`, `author`, `text`, `rating`, `status`, `date_added`, `date_modified`) VALUES ('21', '49', '0', 'Яна', 'Классно выглядят на ноге, советую', '5', '1', '2019-07-12 11:07:13', '2020-01-22 11:11:46');
INSERT INTO `PREFIX_DB_review` (`review_id`, `product_id`, `customer_id`, `author`, `text`, `rating`, `status`, `date_added`, `date_modified`) VALUES ('22', '49', '0', 'Игорь', 'Отличная сцепка с покрытием:асфальт,спортзал...!!', '5', '1', '2020-01-22 11:07:54', '2020-01-22 11:11:35');
INSERT INTO `PREFIX_DB_review` (`review_id`, `product_id`, `customer_id`, `author`, `text`, `rating`, `status`, `date_added`, `date_modified`) VALUES ('23', '41', '0', 'Максим', 'Принципиально выбирал белый корпус. Этот выиграл цена/качество/вид! В начале смотрел на старшую модель (550), но усмотрел проблемы с продуваемостью. NZXT в 2 раза дороже и тоже со своими проблемами. Но если собираетесь ставить &quot;горячую&quot; начинку, то лучше присмотреть более продуваемый корпус или колхозить с перфорацией. Хорошая карта и проц будут быстро создавать в корпусе температуру парилки. 4 вентилятора не успевают прогонять воздух через воздушные сетки на лицевой панеле и верхней крышке. Доставлю ещё 2-3 вентилятора и посмотрю что получится. Отсек для HDD придется варварски демонтировать чтоб не мешал проводам БП.', '5', '1', '2019-07-12 11:12:58', '2020-01-22 11:14:03');
INSERT INTO `PREFIX_DB_review` (`review_id`, `product_id`, `customer_id`, `author`, `text`, `rating`, `status`, `date_added`, `date_modified`) VALUES ('24', '41', '0', 'Валентин', 'Очень шумный, а так не плохой, по комплектации и по начинке', '5', '1', '2020-01-22 11:13:45', '2020-01-22 11:13:53');
INSERT INTO `PREFIX_DB_review` (`review_id`, `product_id`, `customer_id`, `author`, `text`, `rating`, `status`, `date_added`, `date_modified`) VALUES ('27', '43', '0', 'Яна', 'Очень довольны продукцией данного бренда.нравится. Внешне выглядит хорошо. Качество на высоте. К покупке рекомендую.', '5', '1', '2020-01-25 15:07:03', '2020-01-25 15:07:55');
INSERT INTO `PREFIX_DB_review` (`review_id`, `product_id`, `customer_id`, `author`, `text`, `rating`, `status`, `date_added`, `date_modified`) VALUES ('28', '43', '0', 'Денис', 'Тот редкий случай когда и доставка оказалась быстрой и товар порадовал своим качеством. Отдельная благодарность продавцу за быстрый отклик, очень вежливая и приятная девушка. Не беспокойтесь, всё подошло)', '5', '1', '2020-01-15 15:07:40', '2020-01-25 15:07:52');
INSERT INTO `PREFIX_DB_review` (`review_id`, `product_id`, `customer_id`, `author`, `text`, `rating`, `status`, `date_added`, `date_modified`) VALUES ('29', '45', '0', 'Андрей', 'Хорошие, красивые сережки, купил дочке, брильянтов правда не видно совсем, считай что из нет, но топаз очень красиво смотрится и блестит', '5', '1', '2019-07-15 16:42:33', '2020-01-25 16:47:11');
INSERT INTO `PREFIX_DB_review` (`review_id`, `product_id`, `customer_id`, `author`, `text`, `rating`, `status`, `date_added`, `date_modified`) VALUES ('30', '45', '0', 'Славик', 'Подарил маме. Классное украшение из золота. Говорит носится хорошо, качество в норме', '5', '1', '2019-11-25 16:45:02', '2020-01-25 16:47:03');
INSERT INTO `PREFIX_DB_review` (`review_id`, `product_id`, `customer_id`, `author`, `text`, `rating`, `status`, `date_added`, `date_modified`) VALUES ('31', '29', '0', 'Леонид', 'Какая милота,флакончик просто прелесть', '5', '1', '2020-01-15 16:46:01', '2020-01-25 16:46:56');
INSERT INTO `PREFIX_DB_review` (`review_id`, `product_id`, `customer_id`, `author`, `text`, `rating`, `status`, `date_added`, `date_modified`) VALUES ('32', '29', '0', 'Татьяна', 'Прочитала комментарии и решила на весну попробовать тк и аромат изысканный и держится долго Но увы ! - еле слышен и недолго Деньги на ветер', '3', '1', '2019-11-25 16:46:26', '2020-01-25 17:31:51');
INSERT INTO `PREFIX_DB_review` (`review_id`, `product_id`, `customer_id`, `author`, `text`, `rating`, `status`, `date_added`, `date_modified`) VALUES ('33', '44', '0', 'Валентин ', 'Начал хриппеть правый динамик, ещё на гарантии. Хочу узнать есть ли в Каменское или Херсоне сервисный центр?', '5', '1', '2020-01-05 16:51:32', '2020-01-25 16:53:17');
INSERT INTO `PREFIX_DB_review` (`review_id`, `product_id`, `customer_id`, `author`, `text`, `rating`, `status`, `date_added`, `date_modified`) VALUES ('34', '44', '0', 'Михаил ', 'Звук хороший, басы четкие.Качество сборки полностью устраивает.Хорошая вещь, которая стоит своих денег', '5', '1', '2019-11-25 16:52:09', '2020-01-25 16:53:10');
INSERT INTO `PREFIX_DB_review` (`review_id`, `product_id`, `customer_id`, `author`, `text`, `rating`, `status`, `date_added`, `date_modified`) VALUES ('35', '32', '0', 'Дмитрий ', 'Машинка бомба! Ребёнку очень понравилась. Гоняет как бешеная.', '5', '1', '2020-01-25 17:00:28', '2020-01-25 17:00:38');
INSERT INTO `PREFIX_DB_review` (`review_id`, `product_id`, `customer_id`, `author`, `text`, `rating`, `status`, `date_added`, `date_modified`) VALUES ('36', '32', '0', 'Юрий ', 'Малому хватило только на пол часа , перестали крутится задние колеса.', '2', '1', '2019-11-25 17:05:02', '2020-01-25 17:05:17');
INSERT INTO `PREFIX_DB_review` (`review_id`, `product_id`, `customer_id`, `author`, `text`, `rating`, `status`, `date_added`, `date_modified`) VALUES ('37', '40', '0', 'Сергей ', 'Fallout 4 тянет на 60 стабильных фпс', '5', '1', '2019-11-15 17:09:33', '2020-01-25 17:13:08');
INSERT INTO `PREFIX_DB_review` (`review_id`, `product_id`, `customer_id`, `author`, `text`, `rating`, `status`, `date_added`, `date_modified`) VALUES ('38', '40', '0', 'Алексей ', 'Ноутбук HP OMEN X 17 То что надо!', '5', '1', '2019-01-25 17:10:10', '2020-01-25 17:10:28');
INSERT INTO `PREFIX_DB_review` (`review_id`, `product_id`, `customer_id`, `author`, `text`, `rating`, `status`, `date_added`, `date_modified`) VALUES ('39', '47', '0', 'Яна ', 'Хорошая матовая помада- шикарные оттенки, приятная текстура', '5', '1', '2020-01-15 17:18:43', '2020-01-25 17:19:39');
INSERT INTO `PREFIX_DB_review` (`review_id`, `product_id`, `customer_id`, `author`, `text`, `rating`, `status`, `date_added`, `date_modified`) VALUES ('40', '47', '0', 'Надя', 'Хороший Лореаль. Действительно матовый. Действительно НАТУРАЛЬНЫЙ коричневый цвет (№654)', '5', '1', '2020-01-25 17:19:17', '2020-01-25 17:19:32');
INSERT INTO `PREFIX_DB_review` (`review_id`, `product_id`, `customer_id`, `author`, `text`, `rating`, `status`, `date_added`, `date_modified`) VALUES ('41', '36', '0', 'Олена', 'Довольна покупкой, хорошее качество, стильная, соответствует размерной сетке.', '5', '1', '2019-11-25 17:29:14', '2020-01-25 17:31:58');
INSERT INTO `PREFIX_DB_review` (`review_id`, `product_id`, `customer_id`, `author`, `text`, `rating`, `status`, `date_added`, `date_modified`) VALUES ('42', '36', '0', 'Елена ', 'Довольна покупкой, хорошее качество, стильная, соответствует размерной сетке.', '4', '1', '2019-11-25 17:31:10', '2020-01-25 17:31:26');
INSERT INTO `PREFIX_DB_review` (`review_id`, `product_id`, `customer_id`, `author`, `text`, `rating`, `status`, `date_added`, `date_modified`) VALUES ('43', '34', '0', 'Анна', 'Сумочка на любой вечерний выход, необходимая вещь в гардеробе каждой дамы.', '5', '1', '2020-11-15 19:06:14', '2020-01-25 19:07:08');
INSERT INTO `PREFIX_DB_review` (`review_id`, `product_id`, `customer_id`, `author`, `text`, `rating`, `status`, `date_added`, `date_modified`) VALUES ('44', '34', '0', 'Мария ', 'Заказала и была приятно удивлена. Красивый и вместительный, ничего лишнего и очень елегантный. К вечернему наряду то что нужно.', '5', '1', '2019-11-15 19:06:35', '2020-01-25 19:06:57');
INSERT INTO `PREFIX_DB_review` (`review_id`, `product_id`, `customer_id`, `author`, `text`, `rating`, `status`, `date_added`, `date_modified`) VALUES ('45', '46', '0', 'Мария ', 'Заказала и была приятно удивлена. Красивый и вместительный, ничего лишнего и очень елегантный. К вечернему наряду то что нужно.', '5', '1', '2020-01-25 19:09:42', '2020-01-25 19:10:40');
INSERT INTO `PREFIX_DB_review` (`review_id`, `product_id`, `customer_id`, `author`, `text`, `rating`, `status`, `date_added`, `date_modified`) VALUES ('46', '46', '0', 'Юлия', 'Цена/качество Клатч очень элегантный, качественный и презентабельный. Несмотря на не большой размер, довольно вместительный. Рекомендую', '5', '1', '2019-11-15 19:11:22', '2020-01-25 19:11:37');
INSERT INTO `PREFIX_DB_review` (`review_id`, `product_id`, `customer_id`, `author`, `text`, `rating`, `status`, `date_added`, `date_modified`) VALUES ('47', '33', '0', 'rtyyhrtyrt', 'ytryrtyrtyry rtytryrtytryrt', '5', '0', '2020-02-04 08:58:48', '0000-00-00 00:00:00');


TRUNCATE TABLE `PREFIX_DB_review_dig_lim`;

INSERT INTO `PREFIX_DB_review_dig_lim` (`review_id`, `dignity`, `limitations`) VALUES ('16', '', '');
INSERT INTO `PREFIX_DB_review_dig_lim` (`review_id`, `dignity`, `limitations`) VALUES ('17', 'Одни достоинства', 'Не обнаружила');
INSERT INTO `PREFIX_DB_review_dig_lim` (`review_id`, `dignity`, `limitations`) VALUES ('18', 'WiFi, габариты, объём', 'Для удаленного старта необходимо нажать кнопки на стиральной машине, что нивелирует эту функцию.');
INSERT INTO `PREFIX_DB_review_dig_lim` (`review_id`, `dignity`, `limitations`) VALUES ('19', 'Сам товар', 'Сервис');
INSERT INTO `PREFIX_DB_review_dig_lim` (`review_id`, `dignity`, `limitations`) VALUES ('20', 'Лучшие умные часы в мире', 'для меня их нет');
INSERT INTO `PREFIX_DB_review_dig_lim` (`review_id`, `dignity`, `limitations`) VALUES ('21', 'Легкие', 'Цена');
INSERT INTO `PREFIX_DB_review_dig_lim` (`review_id`, `dignity`, `limitations`) VALUES ('22', 'Жёсткая амортизация.', 'Нет');
INSERT INTO `PREFIX_DB_review_dig_lim` (`review_id`, `dignity`, `limitations`) VALUES ('23', 'Минимализм', 'Слабая продуваемость, нет возможности полностью убрать отсек для HDD');
INSERT INTO `PREFIX_DB_review_dig_lim` (`review_id`, `dignity`, `limitations`) VALUES ('24', 'Начинка и комплект', 'Шум');
INSERT INTO `PREFIX_DB_review_dig_lim` (`review_id`, `dignity`, `limitations`) VALUES ('25', 'Хороший регистратор, за такие деньги. Подключил заднюю камеру все ок. Магнитное крепление держит класс', 'один раз глюканул, после фарматирования. Теперь пишит “карта заполнина“ а по кругу гонять не хочит. В чем проблема непойму.');
INSERT INTO `PREFIX_DB_review_dig_lim` (`review_id`, `dignity`, `limitations`) VALUES ('26', 'пока все ок!', 'пока все ок!');
INSERT INTO `PREFIX_DB_review_dig_lim` (`review_id`, `dignity`, `limitations`) VALUES ('27', 'Пальто высокого качества. Все аккуратно прострочено. В мороз не холодно.', 'Нет');
INSERT INTO `PREFIX_DB_review_dig_lim` (`review_id`, `dignity`, `limitations`) VALUES ('28', 'Сидит идеально!', 'Хотелось бы иметь второй внутренний карман с правой стороны, но это вопрос привычки, а недостатков нет!');
INSERT INTO `PREFIX_DB_review_dig_lim` (`review_id`, `dignity`, `limitations`) VALUES ('29', '', '');
INSERT INTO `PREFIX_DB_review_dig_lim` (`review_id`, `dignity`, `limitations`) VALUES ('30', 'золото', 'нет');
INSERT INTO `PREFIX_DB_review_dig_lim` (`review_id`, `dignity`, `limitations`) VALUES ('31', 'Для лета идеален', 'нет');
INSERT INTO `PREFIX_DB_review_dig_lim` (`review_id`, `dignity`, `limitations`) VALUES ('32', 'не нашла', 'Очень неудобно открывается крышечка Очень быстро аромат исчезает');
INSERT INTO `PREFIX_DB_review_dig_lim` (`review_id`, `dignity`, `limitations`) VALUES ('33', 'Звук был очень хорошим пока динамик не захрипел', 'Не отключается индикатор зарядки при полной зарядке');
INSERT INTO `PREFIX_DB_review_dig_lim` (`review_id`, `dignity`, `limitations`) VALUES ('34', 'Заук', 'Слышал о проблемах с батареей, они не пугают');
INSERT INTO `PREFIX_DB_review_dig_lim` (`review_id`, `dignity`, `limitations`) VALUES ('35', '', '');
INSERT INTO `PREFIX_DB_review_dig_lim` (`review_id`, `dignity`, `limitations`) VALUES ('36', 'Быстрая , красивая', 'Проработала 30минут');
INSERT INTO `PREFIX_DB_review_dig_lim` (`review_id`, `dignity`, `limitations`) VALUES ('37', 'Топ', 'Нет');
INSERT INTO `PREFIX_DB_review_dig_lim` (`review_id`, `dignity`, `limitations`) VALUES ('38', 'Много оперативки', 'Цена');
INSERT INTO `PREFIX_DB_review_dig_lim` (`review_id`, `dignity`, `limitations`) VALUES ('39', 'Цвет, стойкость', 'может сушить губы');
INSERT INTO `PREFIX_DB_review_dig_lim` (`review_id`, `dignity`, `limitations`) VALUES ('40', 'Цена, оттенок', 'очень сушит губы');
INSERT INTO `PREFIX_DB_review_dig_lim` (`review_id`, `dignity`, `limitations`) VALUES ('41', 'Качество', 'Сзади длинноватая');
INSERT INTO `PREFIX_DB_review_dig_lim` (`review_id`, `dignity`, `limitations`) VALUES ('42', 'Хлопок ', 'дешево смотрится');
INSERT INTO `PREFIX_DB_review_dig_lim` (`review_id`, `dignity`, `limitations`) VALUES ('43', '', '');
INSERT INTO `PREFIX_DB_review_dig_lim` (`review_id`, `dignity`, `limitations`) VALUES ('44', 'Цена и качество.', 'Нет');
INSERT INTO `PREFIX_DB_review_dig_lim` (`review_id`, `dignity`, `limitations`) VALUES ('45', 'Цена и качество.', 'Нет');
INSERT INTO `PREFIX_DB_review_dig_lim` (`review_id`, `dignity`, `limitations`) VALUES ('46', 'Цена', 'Нет');
INSERT INTO `PREFIX_DB_review_dig_lim` (`review_id`, `dignity`, `limitations`) VALUES ('47', 'rtyrty', 'ytr');


TRUNCATE TABLE `PREFIX_DB_setting`;

INSERT INTO `PREFIX_DB_setting` (`setting_id`, `store_id`, `code`, `key`, `value`, `serialized`) VALUES ('4', '0', 'voucher', 'voucher_sort_order', '8', '0');
INSERT INTO `PREFIX_DB_setting` (`setting_id`, `store_id`, `code`, `key`, `value`, `serialized`) VALUES ('5', '0', 'voucher', 'voucher_status', '1', '0');
INSERT INTO `PREFIX_DB_setting` (`setting_id`, `store_id`, `code`, `key`, `value`, `serialized`) VALUES ('96', '0', 'free_checkout', 'free_checkout_status', '1', '0');
INSERT INTO `PREFIX_DB_setting` (`setting_id`, `store_id`, `code`, `key`, `value`, `serialized`) VALUES ('97', '0', 'free_checkout', 'free_checkout_order_status_id', '1', '0');
INSERT INTO `PREFIX_DB_setting` (`setting_id`, `store_id`, `code`, `key`, `value`, `serialized`) VALUES ('98', '0', 'shipping', 'shipping_sort_order', '3', '0');
INSERT INTO `PREFIX_DB_setting` (`setting_id`, `store_id`, `code`, `key`, `value`, `serialized`) VALUES ('99', '0', 'sub_total', 'sub_total_sort_order', '1', '0');
INSERT INTO `PREFIX_DB_setting` (`setting_id`, `store_id`, `code`, `key`, `value`, `serialized`) VALUES ('100', '0', 'sub_total', 'sub_total_status', '1', '0');
INSERT INTO `PREFIX_DB_setting` (`setting_id`, `store_id`, `code`, `key`, `value`, `serialized`) VALUES ('154803', '0', 'tax', 'tax_sort_order', '5', '0');
INSERT INTO `PREFIX_DB_setting` (`setting_id`, `store_id`, `code`, `key`, `value`, `serialized`) VALUES ('102', '0', 'total', 'total_sort_order', '9', '0');
INSERT INTO `PREFIX_DB_setting` (`setting_id`, `store_id`, `code`, `key`, `value`, `serialized`) VALUES ('103', '0', 'total', 'total_status', '1', '0');
INSERT INTO `PREFIX_DB_setting` (`setting_id`, `store_id`, `code`, `key`, `value`, `serialized`) VALUES ('154802', '0', 'tax', 'tax_status', '0', '0');
INSERT INTO `PREFIX_DB_setting` (`setting_id`, `store_id`, `code`, `key`, `value`, `serialized`) VALUES ('105', '0', 'free_checkout', 'free_checkout_sort_order', '1', '0');
INSERT INTO `PREFIX_DB_setting` (`setting_id`, `store_id`, `code`, `key`, `value`, `serialized`) VALUES ('106', '0', 'cod', 'cod_sort_order', '5', '0');
INSERT INTO `PREFIX_DB_setting` (`setting_id`, `store_id`, `code`, `key`, `value`, `serialized`) VALUES ('107', '0', 'cod', 'cod_total', '0.01', '0');
INSERT INTO `PREFIX_DB_setting` (`setting_id`, `store_id`, `code`, `key`, `value`, `serialized`) VALUES ('108', '0', 'cod', 'cod_order_status_id', '1', '0');
INSERT INTO `PREFIX_DB_setting` (`setting_id`, `store_id`, `code`, `key`, `value`, `serialized`) VALUES ('109', '0', 'cod', 'cod_geo_zone_id', '0', '0');
INSERT INTO `PREFIX_DB_setting` (`setting_id`, `store_id`, `code`, `key`, `value`, `serialized`) VALUES ('110', '0', 'cod', 'cod_status', '1', '0');
INSERT INTO `PREFIX_DB_setting` (`setting_id`, `store_id`, `code`, `key`, `value`, `serialized`) VALUES ('111', '0', 'shipping', 'shipping_status', '1', '0');
INSERT INTO `PREFIX_DB_setting` (`setting_id`, `store_id`, `code`, `key`, `value`, `serialized`) VALUES ('112', '0', 'shipping', 'shipping_estimator', '1', '0');
INSERT INTO `PREFIX_DB_setting` (`setting_id`, `store_id`, `code`, `key`, `value`, `serialized`) VALUES ('113', '0', 'coupon', 'coupon_sort_order', '4', '0');
INSERT INTO `PREFIX_DB_setting` (`setting_id`, `store_id`, `code`, `key`, `value`, `serialized`) VALUES ('114', '0', 'coupon', 'coupon_status', '1', '0');
INSERT INTO `PREFIX_DB_setting` (`setting_id`, `store_id`, `code`, `key`, `value`, `serialized`) VALUES ('115', '0', 'flat', 'flat_sort_order', '1', '0');
INSERT INTO `PREFIX_DB_setting` (`setting_id`, `store_id`, `code`, `key`, `value`, `serialized`) VALUES ('116', '0', 'flat', 'flat_status', '1', '0');
INSERT INTO `PREFIX_DB_setting` (`setting_id`, `store_id`, `code`, `key`, `value`, `serialized`) VALUES ('117', '0', 'flat', 'flat_geo_zone_id', '0', '0');
INSERT INTO `PREFIX_DB_setting` (`setting_id`, `store_id`, `code`, `key`, `value`, `serialized`) VALUES ('118', '0', 'flat', 'flat_tax_class_id', '9', '0');
INSERT INTO `PREFIX_DB_setting` (`setting_id`, `store_id`, `code`, `key`, `value`, `serialized`) VALUES ('119', '0', 'flat', 'flat_cost', '5.00', '0');
INSERT INTO `PREFIX_DB_setting` (`setting_id`, `store_id`, `code`, `key`, `value`, `serialized`) VALUES ('120', '0', 'credit', 'credit_sort_order', '7', '0');
INSERT INTO `PREFIX_DB_setting` (`setting_id`, `store_id`, `code`, `key`, `value`, `serialized`) VALUES ('121', '0', 'credit', 'credit_status', '1', '0');
INSERT INTO `PREFIX_DB_setting` (`setting_id`, `store_id`, `code`, `key`, `value`, `serialized`) VALUES ('122', '0', 'reward', 'reward_sort_order', '2', '0');
INSERT INTO `PREFIX_DB_setting` (`setting_id`, `store_id`, `code`, `key`, `value`, `serialized`) VALUES ('123', '0', 'reward', 'reward_status', '1', '0');
INSERT INTO `PREFIX_DB_setting` (`setting_id`, `store_id`, `code`, `key`, `value`, `serialized`) VALUES ('124', '0', 'category', 'category_status', '1', '0');
INSERT INTO `PREFIX_DB_setting` (`setting_id`, `store_id`, `code`, `key`, `value`, `serialized`) VALUES ('125', '0', 'account', 'account_status', '1', '0');
INSERT INTO `PREFIX_DB_setting` (`setting_id`, `store_id`, `code`, `key`, `value`, `serialized`) VALUES ('126', '0', 'affiliate', 'affiliate_status', '1', '0');
INSERT INTO `PREFIX_DB_setting` (`setting_id`, `store_id`, `code`, `key`, `value`, `serialized`) VALUES ('151', '0', 'dashboard_activity', 'dashboard_activity_status', '1', '0');
INSERT INTO `PREFIX_DB_setting` (`setting_id`, `store_id`, `code`, `key`, `value`, `serialized`) VALUES ('152', '0', 'dashboard_activity', 'dashboard_activity_sort_order', '7', '0');
INSERT INTO `PREFIX_DB_setting` (`setting_id`, `store_id`, `code`, `key`, `value`, `serialized`) VALUES ('153', '0', 'dashboard_sale', 'dashboard_sale_status', '1', '0');
INSERT INTO `PREFIX_DB_setting` (`setting_id`, `store_id`, `code`, `key`, `value`, `serialized`) VALUES ('154', '0', 'dashboard_sale', 'dashboard_sale_width', '3', '0');
INSERT INTO `PREFIX_DB_setting` (`setting_id`, `store_id`, `code`, `key`, `value`, `serialized`) VALUES ('155', '0', 'dashboard_chart', 'dashboard_chart_status', '1', '0');
INSERT INTO `PREFIX_DB_setting` (`setting_id`, `store_id`, `code`, `key`, `value`, `serialized`) VALUES ('156', '0', 'dashboard_chart', 'dashboard_chart_width', '6', '0');
INSERT INTO `PREFIX_DB_setting` (`setting_id`, `store_id`, `code`, `key`, `value`, `serialized`) VALUES ('157', '0', 'dashboard_customer', 'dashboard_customer_status', '1', '0');
INSERT INTO `PREFIX_DB_setting` (`setting_id`, `store_id`, `code`, `key`, `value`, `serialized`) VALUES ('158', '0', 'dashboard_customer', 'dashboard_customer_width', '3', '0');
INSERT INTO `PREFIX_DB_setting` (`setting_id`, `store_id`, `code`, `key`, `value`, `serialized`) VALUES ('159', '0', 'dashboard_map', 'dashboard_map_status', '1', '0');
INSERT INTO `PREFIX_DB_setting` (`setting_id`, `store_id`, `code`, `key`, `value`, `serialized`) VALUES ('160', '0', 'dashboard_map', 'dashboard_map_width', '6', '0');
INSERT INTO `PREFIX_DB_setting` (`setting_id`, `store_id`, `code`, `key`, `value`, `serialized`) VALUES ('161', '0', 'dashboard_online', 'dashboard_online_status', '1', '0');
INSERT INTO `PREFIX_DB_setting` (`setting_id`, `store_id`, `code`, `key`, `value`, `serialized`) VALUES ('162', '0', 'dashboard_online', 'dashboard_online_width', '3', '0');
INSERT INTO `PREFIX_DB_setting` (`setting_id`, `store_id`, `code`, `key`, `value`, `serialized`) VALUES ('163', '0', 'dashboard_order', 'dashboard_order_sort_order', '1', '0');
INSERT INTO `PREFIX_DB_setting` (`setting_id`, `store_id`, `code`, `key`, `value`, `serialized`) VALUES ('164', '0', 'dashboard_order', 'dashboard_order_status', '1', '0');
INSERT INTO `PREFIX_DB_setting` (`setting_id`, `store_id`, `code`, `key`, `value`, `serialized`) VALUES ('165', '0', 'dashboard_order', 'dashboard_order_width', '3', '0');
INSERT INTO `PREFIX_DB_setting` (`setting_id`, `store_id`, `code`, `key`, `value`, `serialized`) VALUES ('166', '0', 'dashboard_sale', 'dashboard_sale_sort_order', '2', '0');
INSERT INTO `PREFIX_DB_setting` (`setting_id`, `store_id`, `code`, `key`, `value`, `serialized`) VALUES ('167', '0', 'dashboard_customer', 'dashboard_customer_sort_order', '3', '0');
INSERT INTO `PREFIX_DB_setting` (`setting_id`, `store_id`, `code`, `key`, `value`, `serialized`) VALUES ('168', '0', 'dashboard_online', 'dashboard_online_sort_order', '4', '0');
INSERT INTO `PREFIX_DB_setting` (`setting_id`, `store_id`, `code`, `key`, `value`, `serialized`) VALUES ('169', '0', 'dashboard_map', 'dashboard_map_sort_order', '5', '0');
INSERT INTO `PREFIX_DB_setting` (`setting_id`, `store_id`, `code`, `key`, `value`, `serialized`) VALUES ('170', '0', 'dashboard_chart', 'dashboard_chart_sort_order', '6', '0');
INSERT INTO `PREFIX_DB_setting` (`setting_id`, `store_id`, `code`, `key`, `value`, `serialized`) VALUES ('171', '0', 'dashboard_recent', 'dashboard_recent_status', '1', '0');
INSERT INTO `PREFIX_DB_setting` (`setting_id`, `store_id`, `code`, `key`, `value`, `serialized`) VALUES ('172', '0', 'dashboard_recent', 'dashboard_recent_sort_order', '8', '0');
INSERT INTO `PREFIX_DB_setting` (`setting_id`, `store_id`, `code`, `key`, `value`, `serialized`) VALUES ('173', '0', 'dashboard_activity', 'dashboard_activity_width', '4', '0');
INSERT INTO `PREFIX_DB_setting` (`setting_id`, `store_id`, `code`, `key`, `value`, `serialized`) VALUES ('174', '0', 'dashboard_recent', 'dashboard_recent_width', '8', '0');
INSERT INTO `PREFIX_DB_setting` (`setting_id`, `store_id`, `code`, `key`, `value`, `serialized`) VALUES ('534775', '0', 'aridiusinstock', 'aridiusinstock_description2', '{"1":"&lt;p&gt;\\u0421\\u043f\\u0430\\u0441\\u0438\\u0431\\u043e, \\u043f\\u043e\\u0441\\u043b\\u0435 \\u043f\\u043e\\u043b\\u0443\\u0447\\u0435\\u043d\\u0438\\u044f \\u0442\\u043e\\u0432\\u0430\\u0440\\u0430 \\u043c\\u044b \\u0441\\u0432\\u044f\\u0436\\u0435\\u043c\\u0441\\u044f \\u0441 \\u0432\\u0430\\u043c\\u0438!&lt;br&gt;&lt;\\/p&gt;","2":"&lt;p&gt;\\u0421\\u043f\\u0430\\u0441\\u0438\\u0431\\u043e, \\u043f\\u043e\\u0441\\u043b\\u0435 \\u043f\\u043e\\u043b\\u0443\\u0447\\u0435\\u043d\\u0438\\u044f \\u0442\\u043e\\u0432\\u0430\\u0440\\u0430 \\u043c\\u044b \\u0441\\u0432\\u044f\\u0436\\u0435\\u043c\\u0441\\u044f \\u0441 \\u0432\\u0430\\u043c\\u0438!&lt;br&gt;&lt;\\/p&gt;"}', '1');
INSERT INTO `PREFIX_DB_setting` (`setting_id`, `store_id`, `code`, `key`, `value`, `serialized`) VALUES ('619685', '0', 'aurus', 'aurus_color74', '#ffffff', '0');
INSERT INTO `PREFIX_DB_setting` (`setting_id`, `store_id`, `code`, `key`, `value`, `serialized`) VALUES ('619684', '0', 'aurus', 'aurus_color73', '#96C4F2', '0');
INSERT INTO `PREFIX_DB_setting` (`setting_id`, `store_id`, `code`, `key`, `value`, `serialized`) VALUES ('534772', '0', 'aridiusinstock', 'aridiusinstock_placeholderemail', '{"1":"E-mail","2":"E-mail"}', '1');
INSERT INTO `PREFIX_DB_setting` (`setting_id`, `store_id`, `code`, `key`, `value`, `serialized`) VALUES ('534773', '0', 'aridiusinstock', 'aridiusinstock_status', '1', '0');
INSERT INTO `PREFIX_DB_setting` (`setting_id`, `store_id`, `code`, `key`, `value`, `serialized`) VALUES ('534774', '0', 'aridiusinstock', 'aridiusinstock_description', '{"1":"&lt;span style=&quot;font-size: 12px;&quot;&gt;\\u041d\\u0430\\u0436\\u0438\\u043c\\u0430\\u044f \\u043d\\u0430 \\u043a\\u043d\\u043e\\u043f\\u043a\\u0443 \\u00ab\\u041e\\u0442\\u043f\\u0440\\u0430\\u0432\\u0438\\u0442\\u044c\\u00bb, \\u044f \\u0434\\u0430\\u044e c\\u043e\\u0433\\u043b\\u0430\\u0441\\u0438\\u0435 \\u043d\\u0430 &lt;a href=&quot;person_danie&quot; target=&quot;_blank&quot;&gt;\\u043e\\u0431\\u0440\\u0430\\u0431\\u043e\\u0442\\u043a\\u0443 \\u043f\\u0435\\u0440\\u0441\\u043e\\u043d\\u0430\\u043b\\u044c\\u043d\\u044b\\u0445 \\u0434\\u0430\\u043d\\u043d\\u044b\\u0445.&lt;\\/a&gt;&lt;\\/span&gt;","2":"&lt;span style=&quot;font-size: 12px;&quot;&gt;\\u041d\\u0430\\u0436\\u0438\\u043c\\u0430\\u044f \\u043d\\u0430 \\u043a\\u043d\\u043e\\u043f\\u043a\\u0443 \\u00ab\\u041e\\u0442\\u043f\\u0440\\u0430\\u0432\\u0438\\u0442\\u044c\\u00bb, \\u044f \\u0434\\u0430\\u044e c\\u043e\\u0433\\u043b\\u0430\\u0441\\u0438\\u0435 \\u043d\\u0430 &lt;a href=&quot;person_danie&quot; target=&quot;_blank&quot;&gt;\\u043e\\u0431\\u0440\\u0430\\u0431\\u043e\\u0442\\u043a\\u0443 \\u043f\\u0435\\u0440\\u0441\\u043e\\u043d\\u0430\\u043b\\u044c\\u043d\\u044b\\u0445 \\u0434\\u0430\\u043d\\u043d\\u044b\\u0445.&lt;\\/a&gt;&lt;\\/span&gt;"}', '1');
INSERT INTO `PREFIX_DB_setting` (`setting_id`, `store_id`, `code`, `key`, `value`, `serialized`) VALUES ('534771', '0', 'aridiusinstock', 'aridiusinstock_emailvalid', '0', '0');
INSERT INTO `PREFIX_DB_setting` (`setting_id`, `store_id`, `code`, `key`, `value`, `serialized`) VALUES ('534757', '0', 'aridiusinstock', 'aridiusinstock_mail_send', '0', '0');
INSERT INTO `PREFIX_DB_setting` (`setting_id`, `store_id`, `code`, `key`, `value`, `serialized`) VALUES ('534758', '0', 'aridiusinstock', 'aridiusinstock_descriptionshow', '0', '0');
INSERT INTO `PREFIX_DB_setting` (`setting_id`, `store_id`, `code`, `key`, `value`, `serialized`) VALUES ('534759', '0', 'aridiusinstock', 'aridiusinstock_img', '0', '0');
INSERT INTO `PREFIX_DB_setting` (`setting_id`, `store_id`, `code`, `key`, `value`, `serialized`) VALUES ('534760', '0', 'aridiusinstock', 'aridiusinstock_imgw', '125', '0');
INSERT INTO `PREFIX_DB_setting` (`setting_id`, `store_id`, `code`, `key`, `value`, `serialized`) VALUES ('534761', '0', 'aridiusinstock', 'aridiusinstock_imgh', '125', '0');
INSERT INTO `PREFIX_DB_setting` (`setting_id`, `store_id`, `code`, `key`, `value`, `serialized`) VALUES ('534762', '0', 'aridiusinstock', 'aridiusinstock_descchar', '190', '0');
INSERT INTO `PREFIX_DB_setting` (`setting_id`, `store_id`, `code`, `key`, `value`, `serialized`) VALUES ('534763', '0', 'aridiusinstock', 'aridiusinstock_firstnameshow', '0', '0');
INSERT INTO `PREFIX_DB_setting` (`setting_id`, `store_id`, `code`, `key`, `value`, `serialized`) VALUES ('534764', '0', 'aridiusinstock', 'aridiusinstock_firstnamevalid', '0', '0');
INSERT INTO `PREFIX_DB_setting` (`setting_id`, `store_id`, `code`, `key`, `value`, `serialized`) VALUES ('534765', '0', 'aridiusinstock', 'aridiusinstock_placeholderfirstname', '{"1":"\\u0424\\u0418\\u041e","2":"\\u0424\\u0418\\u041e"}', '1');
INSERT INTO `PREFIX_DB_setting` (`setting_id`, `store_id`, `code`, `key`, `value`, `serialized`) VALUES ('534766', '0', 'aridiusinstock', 'aridiusinstock_tellshow', '0', '0');
INSERT INTO `PREFIX_DB_setting` (`setting_id`, `store_id`, `code`, `key`, `value`, `serialized`) VALUES ('534767', '0', 'aridiusinstock', 'aridiusinstock_tellvalid', '0', '0');
INSERT INTO `PREFIX_DB_setting` (`setting_id`, `store_id`, `code`, `key`, `value`, `serialized`) VALUES ('534768', '0', 'aridiusinstock', 'aridiusinstock_mask', '{"1":"+7(999) 999-9999","2":"+7(999) 999-9999"}', '1');
INSERT INTO `PREFIX_DB_setting` (`setting_id`, `store_id`, `code`, `key`, `value`, `serialized`) VALUES ('534769', '0', 'aridiusinstock', 'aridiusinstock_placeholdertell', '{"1":"\\u0422\\u0435\\u043b\\u0435\\u0444\\u043e\\u043d","2":"\\u0422\\u0435\\u043b\\u0435\\u0444\\u043e\\u043d"}', '1');
INSERT INTO `PREFIX_DB_setting` (`setting_id`, `store_id`, `code`, `key`, `value`, `serialized`) VALUES ('534770', '0', 'aridiusinstock', 'aridiusinstock_emailshow', '0', '0');
INSERT INTO `PREFIX_DB_setting` (`setting_id`, `store_id`, `code`, `key`, `value`, `serialized`) VALUES ('619683', '0', 'aurus', 'aurus_color72', '#2E8AE6', '0');
INSERT INTO `PREFIX_DB_setting` (`setting_id`, `store_id`, `code`, `key`, `value`, `serialized`) VALUES ('542182', '0', 'aridius_news', 'aridius_news_simheight', '205', '0');
INSERT INTO `PREFIX_DB_setting` (`setting_id`, `store_id`, `code`, `key`, `value`, `serialized`) VALUES ('542181', '0', 'aridius_news', 'aridius_news_simwidth', '449', '0');
INSERT INTO `PREFIX_DB_setting` (`setting_id`, `store_id`, `code`, `key`, `value`, `serialized`) VALUES ('542180', '0', 'aridius_news', 'aridius_news_sim_chars', '100', '0');
INSERT INTO `PREFIX_DB_setting` (`setting_id`, `store_id`, `code`, `key`, `value`, `serialized`) VALUES ('542179', '0', 'aridius_news', 'aridius_news_relstophover', '1', '0');
INSERT INTO `PREFIX_DB_setting` (`setting_id`, `store_id`, `code`, `key`, `value`, `serialized`) VALUES ('542178', '0', 'aridius_news', 'aridius_news_relrew_speed', '1000', '0');
INSERT INTO `PREFIX_DB_setting` (`setting_id`, `store_id`, `code`, `key`, `value`, `serialized`) VALUES ('542177', '0', 'aridius_news', 'aridius_news_relitems', '5', '0');
INSERT INTO `PREFIX_DB_setting` (`setting_id`, `store_id`, `code`, `key`, `value`, `serialized`) VALUES ('542176', '0', 'aridius_news', 'aridius_news_relautoplay', '4000', '0');
INSERT INTO `PREFIX_DB_setting` (`setting_id`, `store_id`, `code`, `key`, `value`, `serialized`) VALUES ('542175', '0', 'aridius_news', 'aridius_news_relautoplay_on', '0', '0');
INSERT INTO `PREFIX_DB_setting` (`setting_id`, `store_id`, `code`, `key`, `value`, `serialized`) VALUES ('542174', '0', 'aridius_news', 'aridius_news_relnavigation', '0', '0');
INSERT INTO `PREFIX_DB_setting` (`setting_id`, `store_id`, `code`, `key`, `value`, `serialized`) VALUES ('542173', '0', 'aridius_news', 'aridius_news_relcarusel', '0', '0');
INSERT INTO `PREFIX_DB_setting` (`setting_id`, `store_id`, `code`, `key`, `value`, `serialized`) VALUES ('542172', '0', 'aridius_news', 'aridius_news_quickview', '0', '0');
INSERT INTO `PREFIX_DB_setting` (`setting_id`, `store_id`, `code`, `key`, `value`, `serialized`) VALUES ('542171', '0', 'aridius_news', 'aridius_news_comp', '0', '0');
INSERT INTO `PREFIX_DB_setting` (`setting_id`, `store_id`, `code`, `key`, `value`, `serialized`) VALUES ('542170', '0', 'aridius_news', 'aridius_news_wish', '0', '0');
INSERT INTO `PREFIX_DB_setting` (`setting_id`, `store_id`, `code`, `key`, `value`, `serialized`) VALUES ('542169', '0', 'aridius_news', 'aridius_news_rat', '0', '0');
INSERT INTO `PREFIX_DB_setting` (`setting_id`, `store_id`, `code`, `key`, `value`, `serialized`) VALUES ('542168', '0', 'aridius_news', 'aridius_news_height', '200', '0');
INSERT INTO `PREFIX_DB_setting` (`setting_id`, `store_id`, `code`, `key`, `value`, `serialized`) VALUES ('542167', '0', 'aridius_news', 'aridius_news_width', '200', '0');
INSERT INTO `PREFIX_DB_setting` (`setting_id`, `store_id`, `code`, `key`, `value`, `serialized`) VALUES ('542166', '0', 'aridius_news', 'aridius_news_mail', '0', '0');
INSERT INTO `PREFIX_DB_setting` (`setting_id`, `store_id`, `code`, `key`, `value`, `serialized`) VALUES ('542165', '0', 'aridius_news', 'aridius_news_limite_page', '10', '0');
INSERT INTO `PREFIX_DB_setting` (`setting_id`, `store_id`, `code`, `key`, `value`, `serialized`) VALUES ('542164', '0', 'aridius_news', 'aridius_news_display_captcha', '0', '0');
INSERT INTO `PREFIX_DB_setting` (`setting_id`, `store_id`, `code`, `key`, `value`, `serialized`) VALUES ('534707', '0', 'aridiuscallback', 'aridiuscallback_placeholdertimeoff', '{"1":"\\u0434\\u043e","2":"\\u0434\\u043e"}', '1');
INSERT INTO `PREFIX_DB_setting` (`setting_id`, `store_id`, `code`, `key`, `value`, `serialized`) VALUES ('534708', '0', 'aridiuscallback', 'aridiuscallback_status', '1', '0');
INSERT INTO `PREFIX_DB_setting` (`setting_id`, `store_id`, `code`, `key`, `value`, `serialized`) VALUES ('534709', '0', 'aridiuscallback', 'aridiuscallback_description', '{"1":"&lt;span style=&quot;font-size: 11px;&quot;&gt;\\u041d\\u0430\\u0436\\u0438\\u043c\\u0430\\u044f \\u043d\\u0430 \\u043a\\u043d\\u043e\\u043f\\u043a\\u0443 \\u00ab\\u041e\\u0442\\u043f\\u0440\\u0430\\u0432\\u0438\\u0442\\u044c\\u00bb, \\u044f \\u0434\\u0430\\u044e c\\u043e\\u0433\\u043b\\u0430\\u0441\\u0438\\u0435 \\u043d\\u0430 &lt;a href=&quot;person_danie&quot; target=&quot;_blank&quot;&gt;\\u043e\\u0431\\u0440\\u0430\\u0431\\u043e\\u0442\\u043a\\u0443 \\u043f\\u0435\\u0440\\u0441\\u043e\\u043d\\u0430\\u043b\\u044c\\u043d\\u044b\\u0445 \\u0434\\u0430\\u043d\\u043d\\u044b\\u0445.&lt;\\/a&gt;&lt;\\/span&gt;","2":"&lt;span style=&quot;font-size: 11px;&quot;&gt;\\u041d\\u0430\\u0436\\u0438\\u043c\\u0430\\u044f \\u043d\\u0430 \\u043a\\u043d\\u043e\\u043f\\u043a\\u0443 \\u00ab\\u041e\\u0442\\u043f\\u0440\\u0430\\u0432\\u0438\\u0442\\u044c\\u00bb, \\u044f \\u0434\\u0430\\u044e c\\u043e\\u0433\\u043b\\u0430\\u0441\\u0438\\u0435 \\u043d\\u0430 &lt;a href=&quot;person_danie&quot; target=&quot;_blank&quot;&gt;\\u043e\\u0431\\u0440\\u0430\\u0431\\u043e\\u0442\\u043a\\u0443 \\u043f\\u0435\\u0440\\u0441\\u043e\\u043d\\u0430\\u043b\\u044c\\u043d\\u044b\\u0445 \\u0434\\u0430\\u043d\\u043d\\u044b\\u0445.&lt;\\/a&gt;&lt;\\/span&gt;"}', '1');
INSERT INTO `PREFIX_DB_setting` (`setting_id`, `store_id`, `code`, `key`, `value`, `serialized`) VALUES ('534705', '0', 'aridiuscallback', 'aridiuscallback_timetshow', '0', '0');
INSERT INTO `PREFIX_DB_setting` (`setting_id`, `store_id`, `code`, `key`, `value`, `serialized`) VALUES ('534706', '0', 'aridiuscallback', 'aridiuscallback_placeholdertimein', '{"1":"\\u0441","2":"\\u0441"}', '1');
INSERT INTO `PREFIX_DB_setting` (`setting_id`, `store_id`, `code`, `key`, `value`, `serialized`) VALUES ('534699', '0', 'aridiuscallback', 'aridiuscallback_placeholdertell', '{"1":"\\u0422\\u0435\\u043b\\u0435\\u0444\\u043e\\u043d","2":"\\u0422\\u0435\\u043b\\u0435\\u0444\\u043e\\u043d"}', '1');
INSERT INTO `PREFIX_DB_setting` (`setting_id`, `store_id`, `code`, `key`, `value`, `serialized`) VALUES ('534700', '0', 'aridiuscallback', 'aridiuscallback_emailshow', '0', '0');
INSERT INTO `PREFIX_DB_setting` (`setting_id`, `store_id`, `code`, `key`, `value`, `serialized`) VALUES ('534701', '0', 'aridiuscallback', 'aridiuscallback_emailvalid', '0', '0');
INSERT INTO `PREFIX_DB_setting` (`setting_id`, `store_id`, `code`, `key`, `value`, `serialized`) VALUES ('534702', '0', 'aridiuscallback', 'aridiuscallback_placeholderemail', '{"1":"E-mail","2":"E-mail"}', '1');
INSERT INTO `PREFIX_DB_setting` (`setting_id`, `store_id`, `code`, `key`, `value`, `serialized`) VALUES ('534703', '0', 'aridiuscallback', 'aridiuscallback_commentshow', '0', '0');
INSERT INTO `PREFIX_DB_setting` (`setting_id`, `store_id`, `code`, `key`, `value`, `serialized`) VALUES ('534704', '0', 'aridiuscallback', 'aridiuscallback_placeholdercomment', '{"1":"\\u041a\\u043e\\u043c\\u043c\\u0435\\u043d\\u0442\\u0430\\u0440\\u0438\\u0439","2":"\\u041a\\u043e\\u043c\\u043c\\u0435\\u043d\\u0442\\u0430\\u0440\\u0438\\u0439"}', '1');
INSERT INTO `PREFIX_DB_setting` (`setting_id`, `store_id`, `code`, `key`, `value`, `serialized`) VALUES ('534694', '0', 'aridiuscallback', 'aridiuscallback_adddescriptionshow', '1', '0');
INSERT INTO `PREFIX_DB_setting` (`setting_id`, `store_id`, `code`, `key`, `value`, `serialized`) VALUES ('534695', '0', 'aridiuscallback', 'aridiuscallback_firstnameshow', '0', '0');
INSERT INTO `PREFIX_DB_setting` (`setting_id`, `store_id`, `code`, `key`, `value`, `serialized`) VALUES ('534696', '0', 'aridiuscallback', 'aridiuscallback_firstnamevalid', '0', '0');
INSERT INTO `PREFIX_DB_setting` (`setting_id`, `store_id`, `code`, `key`, `value`, `serialized`) VALUES ('534697', '0', 'aridiuscallback', 'aridiuscallback_placeholderfirstname', '{"1":"\\u0424\\u0418\\u041e","2":"\\u0424\\u0418\\u041e"}', '1');
INSERT INTO `PREFIX_DB_setting` (`setting_id`, `store_id`, `code`, `key`, `value`, `serialized`) VALUES ('534698', '0', 'aridiuscallback', 'aridiuscallback_mask', '{"1":"+7(999) 999-9999","2":"+7(999) 999-9999"}', '1');
INSERT INTO `PREFIX_DB_setting` (`setting_id`, `store_id`, `code`, `key`, `value`, `serialized`) VALUES ('534729', '0', 'aridiusfastorder', 'aridiusfastorder_status', '1', '0');
INSERT INTO `PREFIX_DB_setting` (`setting_id`, `store_id`, `code`, `key`, `value`, `serialized`) VALUES ('534730', '0', 'aridiusfastorder', 'aridiusfastorder_description', '{"1":"&lt;span style=&quot;font-size: 11px;&quot;&gt;\\u041d\\u0430\\u0436\\u0438\\u043c\\u0430\\u044f \\u043d\\u0430 \\u043a\\u043d\\u043e\\u043f\\u043a\\u0443 \\u00ab\\u041e\\u0442\\u043f\\u0440\\u0430\\u0432\\u0438\\u0442\\u044c\\u00bb, \\u044f \\u0434\\u0430\\u044e c\\u043e\\u0433\\u043b\\u0430\\u0441\\u0438\\u0435 \\u043d\\u0430 &lt;a href=&quot;person_danie&quot; target=&quot;_blank&quot;&gt;\\u043e\\u0431\\u0440\\u0430\\u0431\\u043e\\u0442\\u043a\\u0443 \\u043f\\u0435\\u0440\\u0441\\u043e\\u043d\\u0430\\u043b\\u044c\\u043d\\u044b\\u0445 \\u0434\\u0430\\u043d\\u043d\\u044b\\u0445.&lt;\\/a&gt;&lt;\\/span&gt;","2":"&lt;p&gt;&lt;span style=&quot;font-size: 11px;&quot;&gt;\\u041d\\u0430\\u0436\\u0438\\u043c\\u0430\\u044f \\u043d\\u0430 \\u043a\\u043d\\u043e\\u043f\\u043a\\u0443 \\u00ab\\u041e\\u0442\\u043f\\u0440\\u0430\\u0432\\u0438\\u0442\\u044c\\u00bb, \\u044f \\u0434\\u0430\\u044e c\\u043e\\u0433\\u043b\\u0430\\u0441\\u0438\\u0435 \\u043d\\u0430 &lt;a href=&quot;http:\\/\\/shablon\\/admin\\/person_danie&quot; target=&quot;_blank&quot;&gt;\\u043e\\u0431\\u0440\\u0430\\u0431\\u043e\\u0442\\u043a\\u0443 \\u043f\\u0435\\u0440\\u0441\\u043e\\u043d\\u0430\\u043b\\u044c\\u043d\\u044b\\u0445 \\u0434\\u0430\\u043d\\u043d\\u044b\\u0445.&lt;\\/a&gt;&lt;\\/span&gt;&lt;br&gt;&lt;\\/p&gt;"}', '1');
INSERT INTO `PREFIX_DB_setting` (`setting_id`, `store_id`, `code`, `key`, `value`, `serialized`) VALUES ('534728', '0', 'aridiusfastorder', 'aridiusfastorder_placeholdercomment', '{"1":"\\u041a\\u043e\\u043c\\u043c\\u0435\\u043d\\u0442\\u0430\\u0440\\u0438\\u0439","2":"\\u041a\\u043e\\u043c\\u043c\\u0435\\u043d\\u0442\\u0430\\u0440\\u0438\\u0439"}', '1');
INSERT INTO `PREFIX_DB_setting` (`setting_id`, `store_id`, `code`, `key`, `value`, `serialized`) VALUES ('534727', '0', 'aridiusfastorder', 'aridiusfastorder_commentshow', '0', '0');
INSERT INTO `PREFIX_DB_setting` (`setting_id`, `store_id`, `code`, `key`, `value`, `serialized`) VALUES ('534726', '0', 'aridiusfastorder', 'aridiusfastorder_placeholderemail', '{"1":"E-mail","2":"E-mail"}', '1');
INSERT INTO `PREFIX_DB_setting` (`setting_id`, `store_id`, `code`, `key`, `value`, `serialized`) VALUES ('534724', '0', 'aridiusfastorder', 'aridiusfastorder_emailshow', '0', '0');
INSERT INTO `PREFIX_DB_setting` (`setting_id`, `store_id`, `code`, `key`, `value`, `serialized`) VALUES ('534725', '0', 'aridiusfastorder', 'aridiusfastorder_emailvalid', '0', '0');
INSERT INTO `PREFIX_DB_setting` (`setting_id`, `store_id`, `code`, `key`, `value`, `serialized`) VALUES ('534723', '0', 'aridiusfastorder', 'aridiusfastorder_placeholdertell', '{"1":"\\u0422\\u0435\\u043b\\u0435\\u0444\\u043e\\u043d","2":"\\u0422\\u0435\\u043b\\u0435\\u0444\\u043e\\u043d"}', '1');
INSERT INTO `PREFIX_DB_setting` (`setting_id`, `store_id`, `code`, `key`, `value`, `serialized`) VALUES ('534716', '0', 'aridiusfastorder', 'aridiusfastorder_imgw', '120', '0');
INSERT INTO `PREFIX_DB_setting` (`setting_id`, `store_id`, `code`, `key`, `value`, `serialized`) VALUES ('534717', '0', 'aridiusfastorder', 'aridiusfastorder_imgh', '120', '0');
INSERT INTO `PREFIX_DB_setting` (`setting_id`, `store_id`, `code`, `key`, `value`, `serialized`) VALUES ('534718', '0', 'aridiusfastorder', 'aridiusfastorder_descchar', '190', '0');
INSERT INTO `PREFIX_DB_setting` (`setting_id`, `store_id`, `code`, `key`, `value`, `serialized`) VALUES ('534719', '0', 'aridiusfastorder', 'aridiusfastorder_firstnameshow', '0', '0');
INSERT INTO `PREFIX_DB_setting` (`setting_id`, `store_id`, `code`, `key`, `value`, `serialized`) VALUES ('534720', '0', 'aridiusfastorder', 'aridiusfastorder_firstnamevalid', '0', '0');
INSERT INTO `PREFIX_DB_setting` (`setting_id`, `store_id`, `code`, `key`, `value`, `serialized`) VALUES ('534721', '0', 'aridiusfastorder', 'aridiusfastorder_placeholderfirstname', '{"1":"\\u0424\\u0418\\u041e","2":"\\u0424\\u0418\\u041e"}', '1');
INSERT INTO `PREFIX_DB_setting` (`setting_id`, `store_id`, `code`, `key`, `value`, `serialized`) VALUES ('534722', '0', 'aridiusfastorder', 'aridiusfastorder_mask', '{"1":"+7(999) 999-9999","2":"+7(999) 999-9999"}', '1');
INSERT INTO `PREFIX_DB_setting` (`setting_id`, `store_id`, `code`, `key`, `value`, `serialized`) VALUES ('534711', '0', 'aridiusfastorder', 'aridiusfastorder_adddescriptionshow', '1', '0');
INSERT INTO `PREFIX_DB_setting` (`setting_id`, `store_id`, `code`, `key`, `value`, `serialized`) VALUES ('534712', '0', 'aridiusfastorder', 'aridiusfastorder_descriptionshow', '0', '0');
INSERT INTO `PREFIX_DB_setting` (`setting_id`, `store_id`, `code`, `key`, `value`, `serialized`) VALUES ('534713', '0', 'aridiusfastorder', 'aridiusfastorder_img', '0', '0');
INSERT INTO `PREFIX_DB_setting` (`setting_id`, `store_id`, `code`, `key`, `value`, `serialized`) VALUES ('534714', '0', 'aridiusfastorder', 'aridiusfastorder_price', '0', '0');
INSERT INTO `PREFIX_DB_setting` (`setting_id`, `store_id`, `code`, `key`, `value`, `serialized`) VALUES ('534715', '0', 'aridiusfastorder', 'aridiusfastorder_quantity', '0', '0');
INSERT INTO `PREFIX_DB_setting` (`setting_id`, `store_id`, `code`, `key`, `value`, `serialized`) VALUES ('534628', '0', 'aridius_livesearch', 'aridius_livesearch_livesearch_model', '0', '0');
INSERT INTO `PREFIX_DB_setting` (`setting_id`, `store_id`, `code`, `key`, `value`, `serialized`) VALUES ('534629', '0', 'aridius_livesearch', 'aridius_livesearch_description', '0', '0');
INSERT INTO `PREFIX_DB_setting` (`setting_id`, `store_id`, `code`, `key`, `value`, `serialized`) VALUES ('534630', '0', 'aridius_livesearch', 'aridius_livesearch_sku', '0', '0');
INSERT INTO `PREFIX_DB_setting` (`setting_id`, `store_id`, `code`, `key`, `value`, `serialized`) VALUES ('534631', '0', 'aridius_livesearch', 'aridius_livesearch_tag', '0', '0');
INSERT INTO `PREFIX_DB_setting` (`setting_id`, `store_id`, `code`, `key`, `value`, `serialized`) VALUES ('534632', '0', 'aridius_livesearch', 'aridius_livesearch_img', '0', '0');
INSERT INTO `PREFIX_DB_setting` (`setting_id`, `store_id`, `code`, `key`, `value`, `serialized`) VALUES ('534633', '0', 'aridius_livesearch', 'aridius_livesearch_symbol', '2', '0');
INSERT INTO `PREFIX_DB_setting` (`setting_id`, `store_id`, `code`, `key`, `value`, `serialized`) VALUES ('534634', '0', 'aridius_livesearch', 'aridius_livesearch_limit', '5', '0');
INSERT INTO `PREFIX_DB_setting` (`setting_id`, `store_id`, `code`, `key`, `value`, `serialized`) VALUES ('534635', '0', 'aridius_livesearch', 'aridius_livesearch_width', '45', '0');
INSERT INTO `PREFIX_DB_setting` (`setting_id`, `store_id`, `code`, `key`, `value`, `serialized`) VALUES ('534636', '0', 'aridius_livesearch', 'aridius_livesearch_height', '45', '0');
INSERT INTO `PREFIX_DB_setting` (`setting_id`, `store_id`, `code`, `key`, `value`, `serialized`) VALUES ('534637', '0', 'aridius_livesearch', 'aridius_livesearch_status', '1', '0');
INSERT INTO `PREFIX_DB_setting` (`setting_id`, `store_id`, `code`, `key`, `value`, `serialized`) VALUES ('534754', '0', 'aridiusundersell', 'aridiusundersell_description', '{"1":"&lt;span style=&quot;font-size: 11px;&quot;&gt;\\u041d\\u0430\\u0436\\u0438\\u043c\\u0430\\u044f \\u043d\\u0430 \\u043a\\u043d\\u043e\\u043f\\u043a\\u0443 \\u00ab\\u041e\\u0442\\u043f\\u0440\\u0430\\u0432\\u0438\\u0442\\u044c\\u00bb, \\u044f \\u0434\\u0430\\u044e c\\u043e\\u0433\\u043b\\u0430\\u0441\\u0438\\u0435 \\u043d\\u0430 &lt;a href=&quot;person_danie&quot; target=&quot;_blank&quot;&gt;\\u043e\\u0431\\u0440\\u0430\\u0431\\u043e\\u0442\\u043a\\u0443 \\u043f\\u0435\\u0440\\u0441\\u043e\\u043d\\u0430\\u043b\\u044c\\u043d\\u044b\\u0445 \\u0434\\u0430\\u043d\\u043d\\u044b\\u0445.&lt;\\/a&gt;&lt;\\/span&gt;","2":"&lt;p&gt;&lt;span style=&quot;font-size: 11px;&quot;&gt;\\u041d\\u0430\\u0436\\u0438\\u043c\\u0430\\u044f \\u043d\\u0430 \\u043a\\u043d\\u043e\\u043f\\u043a\\u0443 \\u00ab\\u041e\\u0442\\u043f\\u0440\\u0430\\u0432\\u0438\\u0442\\u044c\\u00bb, \\u044f \\u0434\\u0430\\u044e c\\u043e\\u0433\\u043b\\u0430\\u0441\\u0438\\u0435 \\u043d\\u0430 &lt;a href=&quot;http:\\/\\/shablon\\/admin\\/person_danie&quot; target=&quot;_blank&quot;&gt;\\u043e\\u0431\\u0440\\u0430\\u0431\\u043e\\u0442\\u043a\\u0443 \\u043f\\u0435\\u0440\\u0441\\u043e\\u043d\\u0430\\u043b\\u044c\\u043d\\u044b\\u0445 \\u0434\\u0430\\u043d\\u043d\\u044b\\u0445.&lt;\\/a&gt;&lt;\\/span&gt;&lt;br&gt;&lt;\\/p&gt;"}', '1');
INSERT INTO `PREFIX_DB_setting` (`setting_id`, `store_id`, `code`, `key`, `value`, `serialized`) VALUES ('534753', '0', 'aridiusundersell', 'aridiusundersell_status', '1', '0');
INSERT INTO `PREFIX_DB_setting` (`setting_id`, `store_id`, `code`, `key`, `value`, `serialized`) VALUES ('534752', '0', 'aridiusundersell', 'aridiusundersell_placeholderlink', '{"1":"\\u0421\\u0441\\u044b\\u043b\\u043a\\u0430 \\u043d\\u0430 \\u0442\\u043e\\u0432\\u0430\\u0440 ","2":"\\u0421\\u0441\\u044b\\u043b\\u043a\\u0430 \\u043d\\u0430 \\u0442\\u043e\\u0432\\u0430\\u0440 "}', '1');
INSERT INTO `PREFIX_DB_setting` (`setting_id`, `store_id`, `code`, `key`, `value`, `serialized`) VALUES ('534750', '0', 'aridiusundersell', 'aridiusundersell_linkshow', '0', '0');
INSERT INTO `PREFIX_DB_setting` (`setting_id`, `store_id`, `code`, `key`, `value`, `serialized`) VALUES ('534751', '0', 'aridiusundersell', 'aridiusundersell_linkvalid', '0', '0');
INSERT INTO `PREFIX_DB_setting` (`setting_id`, `store_id`, `code`, `key`, `value`, `serialized`) VALUES ('534748', '0', 'aridiusundersell', 'aridiusundersell_commentshow', '0', '0');
INSERT INTO `PREFIX_DB_setting` (`setting_id`, `store_id`, `code`, `key`, `value`, `serialized`) VALUES ('534749', '0', 'aridiusundersell', 'aridiusundersell_placeholdercomment', '{"1":"\\u041a\\u043e\\u043c\\u043c\\u0435\\u043d\\u0442\\u0430\\u0440\\u0438\\u0439","2":"\\u041a\\u043e\\u043c\\u043c\\u0435\\u043d\\u0442\\u0430\\u0440\\u0438\\u0439"}', '1');
INSERT INTO `PREFIX_DB_setting` (`setting_id`, `store_id`, `code`, `key`, `value`, `serialized`) VALUES ('534747', '0', 'aridiusundersell', 'aridiusundersell_placeholderemail', '{"1":"E-mail","2":"E-mail"}', '1');
INSERT INTO `PREFIX_DB_setting` (`setting_id`, `store_id`, `code`, `key`, `value`, `serialized`) VALUES ('534745', '0', 'aridiusundersell', 'aridiusundersell_emailshow', '0', '0');
INSERT INTO `PREFIX_DB_setting` (`setting_id`, `store_id`, `code`, `key`, `value`, `serialized`) VALUES ('534746', '0', 'aridiusundersell', 'aridiusundersell_emailvalid', '0', '0');
INSERT INTO `PREFIX_DB_setting` (`setting_id`, `store_id`, `code`, `key`, `value`, `serialized`) VALUES ('534744', '0', 'aridiusundersell', 'aridiusundersell_placeholdertell', '{"1":"\\u0422\\u0435\\u043b\\u0435\\u0444\\u043e\\u043d","2":"\\u0422\\u0435\\u043b\\u0435\\u0444\\u043e\\u043d"}', '1');
INSERT INTO `PREFIX_DB_setting` (`setting_id`, `store_id`, `code`, `key`, `value`, `serialized`) VALUES ('534737', '0', 'aridiusundersell', 'aridiusundersell_imgw', '125', '0');
INSERT INTO `PREFIX_DB_setting` (`setting_id`, `store_id`, `code`, `key`, `value`, `serialized`) VALUES ('534738', '0', 'aridiusundersell', 'aridiusundersell_imgh', '125', '0');
INSERT INTO `PREFIX_DB_setting` (`setting_id`, `store_id`, `code`, `key`, `value`, `serialized`) VALUES ('534739', '0', 'aridiusundersell', 'aridiusundersell_descchar', '190', '0');
INSERT INTO `PREFIX_DB_setting` (`setting_id`, `store_id`, `code`, `key`, `value`, `serialized`) VALUES ('534740', '0', 'aridiusundersell', 'aridiusundersell_firstnameshow', '0', '0');
INSERT INTO `PREFIX_DB_setting` (`setting_id`, `store_id`, `code`, `key`, `value`, `serialized`) VALUES ('534741', '0', 'aridiusundersell', 'aridiusundersell_firstnamevalid', '0', '0');
INSERT INTO `PREFIX_DB_setting` (`setting_id`, `store_id`, `code`, `key`, `value`, `serialized`) VALUES ('534742', '0', 'aridiusundersell', 'aridiusundersell_placeholderfirstname', '{"1":"\\u0424\\u0418\\u041e","2":"\\u0424\\u0418\\u041e"}', '1');
INSERT INTO `PREFIX_DB_setting` (`setting_id`, `store_id`, `code`, `key`, `value`, `serialized`) VALUES ('534743', '0', 'aridiusundersell', 'aridiusundersell_mask', '{"1":"+7(999) 999-9999","2":"+7(999) 999-9999"}', '1');
INSERT INTO `PREFIX_DB_setting` (`setting_id`, `store_id`, `code`, `key`, `value`, `serialized`) VALUES ('534732', '0', 'aridiusundersell', 'aridiusundersell_adddescriptionshow', '1', '0');
INSERT INTO `PREFIX_DB_setting` (`setting_id`, `store_id`, `code`, `key`, `value`, `serialized`) VALUES ('534733', '0', 'aridiusundersell', 'aridiusundersell_descriptionshow', '0', '0');
INSERT INTO `PREFIX_DB_setting` (`setting_id`, `store_id`, `code`, `key`, `value`, `serialized`) VALUES ('534734', '0', 'aridiusundersell', 'aridiusundersell_img', '0', '0');
INSERT INTO `PREFIX_DB_setting` (`setting_id`, `store_id`, `code`, `key`, `value`, `serialized`) VALUES ('534735', '0', 'aridiusundersell', 'aridiusundersell_price', '0', '0');
INSERT INTO `PREFIX_DB_setting` (`setting_id`, `store_id`, `code`, `key`, `value`, `serialized`) VALUES ('534736', '0', 'aridiusundersell', 'aridiusundersell_quantity', '0', '0');
INSERT INTO `PREFIX_DB_setting` (`setting_id`, `store_id`, `code`, `key`, `value`, `serialized`) VALUES ('534662', '0', 'aridius_category_accordion', 'aridius_category_accordion_child_visible', '["118","99","20","18","25","24","33","34","129","141"]', '1');
INSERT INTO `PREFIX_DB_setting` (`setting_id`, `store_id`, `code`, `key`, `value`, `serialized`) VALUES ('534663', '0', 'aridius_category_accordion', 'aridius_category_accordion_status', '1', '0');
INSERT INTO `PREFIX_DB_setting` (`setting_id`, `store_id`, `code`, `key`, `value`, `serialized`) VALUES ('534664', '0', 'aridius_category_footer', 'aridius_category_footer_child_visible', '["118","99","20","18","25","24","33","34","129","141"]', '1');
INSERT INTO `PREFIX_DB_setting` (`setting_id`, `store_id`, `code`, `key`, `value`, `serialized`) VALUES ('534665', '0', 'aridius_category_footer', 'aridius_category_footer_status', '1', '0');
INSERT INTO `PREFIX_DB_setting` (`setting_id`, `store_id`, `code`, `key`, `value`, `serialized`) VALUES ('534666', '0', 'aridius_review_category', 'aridius_review_category_chars', '160', '0');
INSERT INTO `PREFIX_DB_setting` (`setting_id`, `store_id`, `code`, `key`, `value`, `serialized`) VALUES ('534667', '0', 'aridius_review_category', 'aridius_review_category_limit', '6', '0');
INSERT INTO `PREFIX_DB_setting` (`setting_id`, `store_id`, `code`, `key`, `value`, `serialized`) VALUES ('534668', '0', 'aridius_review_category', 'aridius_review_category_date', '1', '0');
INSERT INTO `PREFIX_DB_setting` (`setting_id`, `store_id`, `code`, `key`, `value`, `serialized`) VALUES ('534669', '0', 'aridius_review_category', 'aridius_review_category_navigation', '1', '0');
INSERT INTO `PREFIX_DB_setting` (`setting_id`, `store_id`, `code`, `key`, `value`, `serialized`) VALUES ('534670', '0', 'aridius_review_category', 'aridius_review_category_autoplayon', '0', '0');
INSERT INTO `PREFIX_DB_setting` (`setting_id`, `store_id`, `code`, `key`, `value`, `serialized`) VALUES ('534671', '0', 'aridius_review_category', 'aridius_review_category_autoplay', '4000', '0');
INSERT INTO `PREFIX_DB_setting` (`setting_id`, `store_id`, `code`, `key`, `value`, `serialized`) VALUES ('534672', '0', 'aridius_review_category', 'aridius_review_category_items', '3', '0');
INSERT INTO `PREFIX_DB_setting` (`setting_id`, `store_id`, `code`, `key`, `value`, `serialized`) VALUES ('534673', '0', 'aridius_review_category', 'aridius_review_category_rew_speed', '4000', '0');
INSERT INTO `PREFIX_DB_setting` (`setting_id`, `store_id`, `code`, `key`, `value`, `serialized`) VALUES ('534674', '0', 'aridius_review_category', 'aridius_review_category_stophover', '1', '0');
INSERT INTO `PREFIX_DB_setting` (`setting_id`, `store_id`, `code`, `key`, `value`, `serialized`) VALUES ('534675', '0', 'aridius_review_category', 'aridius_review_category_colleft', '0', '0');
INSERT INTO `PREFIX_DB_setting` (`setting_id`, `store_id`, `code`, `key`, `value`, `serialized`) VALUES ('534676', '0', 'aridius_review_category', 'aridius_review_category_status', '1', '0');
INSERT INTO `PREFIX_DB_setting` (`setting_id`, `store_id`, `code`, `key`, `value`, `serialized`) VALUES ('534677', '0', 'aridius_store_review', 'aridius_store_review_review_guest', '0', '0');
INSERT INTO `PREFIX_DB_setting` (`setting_id`, `store_id`, `code`, `key`, `value`, `serialized`) VALUES ('534678', '0', 'aridius_store_review', 'aridius_store_review_display_answer_button', '0', '0');
INSERT INTO `PREFIX_DB_setting` (`setting_id`, `store_id`, `code`, `key`, `value`, `serialized`) VALUES ('534679', '0', 'aridius_store_review', 'aridius_store_review_display_average_rating', '0', '0');
INSERT INTO `PREFIX_DB_setting` (`setting_id`, `store_id`, `code`, `key`, `value`, `serialized`) VALUES ('534680', '0', 'aridius_store_review', 'aridius_store_review_default_rating', '5', '0');
INSERT INTO `PREFIX_DB_setting` (`setting_id`, `store_id`, `code`, `key`, `value`, `serialized`) VALUES ('534681', '0', 'aridius_store_review', 'aridius_store_review_limite_page', '20', '0');
INSERT INTO `PREFIX_DB_setting` (`setting_id`, `store_id`, `code`, `key`, `value`, `serialized`) VALUES ('534682', '0', 'aridius_store_review', 'aridius_store_review_display_captcha', '0', '0');
INSERT INTO `PREFIX_DB_setting` (`setting_id`, `store_id`, `code`, `key`, `value`, `serialized`) VALUES ('534683', '0', 'aridius_store_review', 'aridius_store_review_mail', '0', '0');
INSERT INTO `PREFIX_DB_setting` (`setting_id`, `store_id`, `code`, `key`, `value`, `serialized`) VALUES ('534684', '0', 'aridius_store_review', 'aridius_store_review_meta_title', '{"1":"\\u041e\\u0442\\u0437\\u044b\\u0432\\u044b \\u043e \\u043c\\u0430\\u0433\\u0430\\u0437\\u0438\\u043d\\u0435","2":"\\u041e\\u0442\\u0437\\u044b\\u0432\\u044b \\u043e \\u043c\\u0430\\u0433\\u0430\\u0437\\u0438\\u043d\\u0435"}', '1');
INSERT INTO `PREFIX_DB_setting` (`setting_id`, `store_id`, `code`, `key`, `value`, `serialized`) VALUES ('534685', '0', 'aridius_store_review', 'aridius_store_review_meta_description', '{"1":"\\u041e\\u0442\\u0437\\u044b\\u0432\\u044b \\u043e \\u043c\\u0430\\u0433\\u0430\\u0437\\u0438\\u043d\\u0435","2":"\\u041e\\u0442\\u0437\\u044b\\u0432\\u044b \\u043e \\u043c\\u0430\\u0433\\u0430\\u0437\\u0438\\u043d\\u0435"}', '1');
INSERT INTO `PREFIX_DB_setting` (`setting_id`, `store_id`, `code`, `key`, `value`, `serialized`) VALUES ('534686', '0', 'aridius_store_review', 'aridius_store_review_meta_keyword', '{"1":"\\u041e\\u0442\\u0437\\u044b\\u0432\\u044b \\u043e \\u043c\\u0430\\u0433\\u0430\\u0437\\u0438\\u043d\\u0435","2":"\\u041e\\u0442\\u0437\\u044b\\u0432\\u044b \\u043e \\u043c\\u0430\\u0433\\u0430\\u0437\\u0438\\u043d\\u0435"}', '1');
INSERT INTO `PREFIX_DB_setting` (`setting_id`, `store_id`, `code`, `key`, `value`, `serialized`) VALUES ('534687', '0', 'aridius_store_review', 'aridius_store_review_status', '1', '0');
INSERT INTO `PREFIX_DB_setting` (`setting_id`, `store_id`, `code`, `key`, `value`, `serialized`) VALUES ('534688', '0', 'aridius_letters', 'aridius_letters_title', '{"1":"\\u041f\\u043e\\u0434\\u043f\\u0438\\u0441\\u043a\\u0430 \\u043d\\u0430 \\u043d\\u043e\\u0432\\u043e\\u0441\\u0442\\u0438","2":"\\u041f\\u043e\\u0434\\u043f\\u0438\\u0441\\u043a\\u0430 \\u043d\\u0430 \\u043d\\u043e\\u0432\\u043e\\u0441\\u0442\\u0438"}', '1');
INSERT INTO `PREFIX_DB_setting` (`setting_id`, `store_id`, `code`, `key`, `value`, `serialized`) VALUES ('534689', '0', 'aridius_letters', 'aridius_letters_placeholder', '{"1":"\\u0412\\u0432\\u0435\\u0434\\u0438\\u0442\\u0435 \\u0432\\u0430\\u0448 e-mail","2":"\\u0412\\u0432\\u0435\\u0434\\u0438\\u0442\\u0435 \\u0432\\u0430\\u0448 e-mail"}', '1');
INSERT INTO `PREFIX_DB_setting` (`setting_id`, `store_id`, `code`, `key`, `value`, `serialized`) VALUES ('534690', '0', 'aridius_letters', 'aridius_letters_pl', '{"1":"\\u041f\\u041e\\u0414\\u041f\\u0418\\u0421\\u0410\\u0422\\u042c\\u0421\\u042f","2":"\\u041f\\u041e\\u0414\\u041f\\u0418\\u0421\\u0410\\u0422\\u042c\\u0421\\u042f"}', '1');
INSERT INTO `PREFIX_DB_setting` (`setting_id`, `store_id`, `code`, `key`, `value`, `serialized`) VALUES ('534691', '0', 'aridius_letters', 'aridius_lettersdes_status', '1', '0');
INSERT INTO `PREFIX_DB_setting` (`setting_id`, `store_id`, `code`, `key`, `value`, `serialized`) VALUES ('534692', '0', 'aridius_letters', 'aridius_letters_description', '{"1":"&lt;span class=&quot;person_data&quot;&gt;\\u042f \\u043f\\u0440\\u0438\\u043d\\u0438\\u043c\\u0430\\u044e &lt;a href=&quot;person_danie&quot; target=&quot;_blank&quot;&gt;\\u043f\\u043e\\u043b\\u044c\\u0437\\u043e\\u0432\\u0430\\u0442\\u0435\\u043b\\u044c\\u0441\\u043a\\u043e\\u0435 \\u0441\\u043e\\u0433\\u043b\\u0430\\u0448\\u0435\\u043d\\u0438\\u044f&lt;\\/a&gt;&lt;\\/span&gt;","2":"&lt;span class=&quot;person_data&quot;&gt;\\u042f \\u043f\\u0440\\u0438\\u043d\\u0438\\u043c\\u0430\\u044e &lt;a href=&quot;person_danie&quot; target=&quot;_blank&quot;&gt;\\u043f\\u043e\\u043b\\u044c\\u0437\\u043e\\u0432\\u0430\\u0442\\u0435\\u043b\\u044c\\u0441\\u043a\\u043e\\u0435 \\u0441\\u043e\\u0433\\u043b\\u0430\\u0448\\u0435\\u043d\\u0438\\u044f&lt;\\/a&gt;&lt;\\/span&gt;"}', '1');
INSERT INTO `PREFIX_DB_setting` (`setting_id`, `store_id`, `code`, `key`, `value`, `serialized`) VALUES ('534693', '0', 'aridius_letters', 'aridius_letters_status', '1', '0');
INSERT INTO `PREFIX_DB_setting` (`setting_id`, `store_id`, `code`, `key`, `value`, `serialized`) VALUES ('534710', '0', 'aridiuscallback', 'aridiuscallback_description2', '{"1":"&lt;p&gt;\\u0421\\u043f\\u0430\\u0441\\u0438\\u0431\\u043e \\u0437\\u0430 \\u0437\\u0430\\u043a\\u0430\\u0437 \\u0437\\u0432\\u043e\\u043d\\u043a\\u0430. \\u0421 \\u0432\\u0430\\u043c\\u0438 \\u0441\\u0432\\u044f\\u0436\\u0443\\u0442\\u0441\\u044f \\u0432 \\u0442\\u0435\\u0447\\u0435\\u043d\\u0438\\u0438 \\u0447\\u0430\\u0441\\u0430!&lt;br&gt;&lt;\\/p&gt;","2":"&lt;p&gt;\\u0421\\u043f\\u0430\\u0441\\u0438\\u0431\\u043e \\u0437\\u0430 \\u0437\\u0430\\u043a\\u0430\\u0437 \\u0437\\u0432\\u043e\\u043d\\u043a\\u0430. \\u0421 \\u0432\\u0430\\u043c\\u0438 \\u0441\\u0432\\u044f\\u0436\\u0443\\u0442\\u0441\\u044f \\u0432 \\u0442\\u0435\\u0447\\u0435\\u043d\\u0438\\u0438 \\u0447\\u0430\\u0441\\u0430!&lt;br&gt;&lt;\\/p&gt;"}', '1');
INSERT INTO `PREFIX_DB_setting` (`setting_id`, `store_id`, `code`, `key`, `value`, `serialized`) VALUES ('534731', '0', 'aridiusfastorder', 'aridiusfastorder_description2', '{"1":"&lt;p&gt;\\u0421\\u043f\\u0430\\u0441\\u0438\\u0431\\u043e \\u0437\\u0430 \\u0437\\u0430\\u043a\\u0430\\u0437. \\u0421 \\u0432\\u0430\\u043c\\u0438 \\u0441\\u0432\\u044f\\u0436\\u0443\\u0442\\u0441\\u044f \\u0432 \\u0442\\u0435\\u0447\\u0435\\u043d\\u0438\\u0438 \\u0447\\u0430\\u0441\\u0430!&lt;br&gt;&lt;\\/p&gt;","2":"&lt;p&gt;\\u0421\\u043f\\u0430\\u0441\\u0438\\u0431\\u043e \\u0437\\u0430 \\u0437\\u0430\\u043a\\u0430\\u0437. \\u0421 \\u0432\\u0430\\u043c\\u0438 \\u0441\\u0432\\u044f\\u0436\\u0443\\u0442\\u0441\\u044f \\u0432 \\u0442\\u0435\\u0447\\u0435\\u043d\\u0438\\u0438 \\u0447\\u0430\\u0441\\u0430!&lt;\\/p&gt;"}', '1');
INSERT INTO `PREFIX_DB_setting` (`setting_id`, `store_id`, `code`, `key`, `value`, `serialized`) VALUES ('534755', '0', 'aridiusundersell', 'aridiusundersell_description2', '{"1":"\\u0421\\u043f\\u0430\\u0441\\u0438\\u0431\\u043e \\u0437\\u0430 \\u0437\\u0430\\u044f\\u0432\\u043a\\u0443. \\u0421 \\u0432\\u0430\\u043c\\u0438 \\u0441\\u0432\\u044f\\u0436\\u0443\\u0442\\u0441\\u044f \\u0432 \\u0442\\u0435\\u0447\\u0435\\u043d\\u0438\\u0438 \\u0447\\u0430\\u0441\\u0430!","2":"&lt;p&gt;\\u0421\\u043f\\u0430\\u0441\\u0438\\u0431\\u043e \\u0437\\u0430 \\u0437\\u0430\\u044f\\u0432\\u043a\\u0443. \\u0421 \\u0432\\u0430\\u043c\\u0438 \\u0441\\u0432\\u044f\\u0436\\u0443\\u0442\\u0441\\u044f \\u0432 \\u0442\\u0435\\u0447\\u0435\\u043d\\u0438\\u0438 \\u0447\\u0430\\u0441\\u0430!&lt;br&gt;&lt;\\/p&gt;"}', '1');
INSERT INTO `PREFIX_DB_setting` (`setting_id`, `store_id`, `code`, `key`, `value`, `serialized`) VALUES ('619682', '0', 'aurus', 'aurus_color71', '#4F4E4E', '0');
INSERT INTO `PREFIX_DB_setting` (`setting_id`, `store_id`, `code`, `key`, `value`, `serialized`) VALUES ('610473', '0', 'config', 'config_address', '', '0');
INSERT INTO `PREFIX_DB_setting` (`setting_id`, `store_id`, `code`, `key`, `value`, `serialized`) VALUES ('610472', '0', 'config', 'config_owner', 'mrz', '0');
INSERT INTO `PREFIX_DB_setting` (`setting_id`, `store_id`, `code`, `key`, `value`, `serialized`) VALUES ('619681', '0', 'aurus', 'aurus_color70', '#ffffff', '0');
INSERT INTO `PREFIX_DB_setting` (`setting_id`, `store_id`, `code`, `key`, `value`, `serialized`) VALUES ('610471', '0', 'config', 'config_name', 'Aurus', '0');
INSERT INTO `PREFIX_DB_setting` (`setting_id`, `store_id`, `code`, `key`, `value`, `serialized`) VALUES ('610470', '0', 'config', 'config_meta_keyword', 'Aurus', '0');
INSERT INTO `PREFIX_DB_setting` (`setting_id`, `store_id`, `code`, `key`, `value`, `serialized`) VALUES ('619680', '0', 'aurus', 'aurus_color69', '#96C4F2', '0');
INSERT INTO `PREFIX_DB_setting` (`setting_id`, `store_id`, `code`, `key`, `value`, `serialized`) VALUES ('610469', '0', 'config', 'config_meta_description', 'Aurus', '0');
INSERT INTO `PREFIX_DB_setting` (`setting_id`, `store_id`, `code`, `key`, `value`, `serialized`) VALUES ('610468', '0', 'config', 'config_meta_title', 'Aurus', '0');
INSERT INTO `PREFIX_DB_setting` (`setting_id`, `store_id`, `code`, `key`, `value`, `serialized`) VALUES ('610467', '0', 'config', 'config_sms_gate_password', '', '0');
INSERT INTO `PREFIX_DB_setting` (`setting_id`, `store_id`, `code`, `key`, `value`, `serialized`) VALUES ('610466', '0', 'config', 'config_sms_gate_username', '', '0');
INSERT INTO `PREFIX_DB_setting` (`setting_id`, `store_id`, `code`, `key`, `value`, `serialized`) VALUES ('610465', '0', 'config', 'config_sms_message', '', '0');
INSERT INTO `PREFIX_DB_setting` (`setting_id`, `store_id`, `code`, `key`, `value`, `serialized`) VALUES ('610464', '0', 'config', 'config_sms_copy', '', '0');
INSERT INTO `PREFIX_DB_setting` (`setting_id`, `store_id`, `code`, `key`, `value`, `serialized`) VALUES ('610463', '0', 'config', 'config_sms_to', '', '0');
INSERT INTO `PREFIX_DB_setting` (`setting_id`, `store_id`, `code`, `key`, `value`, `serialized`) VALUES ('610462', '0', 'config', 'config_sms_from', '', '0');
INSERT INTO `PREFIX_DB_setting` (`setting_id`, `store_id`, `code`, `key`, `value`, `serialized`) VALUES ('610461', '0', 'config', 'config_sms_gatename', 'testsms', '0');
INSERT INTO `PREFIX_DB_setting` (`setting_id`, `store_id`, `code`, `key`, `value`, `serialized`) VALUES ('534778', '0', 'aridius_faq', 'aridius_faq_description', '{"1":"","2":""}', '1');
INSERT INTO `PREFIX_DB_setting` (`setting_id`, `store_id`, `code`, `key`, `value`, `serialized`) VALUES ('534779', '0', 'aridius_faq', 'aridius_faq_description2', '{"1":"","2":""}', '1');
INSERT INTO `PREFIX_DB_setting` (`setting_id`, `store_id`, `code`, `key`, `value`, `serialized`) VALUES ('534780', '0', 'aridius_faq', 'aridius_faq_meta_title', '{"1":"FAQ","2":"FAQ"}', '1');
INSERT INTO `PREFIX_DB_setting` (`setting_id`, `store_id`, `code`, `key`, `value`, `serialized`) VALUES ('534781', '0', 'aridius_faq', 'aridius_faq_meta_description', '{"1":"FAQ","2":"FAQ"}', '1');
INSERT INTO `PREFIX_DB_setting` (`setting_id`, `store_id`, `code`, `key`, `value`, `serialized`) VALUES ('534782', '0', 'aridius_faq', 'aridius_faq_meta_keyword', '{"1":"FAQ","2":"FAQ"}', '1');
INSERT INTO `PREFIX_DB_setting` (`setting_id`, `store_id`, `code`, `key`, `value`, `serialized`) VALUES ('534783', '0', 'aridius_faq', 'aridius_faq_status', '1', '0');
INSERT INTO `PREFIX_DB_setting` (`setting_id`, `store_id`, `code`, `key`, `value`, `serialized`) VALUES ('468526', '0', 'filter', 'filter_status', '1', '0');
INSERT INTO `PREFIX_DB_setting` (`setting_id`, `store_id`, `code`, `key`, `value`, `serialized`) VALUES ('534756', '0', 'aridiusinstock', 'aridiusinstock_adddescriptionshow', '1', '0');
INSERT INTO `PREFIX_DB_setting` (`setting_id`, `store_id`, `code`, `key`, `value`, `serialized`) VALUES ('542163', '0', 'aridius_news', 'aridius_news_display_answer_button', '0', '0');
INSERT INTO `PREFIX_DB_setting` (`setting_id`, `store_id`, `code`, `key`, `value`, `serialized`) VALUES ('542162', '0', 'aridius_news', 'aridius_news_status_review', '0', '0');
INSERT INTO `PREFIX_DB_setting` (`setting_id`, `store_id`, `code`, `key`, `value`, `serialized`) VALUES ('610457', '0', 'config', 'config_error_display', '1', '0');
INSERT INTO `PREFIX_DB_setting` (`setting_id`, `store_id`, `code`, `key`, `value`, `serialized`) VALUES ('610458', '0', 'config', 'config_error_log', '1', '0');
INSERT INTO `PREFIX_DB_setting` (`setting_id`, `store_id`, `code`, `key`, `value`, `serialized`) VALUES ('610459', '0', 'config', 'config_error_filename', 'error.log', '0');
INSERT INTO `PREFIX_DB_setting` (`setting_id`, `store_id`, `code`, `key`, `value`, `serialized`) VALUES ('610439', '0', 'config', 'config_alert_email', 'gt.xxxx87@gmail.com', '0');
INSERT INTO `PREFIX_DB_setting` (`setting_id`, `store_id`, `code`, `key`, `value`, `serialized`) VALUES ('610440', '0', 'config', 'config_maintenance', '0', '0');
INSERT INTO `PREFIX_DB_setting` (`setting_id`, `store_id`, `code`, `key`, `value`, `serialized`) VALUES ('610441', '0', 'config', 'config_seo_url', '1', '0');
INSERT INTO `PREFIX_DB_setting` (`setting_id`, `store_id`, `code`, `key`, `value`, `serialized`) VALUES ('610442', '0', 'config', 'config_seo_url_type', 'seo_pro', '0');
INSERT INTO `PREFIX_DB_setting` (`setting_id`, `store_id`, `code`, `key`, `value`, `serialized`) VALUES ('610443', '0', 'config', 'config_seo_url_include_path', '1', '0');
INSERT INTO `PREFIX_DB_setting` (`setting_id`, `store_id`, `code`, `key`, `value`, `serialized`) VALUES ('610444', '0', 'config', 'config_seo_url_postfix', '', '0');
INSERT INTO `PREFIX_DB_setting` (`setting_id`, `store_id`, `code`, `key`, `value`, `serialized`) VALUES ('610445', '0', 'config', 'config_seo_pro_utm', 'blockfrommarketgclidkeywordlist_typeopenstatopenstat_serviceopenstat_campaignopenstat_adopenstat_sourcepositionsourcetrackingtypeyclidymcliduriurltypeutm_sourceutm_mediumutm_campaignutm_termutm_content', '0');
INSERT INTO `PREFIX_DB_setting` (`setting_id`, `store_id`, `code`, `key`, `value`, `serialized`) VALUES ('610446', '0', 'config', 'config_robots', 'abotdbotebothbotkbotlbotmbotnbotobotpbotrbotsbottbotvbotybotzbotbot.bot/_bot.bot/bot-bot:bot(botcrawlslurpspiderseekaccoonaacoonadressendeutschlandah-ha.comahoyaltavistaananzianthillappiearachnophiliaaralearaneoaranhaarchitextarethaarksasteriasatlocalatnatomzaugurfindbackrubbannana_botbaypupbdfetchbig brotherbiglotronbjaalandblackwidowblaizblogblo.bloodhoundboithoboochbradleybutterflycalifcassandraccubeecfetchcharlottechurlcienciaficcioncmccollectivecomagentcombinecomputingsitecscicurlcuscodaumoadeepindexdeloriedepspiddewebdie blinde kuhdiggerdittodmozdocomodownload expressdtaagentdwcpebinessebingbonge-collectorejupiteremacs-w3 search engineestherevliya celebiezresultfalconfelix ideferretfetchroverfidofindlinksfireballfish searchfouineurfunnelwebgazzgcreepgenieknowsgetterroboplusgeturlglxgoforitgolemgrabbergrapnelgralongriffongromitgrubgulliverhamahakkiharvesthavindexhelixheritrixhku www octopushomerwebhtdightml indexhtml_analyzerhtmlgobblehubaterhyper-decontextualizeria_archiveribm_planetwideichiroiconsurfiltrovatoreimage.kapsi.netimagelockincywincyindexerinfobeeinformantingridinktomisearch.cominspector webintelliagentinternet shinchakubinip3000iron33israeli-searchiviajackjakartajavabeejetbotjumpstationkatipokdd-explorerkilroyknowledgekototoikretrievelabelgrabberlachesislarbinlegslibwwwlinkalarmlink validatorlinkscanlockonlwplycosmagpiemantraagentmapoftheinternetmarvin/mattiemediafoxmediapartnersmercatormerzscopemicrosoft url controlminirankmivamj12mnogosearchmogetmonstermoosemotormultitextmunchermuscatferretmwd.searchmywebnajdinameprotectnationaldirectorynazillancsa betanec-meshexplorernederland.zoeknetcarta webmap enginenetmechanicnetresearchservernetscoopnewscan-onlinenhsenokia6682/nomadnoyonanutchnzexplorerobjectssearchoccamomniopen textopenfindopenintelligencedataorb searchosis-projectpack ratpageboypagebullpage_verifierpanscientparasitepartnersitepatricpear.pegasusperegrinatorpgp key agentphantomphpdigpicosearchpiltdownmanpimptrainpinpointpioneerpiranhaplumtreewebaccessorpogodakpoirotpompospoppelsdorfpoppipopular iconoclastpsycheclonepublisherpythonramblerraven searchroachroad runnerroadhouserobbierobofoxrobozillarulessaltysbiderscooterscoutjetscrubbysearch.searchprocesssemanticdiscoverysenrigansg-scoutshai\'huludsharkshopwikisidewindersiftsilksimmanysite searchersite valetsitetech-roverskymob.comsleeksmartwitsna-snappysnoopersohuspeedfindspheresphiderspinnerspydersteeler/sukesunteksupersnoopersurfnomoresvensygolszukacztach black widowtarantulatempleton/teomat-h-u-n-d-e-r-s-t-o-n-etheophrastustitantitintkwwwtoutatist-rextutorgigtwicelertwisteducsdudmsearchurl checkupdatedvagabondovalkyrieverticrawlvictoriavision-searchvolcanovoyager/voyager-hcw3c_validatorw3m2w3mirwalkerwallpaperwandererwauuuwavefireweb coreweb hopperweb wombatwebbanditwebcatcherwebcopywebfootweblayersweblinkerweblog monitorwebmirrorwebmonkeywebquestwebreaperwebsitepulsewebsnarfwebstolpererwebvacwebwalkwebwatchwebwombatwebzingerwhizbangwhowherewild ferretworldlightwwwcwwwsterxenuxgetxiftxirqyandexyangayetiyodaozaozipppzyborg', '0');
INSERT INTO `PREFIX_DB_setting` (`setting_id`, `store_id`, `code`, `key`, `value`, `serialized`) VALUES ('610447', '0', 'config', 'config_compression', '0', '0');
INSERT INTO `PREFIX_DB_setting` (`setting_id`, `store_id`, `code`, `key`, `value`, `serialized`) VALUES ('610448', '0', 'config', 'config_mail_regexp', '/^[^@]+@.*.[a-z]{2,15}$/i', '0');
INSERT INTO `PREFIX_DB_setting` (`setting_id`, `store_id`, `code`, `key`, `value`, `serialized`) VALUES ('610449', '0', 'config', 'config_editor_default', '1', '0');
INSERT INTO `PREFIX_DB_setting` (`setting_id`, `store_id`, `code`, `key`, `value`, `serialized`) VALUES ('610450', '0', 'config', 'config_secure', '0', '0');
INSERT INTO `PREFIX_DB_setting` (`setting_id`, `store_id`, `code`, `key`, `value`, `serialized`) VALUES ('610451', '0', 'config', 'config_password', '1', '0');
INSERT INTO `PREFIX_DB_setting` (`setting_id`, `store_id`, `code`, `key`, `value`, `serialized`) VALUES ('610452', '0', 'config', 'config_shared', '0', '0');
INSERT INTO `PREFIX_DB_setting` (`setting_id`, `store_id`, `code`, `key`, `value`, `serialized`) VALUES ('610453', '0', 'config', 'config_encryption', 'OyzvMlX1tcMkdqEGCeyKOxrzSfl32zeZOYxmiHzsCdsFSsRsozsjDqODyxcpeZDCgVvUV7J1sQrRr4PeMbXsdNywt3cyaAKaTO572CNujaqu6nUcnLAE9lBTEOv4uszlTiUrhaCa3x3TzkyutOBxfStfB5xY68P9PrknF2GIaJSkeG9KgbCsGxV1BL3jaqZLI8QURc4odIgmAuSVoV6ir0ARpEX3qxCsD5zAG2ziFl6hG8S6lhMMWNsKrzVb7w4Mc7GKANbu2pwYetBd2o5mMPPpUkvZENjmsmwAMSJOzb8kHYDiYrugeNOj5idL85p6mQzY44USETW5leZBVbi20bZJRHXXfdBCTfVlqxiVRggHhSBbqE3wNOQ32ZeEWovtjREfpnvhH3IPTENLcA17C6WUrdbj81J5Ueq1d8A74MKKoVLUVNrslqP4YOXWIxjQpQEc9EENclcBpwxzhWdRfYsw1gfwSYzwuJmrLJJfRrmF4DSJatina9n6gkUYn9a30VFOQJYLKhfDFtzrjGVJTeMpb5lHkLkXt9agemzPK93beUDlxHhW5V0zxChTb5BMLX9JMl65YQBPy7GgobPfZYSaeAEGsr96Ch8GJHSY57xuyRx5WXqjqWSa9APWrWme4NFwVgxffAeePNve0OHDUPLfRl6lYIm2kzpuMebU8wRcN4wqIGuoiU8uEdmLrr9MdNqmrWsiYcnWnexUgy8VzeHH2is4DIL1dL03zYhweLXjjcmQ338Bj21vxq18unJtauyFKUkilFUkNdSilRT42N2mM0caysMIZMUvVav6RjnjZajMf7yvlUbNXTdTR25Ror8j9HPxaoUqT0ALoTgi6auIW83PlWFu7V1VbrTKXOpCgsXq5MlHkITe4CMNvqy3OFXSEifd3pwcjLAisxcjYLkTqjMnnNBA0FX7GZfzlIIMltICDedl7zMB0ULrJzz2a4SKUVysyUT4RVrB3CgqKiHSt3xVuJGDJuxALxd90sEfQsfvljo6pRgkkqwKqqqn', '0');
INSERT INTO `PREFIX_DB_setting` (`setting_id`, `store_id`, `code`, `key`, `value`, `serialized`) VALUES ('610454', '0', 'config', 'config_file_max_size', '300000', '0');
INSERT INTO `PREFIX_DB_setting` (`setting_id`, `store_id`, `code`, `key`, `value`, `serialized`) VALUES ('610455', '0', 'config', 'config_file_ext_allowed', 'ziptxtpngjpejpegjpggifbmpicotifftifsvgsvgzziprarmsicabmp3qtmovpdfpsdaiepspsdoc', '0');
INSERT INTO `PREFIX_DB_setting` (`setting_id`, `store_id`, `code`, `key`, `value`, `serialized`) VALUES ('610460', '0', 'config', 'config_sms_alert', '0', '0');
INSERT INTO `PREFIX_DB_setting` (`setting_id`, `store_id`, `code`, `key`, `value`, `serialized`) VALUES ('534776', '0', 'aridius_faq', 'aridius_faq_name', '{"1":"FAQ","2":"FAQ"}', '1');
INSERT INTO `PREFIX_DB_setting` (`setting_id`, `store_id`, `code`, `key`, `value`, `serialized`) VALUES ('534777', '0', 'aridius_faq', 'aridius_faq_top_links', '{"1":{"title":{"1":"\\u041a\\u0430\\u043a \\u043a\\u0443\\u043f\\u0438\\u0442\\u044c","2":"\\u041a\\u0430\\u043a \\u043a\\u0443\\u043f\\u0438\\u0442\\u044c"},"faicons_faq":"fa fa-usd","description":{"1":"&lt;p&gt;\\u0412\\u044b \\u043c\\u043e\\u0436\\u0435\\u0442\\u0435 \\u0437\\u0430\\u043a\\u0430\\u0437\\u0430\\u0442\\u044c \\u0442\\u043e\\u0432\\u0430\\u0440 \\u0447\\u0435\\u0440\\u0435\\u0437 \\u0441\\u0430\\u0439\\u0442, \\u043f\\u043e\\u0441\\u043b\\u0435 \\u0447\\u0435\\u0433\\u043e \\u0412\\u0430\\u043c \\u043f\\u043e\\u0437\\u0432\\u043e\\u043d\\u0438\\u0442 \\u043d\\u0430\\u0448 \\u043c\\u0435\\u043d\\u0435\\u0434\\u0436\\u0435\\u0440 \\u0438 \\u043e\\u0431\\u0441\\u0443\\u0434\\u0438\\u0442 \\u0432\\u0441\\u0435 \\u0434\\u0435\\u0442\\u0430\\u043b\\u0438 \\u0437\\u0430\\u043a\\u0430\\u0437\\u0430, \\u0438\\u043b\\u0438 \\u0441\\u0434\\u0435\\u043b\\u0430\\u0442\\u044c \\u0437\\u0430\\u043a\\u0430\\u0437 \\u043f\\u043e \\u043e\\u0434\\u043d\\u043e\\u043c\\u0443 \\u0438\\u0437 \\u0442\\u0435\\u043b\\u0435\\u0444\\u043e\\u043d\\u043e\\u0432: (xxx) xxx-xx-xx, (xxx) xxx-xx-xx, \\u0432\\u0440\\u0435\\u043c\\u044f \\u0440\\u0430\\u0431\\u043e\\u0442\\u044b \\u0432 \\u0431\\u0443\\u0434\\u043d\\u0438\\u0435 \\u0434\\u043d\\u0438 \\u0441 9:00 \\u0434\\u043e 18:00, \\u0441\\u0443\\u0431\\u0431\\u043e\\u0442\\u0430 \\u0441 10:00 \\u0434\\u043e 16:00, \\u0432\\u043e\\u0441\\u043a\\u0440\\u0435\\u0441\\u0435\\u043d\\u044c\\u0435 \\u0432\\u044b\\u0445\\u043e\\u0434\\u043d\\u043e\\u0439.&lt;\\/p&gt;","2":"&lt;p&gt;\\u0412\\u044b \\u043c\\u043e\\u0436\\u0435\\u0442\\u0435 \\u0437\\u0430\\u043a\\u0430\\u0437\\u0430\\u0442\\u044c \\u0442\\u043e\\u0432\\u0430\\u0440 \\u0447\\u0435\\u0440\\u0435\\u0437 \\u0441\\u0430\\u0439\\u0442, \\u043f\\u043e\\u0441\\u043b\\u0435 \\u0447\\u0435\\u0433\\u043e \\u0412\\u0430\\u043c \\u043f\\u043e\\u0437\\u0432\\u043e\\u043d\\u0438\\u0442 \\u043d\\u0430\\u0448 \\u043c\\u0435\\u043d\\u0435\\u0434\\u0436\\u0435\\u0440 \\u0438 \\u043e\\u0431\\u0441\\u0443\\u0434\\u0438\\u0442 \\u0432\\u0441\\u0435 \\u0434\\u0435\\u0442\\u0430\\u043b\\u0438 \\u0437\\u0430\\u043a\\u0430\\u0437\\u0430, \\u0438\\u043b\\u0438 \\u0441\\u0434\\u0435\\u043b\\u0430\\u0442\\u044c \\u0437\\u0430\\u043a\\u0430\\u0437 \\u043f\\u043e \\u043e\\u0434\\u043d\\u043e\\u043c\\u0443 \\u0438\\u0437 \\u0442\\u0435\\u043b\\u0435\\u0444\\u043e\\u043d\\u043e\\u0432: (xxx) xxx-xx-xx, (xxx) xxx-xx-xx, \\u0432\\u0440\\u0435\\u043c\\u044f \\u0440\\u0430\\u0431\\u043e\\u0442\\u044b \\u0432 \\u0431\\u0443\\u0434\\u043d\\u0438\\u0435 \\u0434\\u043d\\u0438 \\u0441 9:00 \\u0434\\u043e 18:00, \\u0441\\u0443\\u0431\\u0431\\u043e\\u0442\\u0430 \\u0441 10:00 \\u0434\\u043e 16:00, \\u0432\\u043e\\u0441\\u043a\\u0440\\u0435\\u0441\\u0435\\u043d\\u044c\\u0435 \\u0432\\u044b\\u0445\\u043e\\u0434\\u043d\\u043e\\u0439.&lt;br&gt;&lt;\\/p&gt;"}},"2":{"title":{"1":"\\u0414\\u043e\\u0441\\u0442\\u0430\\u0432\\u043a\\u0430 \\u0438 \\u043e\\u043f\\u043b\\u0430\\u0442\\u0430","2":"\\u0414\\u043e\\u0441\\u0442\\u0430\\u0432\\u043a\\u0430 \\u0438 \\u043e\\u043f\\u043b\\u0430\\u0442\\u0430"},"faicons_faq":"fa fa-truck","description":{"1":"&lt;p&gt;\\u041f\\u0440\\u0438 \\u0432\\u044b\\u0431\\u043e\\u0440\\u0435 \\u0434\\u043e\\u0441\\u0442\\u0430\\u0432\\u043a\\u0438 \\u2013 \\u043d\\u0430\\u0448\\u0438\\u043c \\u0442\\u0440\\u0430\\u043d\\u0441\\u043f\\u043e\\u0440\\u0442\\u043e\\u043c, \\u0412\\u0430\\u043c \\u043d\\u0443\\u0436\\u043d\\u043e \\u043e\\u043f\\u043b\\u0430\\u0442\\u0438\\u0442\\u044c \\u043f\\u043e\\u043b\\u043d\\u0443\\u044e \\u0441\\u0442\\u043e\\u0438\\u043c\\u043e\\u0441\\u0442\\u044c \\u043f\\u043e\\u043a\\u0443\\u043f\\u043a\\u0438 \\u043d\\u0430 \\u043d\\u0430\\u0448 \\u0440\\u0430\\u0441\\u0447\\u0435\\u0442\\u043d\\u044b\\u0439 \\u0441\\u0447\\u0435\\u0442 \\u0432 \\u0431\\u0430\\u043d\\u043a\\u0435, \\u044d\\u0442\\u043e \\u043c\\u043e\\u0436\\u043d\\u043e \\u0441\\u0434\\u0435\\u043b\\u0430\\u0442\\u044c \\u0447\\u0435\\u0440\\u0435\\u0437 \\u043a\\u0430\\u0441\\u0441\\u0443 \\u0432 \\u043b\\u044e\\u0431\\u043e\\u043c \\u0431\\u0430\\u043d\\u043a\\u0435, \\u0438\\u043b\\u0438 \\u0441 \\u043f\\u043e\\u043c\\u043e\\u0449\\u044c\\u044e \\u0431\\u0430\\u043d\\u043a\\u043e\\u0432\\u0441\\u043a\\u043e\\u0439 \\u043a\\u0430\\u0440\\u0442\\u044b (\\u0432\\u044b\\u0431\\u0440\\u0430\\u0432 \\u0441\\u043f\\u043e\\u0441\\u043e\\u0431 \\u043e\\u043f\\u043b\\u0430\\u0442\\u044b \\u00ab\\u041e\\u043f\\u043b\\u0430\\u0442\\u0430 \\u043a\\u0430\\u0440\\u0442\\u043e\\u0439 \\u043b\\u044e\\u0431\\u043e\\u0433\\u043e \\u0431\\u0430\\u043d\\u043a\\u0430\\u00bb \\u043f\\u0440\\u0438 \\u043e\\u0444\\u043e\\u0440\\u043c\\u043b\\u0435\\u043d\\u0438\\u0438 \\u0437\\u0430\\u043a\\u0430\\u0437\\u0430 \\u043d\\u0430 \\u043d\\u0430\\u0448\\u0435\\u043c \\u0441\\u0430\\u0439\\u0442\\u0435).&lt;br&gt;&lt;\\/p&gt;                                        ","2":"&lt;p&gt;\\u041f\\u0440\\u0438 \\u0432\\u044b\\u0431\\u043e\\u0440\\u0435 \\u0434\\u043e\\u0441\\u0442\\u0430\\u0432\\u043a\\u0438 \\u2013 \\u043d\\u0430\\u0448\\u0438\\u043c \\u0442\\u0440\\u0430\\u043d\\u0441\\u043f\\u043e\\u0440\\u0442\\u043e\\u043c, \\u0412\\u0430\\u043c \\u043d\\u0443\\u0436\\u043d\\u043e \\u043e\\u043f\\u043b\\u0430\\u0442\\u0438\\u0442\\u044c \\u043f\\u043e\\u043b\\u043d\\u0443\\u044e \\u0441\\u0442\\u043e\\u0438\\u043c\\u043e\\u0441\\u0442\\u044c \\u043f\\u043e\\u043a\\u0443\\u043f\\u043a\\u0438 \\u043d\\u0430 \\u043d\\u0430\\u0448 \\u0440\\u0430\\u0441\\u0447\\u0435\\u0442\\u043d\\u044b\\u0439 \\u0441\\u0447\\u0435\\u0442 \\u0432 \\u0431\\u0430\\u043d\\u043a\\u0435, \\u044d\\u0442\\u043e \\u043c\\u043e\\u0436\\u043d\\u043e \\u0441\\u0434\\u0435\\u043b\\u0430\\u0442\\u044c \\u0447\\u0435\\u0440\\u0435\\u0437 \\u043a\\u0430\\u0441\\u0441\\u0443 \\u0432 \\u043b\\u044e\\u0431\\u043e\\u043c \\u0431\\u0430\\u043d\\u043a\\u0435, \\u0438\\u043b\\u0438 \\u0441 \\u043f\\u043e\\u043c\\u043e\\u0449\\u044c\\u044e \\u0431\\u0430\\u043d\\u043a\\u043e\\u0432\\u0441\\u043a\\u043e\\u0439 \\u043a\\u0430\\u0440\\u0442\\u044b (\\u0432\\u044b\\u0431\\u0440\\u0430\\u0432 \\u0441\\u043f\\u043e\\u0441\\u043e\\u0431 \\u043e\\u043f\\u043b\\u0430\\u0442\\u044b \\u00ab\\u041e\\u043f\\u043b\\u0430\\u0442\\u0430 \\u043a\\u0430\\u0440\\u0442\\u043e\\u0439 \\u043b\\u044e\\u0431\\u043e\\u0433\\u043e \\u0431\\u0430\\u043d\\u043a\\u0430\\u00bb \\u043f\\u0440\\u0438 \\u043e\\u0444\\u043e\\u0440\\u043c\\u043b\\u0435\\u043d\\u0438\\u0438 \\u0437\\u0430\\u043a\\u0430\\u0437\\u0430 \\u043d\\u0430 \\u043d\\u0430\\u0448\\u0435\\u043c \\u0441\\u0430\\u0439\\u0442\\u0435).&lt;br&gt;&lt;\\/p&gt;                                        "}},"3":{"title":{"1":"\\u041e \\u043d\\u0430\\u0448\\u0435\\u043c \\u043c\\u0430\\u0433\\u0430\\u0437\\u0438\\u043d\\u0435","2":"\\u041e \\u043d\\u0430\\u0448\\u0435\\u043c \\u043c\\u0430\\u0433\\u0430\\u0437\\u0438\\u043d\\u0435"},"faicons_faq":"fa fa-gift","description":{"1":"&lt;p&gt;\\u0418\\u043d\\u0442\\u0435\\u0440\\u043d\\u0435\\u0442-\\u043c\\u0430\\u0433\\u0430\\u0437\\u0438\\u043d (\\u0430\\u043d\\u0433\\u043b. online shop \\u0438\\u043b\\u0438 e-shop) \\u2014 \\u0441\\u0430\\u0439\\u0442, \\u0442\\u043e\\u0440\\u0433\\u0443\\u044e\\u0449\\u0438\\u0439 \\u0442\\u043e\\u0432\\u0430\\u0440\\u0430\\u043c\\u0438 \\u043f\\u043e\\u0441\\u0440\\u0435\\u0434\\u0441\\u0442\\u0432\\u043e\\u043c \\u0441\\u0435\\u0442\\u0438 \\u0418\\u043d\\u0442\\u0435\\u0440\\u043d\\u0435\\u0442. \\u041f\\u043e\\u0437\\u0432\\u043e\\u043b\\u044f\\u0435\\u0442 \\u043f\\u043e\\u043b\\u044c\\u0437\\u043e\\u0432\\u0430\\u0442\\u0435\\u043b\\u044f\\u043c \\u043e\\u043d\\u043b\\u0430\\u0439\\u043d, \\u0432 \\u0441\\u0432\\u043e\\u0451\\u043c \\u0431\\u0440\\u0430\\u0443\\u0437\\u0435\\u0440\\u0435 \\u0438\\u043b\\u0438 \\u0447\\u0435\\u0440\\u0435\\u0437 \\u043c\\u043e\\u0431\\u0438\\u043b\\u044c\\u043d\\u043e\\u0435 \\u043f\\u0440\\u0438\\u043b\\u043e\\u0436\\u0435\\u043d\\u0438\\u0435&lt;\\/p&gt;&lt;p&gt;               &lt;br&gt;&lt;\\/p&gt;                                        ","2":"&lt;p&gt;\\u0418\\u043d\\u0442\\u0435\\u0440\\u043d\\u0435\\u0442-\\u043c\\u0430\\u0433\\u0430\\u0437\\u0438\\u043d (\\u0430\\u043d\\u0433\\u043b. online shop \\u0438\\u043b\\u0438 e-shop) \\u2014 \\u0441\\u0430\\u0439\\u0442, \\u0442\\u043e\\u0440\\u0433\\u0443\\u044e\\u0449\\u0438\\u0439 \\u0442\\u043e\\u0432\\u0430\\u0440\\u0430\\u043c\\u0438 \\u043f\\u043e\\u0441\\u0440\\u0435\\u0434\\u0441\\u0442\\u0432\\u043e\\u043c \\u0441\\u0435\\u0442\\u0438 \\u0418\\u043d\\u0442\\u0435\\u0440\\u043d\\u0435\\u0442. \\u041f\\u043e\\u0437\\u0432\\u043e\\u043b\\u044f\\u0435\\u0442 \\u043f\\u043e\\u043b\\u044c\\u0437\\u043e\\u0432\\u0430\\u0442\\u0435\\u043b\\u044f\\u043c \\u043e\\u043d\\u043b\\u0430\\u0439\\u043d, \\u0432 \\u0441\\u0432\\u043e\\u0451\\u043c \\u0431\\u0440\\u0430\\u0443\\u0437\\u0435\\u0440\\u0435 \\u0438\\u043b\\u0438 \\u0447\\u0435\\u0440\\u0435\\u0437 \\u043c\\u043e\\u0431\\u0438\\u043b\\u044c\\u043d\\u043e\\u0435 \\u043f\\u0440\\u0438\\u043b\\u043e\\u0436\\u0435\\u043d\\u0438\\u0435&lt;\\/p&gt;&lt;p&gt;&lt;br&gt;&lt;\\/p&gt;&lt;p&gt;               &lt;br&gt;&lt;\\/p&gt;&lt;p&gt;                                        &lt;br&gt;&lt;\\/p&gt;"}}}', '1');
INSERT INTO `PREFIX_DB_setting` (`setting_id`, `store_id`, `code`, `key`, `value`, `serialized`) VALUES ('542161', '0', 'aridius_news', 'aridius_news_review_guest', '0', '0');
INSERT INTO `PREFIX_DB_setting` (`setting_id`, `store_id`, `code`, `key`, `value`, `serialized`) VALUES ('542160', '0', 'aridius_news', 'aridius_news_status', '1', '0');
INSERT INTO `PREFIX_DB_setting` (`setting_id`, `store_id`, `code`, `key`, `value`, `serialized`) VALUES ('542158', '0', 'aridius_news', 'aridius_news_thumb_width', '449', '0');
INSERT INTO `PREFIX_DB_setting` (`setting_id`, `store_id`, `code`, `key`, `value`, `serialized`) VALUES ('542159', '0', 'aridius_news', 'aridius_news_thumb_height', '205', '0');
INSERT INTO `PREFIX_DB_setting` (`setting_id`, `store_id`, `code`, `key`, `value`, `serialized`) VALUES ('539403', '0', 'aridius_text_home', 'aridius_text_home_description', '{"1":"&lt;h1&gt;\\u0418\\u043d\\u0442\\u0435\\u0440\\u043d\\u0435\\u0442-\\u043c\\u0430\\u0433\\u0430\\u0437\\u0438\\u043d Aurus&lt;\\/h1&gt;&lt;p&gt;&lt;span style=&quot;font-size:14px&quot;&gt;\\u0418\\u043d\\u0442\\u0435\\u0440\\u043d\\u0435\\u0442-\\u043c\\u0430\\u0433\\u0430\\u0437\\u0438\\u043d\\u044b \\u043e\\u0431\\u044b\\u0447\\u043d\\u043e \\u043f\\u043e\\u0437\\u0432\\u043e\\u043b\\u044f\\u044e\\u0442 \\u043f\\u043e\\u043a\\u0443\\u043f\\u0430\\u0442\\u0435\\u043b\\u044f\\u043c \\u0438\\u0441\\u043f\\u043e\\u043b\\u044c\\u0437\\u043e\\u0432\\u0430\\u0442\\u044c \\u0444\\u0443\\u043d\\u043a\\u0446\\u0438\\u0438 \\u00ab\\u043f\\u043e\\u0438\\u0441\\u043a\\u0430\\u00bb, \\u0447\\u0442\\u043e\\u0431\\u044b \\u043d\\u0430\\u0439\\u0442\\u0438 \\u043a\\u043e\\u043d\\u043a\\u0440\\u0435\\u0442\\u043d\\u044b\\u0435 \\u043c\\u043e\\u0434\\u0435\\u043b\\u0438, \\u0431\\u0440\\u0435\\u043d\\u0434\\u044b \\u0438\\u043b\\u0438 \\u043f\\u0440\\u0435\\u0434\\u043c\\u0435\\u0442\\u044b.&lt;br&gt;\\u041a\\u043e\\u0433\\u0434\\u0430 \\u043e\\u043d\\u043b\\u0430\\u0439\\u043d-\\u043c\\u0430\\u0433\\u0430\\u0437\\u0438\\u043d \\u043d\\u0430\\u0441\\u0442\\u0440\\u043e\\u0435\\u043d \\u043d\\u0430 \\u0442\\u043e, \\u0447\\u0442\\u043e\\u0431\\u044b \\u043f\\u043e\\u0437\\u0432\\u043e\\u043b\\u0438\\u0442\\u044c \\u043a\\u043e\\u043c\\u043f\\u0430\\u043d\\u0438\\u044f\\u043c \\u043f\\u043e\\u043a\\u0443\\u043f\\u0430\\u0442\\u044c \\u0443 \\u0434\\u0440\\u0443\\u0433\\u0438\\u0445 \\u043a\\u043e\\u043c\\u043f\\u0430\\u043d\\u0438\\u0439, \\u044d\\u0442\\u043e\\u0442 \\u043f\\u0440\\u043e\\u0446\\u0435\\u0441\\u0441 \\u043d\\u0430\\u0437\\u044b\\u0432\\u0430\\u0435\\u0442\\u0441\\u044f \\u043e\\u043d\\u043b\\u0430\\u0439\\u043d-\\u043c\\u0430\\u0433\\u0430\\u0437\\u0438\\u043d\\u0430\\u043c\\u0438 \\u0431\\u0438\\u0437\\u043d\\u0435\\u0441 \\u0434\\u043b\\u044f \\u0431\\u0438\\u0437\\u043d\\u0435\\u0441\\u0430 (B2B). \\u0422\\u0438\\u043f\\u0438\\u0447\\u043d\\u044b\\u0439 \\u0438\\u043d\\u0442\\u0435\\u0440\\u043d\\u0435\\u0442-\\u043c\\u0430\\u0433\\u0430\\u0437\\u0438\\u043d \\u043f\\u043e\\u0437\\u0432\\u043e\\u043b\\u044f\\u0435\\u0442 \\u043a\\u043b\\u0438\\u0435\\u043d\\u0442\\u0443 \\u043f\\u0440\\u043e\\u0441\\u043c\\u0430\\u0442\\u0440\\u0438\\u0432\\u0430\\u0442\\u044c \\u0430\\u0441\\u0441\\u043e\\u0440\\u0442\\u0438\\u043c\\u0435\\u043d\\u0442 \\u043f\\u0440\\u043e\\u0434\\u0443\\u043a\\u0442\\u043e\\u0432 \\u0438 \\u0443\\u0441\\u043b\\u0443\\u0433 \\u0444\\u0438\\u0440\\u043c\\u044b, \\u043f\\u0440\\u043e\\u0441\\u043c\\u0430\\u0442\\u0440\\u0438\\u0432\\u0430\\u0442\\u044c \\u0444\\u043e\\u0442\\u043e\\u0433\\u0440\\u0430\\u0444\\u0438\\u0438 \\u0438\\u043b\\u0438 \\u0438\\u0437\\u043e\\u0431\\u0440\\u0430\\u0436\\u0435\\u043d\\u0438\\u044f \\u043f\\u0440\\u043e\\u0434\\u0443\\u043a\\u0442\\u043e\\u0432, \\u0430 \\u0442\\u0430\\u043a\\u0436\\u0435 \\u0438\\u043d\\u0444\\u043e\\u0440\\u043c\\u0430\\u0446\\u0438\\u044e \\u043e \\u0442\\u0435\\u0445\\u043d\\u0438\\u0447\\u0435\\u0441\\u043a\\u0438\\u0445 \\u0445\\u0430\\u0440\\u0430\\u043a\\u0442\\u0435\\u0440\\u0438\\u0441\\u0442\\u0438\\u043a\\u0430\\u0445 \\u043f\\u0440\\u043e\\u0434\\u0443\\u043a\\u0442\\u0430 \\u0438 \\u0446\\u0435\\u043d\\u0430\\u0445.&lt;\\/span&gt;&lt;\\/p&gt;&lt;p&gt;&lt;span style=&quot;font-size:14px&quot;&gt;\\u0418\\u043d\\u0442\\u0435\\u0440\\u043d\\u0435\\u0442-\\u043c\\u0430\\u0433\\u0430\\u0437\\u0438\\u043d (\\u0430\\u043d\\u0433\\u043b. online shop \\u0438\\u043b\\u0438 e-shop) \\u2014 \\u0441\\u0430\\u0439\\u0442, \\u0442\\u043e\\u0440\\u0433\\u0443\\u044e\\u0449\\u0438\\u0439 \\u0442\\u043e\\u0432\\u0430\\u0440\\u0430\\u043c\\u0438 \\u043f\\u043e\\u0441\\u0440\\u0435\\u0434\\u0441\\u0442\\u0432\\u043e\\u043c \\u0441\\u0435\\u0442\\u0438 \\u0418\\u043d\\u0442\\u0435\\u0440\\u043d\\u0435\\u0442. \\u041f\\u043e\\u0437\\u0432\\u043e\\u043b\\u044f\\u0435\\u0442 \\u043f\\u043e\\u043b\\u044c\\u0437\\u043e\\u0432\\u0430\\u0442\\u0435\\u043b\\u044f\\u043c \\u043e\\u043d\\u043b\\u0430\\u0439\\u043d, \\u0432 \\u0441\\u0432\\u043e\\u0451\\u043c \\u0431\\u0440\\u0430\\u0443\\u0437\\u0435\\u0440\\u0435 \\u0438\\u043b\\u0438 \\u0447\\u0435\\u0440\\u0435\\u0437 \\u043c\\u043e\\u0431\\u0438\\u043b\\u044c\\u043d\\u043e\\u0435 \\u043f\\u0440\\u0438\\u043b\\u043e\\u0436\\u0435\\u043d\\u0438\\u0435, \\u0441\\u0444\\u043e\\u0440\\u043c\\u0438\\u0440\\u043e\\u0432\\u0430\\u0442\\u044c \\u0437\\u0430\\u043a\\u0430\\u0437 \\u043d\\u0430 \\u043f\\u043e\\u043a\\u0443\\u043f\\u043a\\u0443, \\u0432\\u044b\\u0431\\u0440\\u0430\\u0442\\u044c \\u0441\\u043f\\u043e\\u0441\\u043e\\u0431 \\u043e\\u043f\\u043b\\u0430\\u0442\\u044b \\u0438 \\u0434\\u043e\\u0441\\u0442\\u0430\\u0432\\u043a\\u0438 \\u0437\\u0430\\u043a\\u0430\\u0437\\u0430, \\u043e\\u043f\\u043b\\u0430\\u0442\\u0438\\u0442\\u044c \\u0437\\u0430\\u043a\\u0430\\u0437. \\u041f\\u0440\\u0438 \\u044d\\u0442\\u043e\\u043c \\u043f\\u0440\\u043e\\u0434\\u0430\\u0436\\u0430 \\u0442\\u043e\\u0432\\u0430\\u0440\\u043e\\u0432 \\u043e\\u0441\\u0443\\u0449\\u0435\\u0441\\u0442\\u0432\\u043b\\u044f\\u0435\\u0442\\u0441\\u044f \\u0434\\u0438\\u0441\\u0442\\u0430\\u043d\\u0446\\u0438\\u043e\\u043d\\u043d\\u044b\\u043c \\u0441\\u043f\\u043e\\u0441\\u043e\\u0431\\u043e\\u043c \\u0438 \\u043e\\u043d\\u0430 \\u043d\\u0430\\u043a\\u043b\\u0430\\u0434\\u044b\\u0432\\u0430\\u0435\\u0442 \\u043e\\u0433\\u0440\\u0430\\u043d\\u0438\\u0447\\u0435\\u043d\\u0438\\u044f \\u043d\\u0430 \\u043f\\u0440\\u043e\\u0434\\u0430\\u0432\\u0430\\u0435\\u043c\\u044b\\u0435 \\u0442\\u043e\\u0432\\u0430\\u0440\\u044b. \\u0422\\u0430\\u043a, \\u0432 \\u043d\\u0435\\u043a\\u043e\\u0442\\u043e\\u0440\\u044b\\u0445 \\u0441\\u0442\\u0440\\u0430\\u043d\\u0430\\u0445 \\u0438\\u043c\\u0435\\u0435\\u0442\\u0441\\u044f \\u0437\\u0430\\u043f\\u0440\\u0435\\u0442 \\u043d\\u0430 \\u0438\\u043d\\u0442\\u0435\\u0440\\u043d\\u0435\\u0442-\\u0442\\u043e\\u0440\\u0433\\u043e\\u0432\\u043b\\u044e \\u0430\\u043b\\u043a\\u043e\\u0433\\u043e\\u043b\\u0435\\u043c, \\u043e\\u0440\\u0443\\u0436\\u0438\\u0435\\u043c, \\u044e\\u0432\\u0435\\u043b\\u0438\\u0440\\u043d\\u044b\\u043c\\u0438 \\u0438\\u0437\\u0434\\u0435\\u043b\\u0438\\u044f\\u043c\\u0438 \\u0438 \\u0434\\u0440\\u0443\\u0433\\u0438\\u043c\\u0438 \\u0442\\u043e\\u0432\\u0430\\u0440\\u0430\\u043c\\u0438 (\\u043a \\u043f\\u0440\\u0438\\u043c\\u0435\\u0440\\u0443, \\u0432 \\u0420\\u043e\\u0441\\u0441\\u0438\\u0438 \\u0437\\u0430\\u043f\\u0440\\u0435\\u0449\\u0435\\u043d\\u0430 \\u0434\\u0438\\u0441\\u0442\\u0430\\u043d\\u0446\\u0438\\u043e\\u043d\\u043d\\u0430\\u044f \\u043f\\u0440\\u043e\\u0434\\u0430\\u0436\\u0430 \\u0430\\u043b\\u043a\\u043e\\u0433\\u043e\\u043b\\u044f, \\u044e\\u0432\\u0435\\u043b\\u0438\\u0440\\u043d\\u044b\\u0445 \\u0438\\u0437\\u0434\\u0435\\u043b\\u0438\\u0439 \\u0438 \\u0434\\u0440\\u0443\\u0433\\u0438\\u0445 \\u0442\\u043e\\u0432\\u0430\\u0440\\u043e\\u0432, \\u0441\\u0432\\u043e\\u0431\\u043e\\u0434\\u043d\\u0430\\u044f \\u0440\\u0435\\u0430\\u043b\\u0438\\u0437\\u0430\\u0446\\u0438\\u044f \\u043a\\u043e\\u0442\\u043e\\u0440\\u044b\\u0445 \\u0437\\u0430\\u043f\\u0440\\u0435\\u0449\\u0435\\u043d\\u0430 \\u0438\\u043b\\u0438 \\u043e\\u0433\\u0440\\u0430\\u043d\\u0438\\u0447\\u0435\\u043d\\u0430).&lt;\\/span&gt;&lt;\\/p&gt;&lt;p&gt;&lt;span style=&quot;font-size:14px&quot;&gt;\\u0418\\u043d\\u0442\\u0435\\u0440\\u043d\\u0435\\u0442-\\u043c\\u0430\\u0433\\u0430\\u0437\\u0438\\u043d\\u044b \\u043e\\u0431\\u044b\\u0447\\u043d\\u043e \\u043f\\u043e\\u0437\\u0432\\u043e\\u043b\\u044f\\u044e\\u0442 \\u043f\\u043e\\u043a\\u0443\\u043f\\u0430\\u0442\\u0435\\u043b\\u044f\\u043c \\u0438\\u0441\\u043f\\u043e\\u043b\\u044c\\u0437\\u043e\\u0432\\u0430\\u0442\\u044c \\u0444\\u0443\\u043d\\u043a\\u0446\\u0438\\u0438 \\u00ab\\u043f\\u043e\\u0438\\u0441\\u043a\\u0430\\u00bb, \\u0447\\u0442\\u043e\\u0431\\u044b \\u043d\\u0430\\u0439\\u0442\\u0438 \\u043a\\u043e\\u043d\\u043a\\u0440\\u0435\\u0442\\u043d\\u044b\\u0435 \\u043c\\u043e\\u0434\\u0435\\u043b\\u0438, \\u0431\\u0440\\u0435\\u043d\\u0434\\u044b \\u0438\\u043b\\u0438 \\u043f\\u0440\\u0435\\u0434\\u043c\\u0435\\u0442\\u044b.&lt;br&gt;\\u041a\\u043e\\u0433\\u0434\\u0430 \\u043e\\u043d\\u043b\\u0430\\u0439\\u043d-\\u043c\\u0430\\u0433\\u0430\\u0437\\u0438\\u043d \\u043d\\u0430\\u0441\\u0442\\u0440\\u043e\\u0435\\u043d \\u043d\\u0430 \\u0442\\u043e, \\u0447\\u0442\\u043e\\u0431\\u044b \\u043f\\u043e\\u0437\\u0432\\u043e\\u043b\\u0438\\u0442\\u044c \\u043a\\u043e\\u043c\\u043f\\u0430\\u043d\\u0438\\u044f\\u043c \\u043f\\u043e\\u043a\\u0443\\u043f\\u0430\\u0442\\u044c \\u0443 \\u0434\\u0440\\u0443\\u0433\\u0438\\u0445 \\u043a\\u043e\\u043c\\u043f\\u0430\\u043d\\u0438\\u0439, \\u044d\\u0442\\u043e\\u0442 \\u043f\\u0440\\u043e\\u0446\\u0435\\u0441\\u0441 \\u043d\\u0430\\u0437\\u044b\\u0432\\u0430\\u0435\\u0442\\u0441\\u044f \\u043e\\u043d\\u043b\\u0430\\u0439\\u043d-\\u043c\\u0430\\u0433\\u0430\\u0437\\u0438\\u043d\\u0430\\u043c\\u0438 \\u0431\\u0438\\u0437\\u043d\\u0435\\u0441 \\u0434\\u043b\\u044f \\u0431\\u0438\\u0437\\u043d\\u0435\\u0441\\u0430 (B2B). \\u0422\\u0438\\u043f\\u0438\\u0447\\u043d\\u044b\\u0439 \\u0438\\u043d\\u0442\\u0435\\u0440\\u043d\\u0435\\u0442-\\u043c\\u0430\\u0433\\u0430\\u0437\\u0438\\u043d \\u043f\\u043e\\u0437\\u0432\\u043e\\u043b\\u044f\\u0435\\u0442 \\u043a\\u043b\\u0438\\u0435\\u043d\\u0442\\u0443 \\u043f\\u0440\\u043e\\u0441\\u043c\\u0430\\u0442\\u0440\\u0438\\u0432\\u0430\\u0442\\u044c \\u0430\\u0441\\u0441\\u043e\\u0440\\u0442\\u0438\\u043c\\u0435\\u043d\\u0442 \\u043f\\u0440\\u043e\\u0434\\u0443\\u043a\\u0442\\u043e\\u0432 \\u0438 \\u0443\\u0441\\u043b\\u0443\\u0433 \\u0444\\u0438\\u0440\\u043c\\u044b, \\u043f\\u0440\\u043e\\u0441\\u043c\\u0430\\u0442\\u0440\\u0438\\u0432\\u0430\\u0442\\u044c \\u0444\\u043e\\u0442\\u043e\\u0433\\u0440\\u0430\\u0444\\u0438\\u0438 \\u0438\\u043b\\u0438 \\u0438\\u0437\\u043e\\u0431\\u0440\\u0430\\u0436\\u0435\\u043d\\u0438\\u044f \\u043f\\u0440\\u043e\\u0434\\u0443\\u043a\\u0442\\u043e\\u0432, \\u0430 \\u0442\\u0430\\u043a\\u0436\\u0435 \\u0438\\u043d\\u0444\\u043e\\u0440\\u043c\\u0430\\u0446\\u0438\\u044e \\u043e \\u0442\\u0435\\u0445\\u043d\\u0438\\u0447\\u0435\\u0441\\u043a\\u0438\\u0445 \\u0445\\u0430\\u0440\\u0430\\u043a\\u0442\\u0435\\u0440\\u0438\\u0441\\u0442\\u0438\\u043a\\u0430\\u0445 \\u043f\\u0440\\u043e\\u0434\\u0443\\u043a\\u0442\\u0430 \\u0438 \\u0446\\u0435\\u043d\\u0430\\u0445.&lt;\\/span&gt;&lt;\\/p&gt;&lt;p&gt;&lt;span style=&quot;font-size:14px&quot;&gt;\\u0418\\u043d\\u0442\\u0435\\u0440\\u043d\\u0435\\u0442-\\u043c\\u0430\\u0433\\u0430\\u0437\\u0438\\u043d (\\u0430\\u043d\\u0433\\u043b. online shop \\u0438\\u043b\\u0438 e-shop) \\u2014 \\u0441\\u0430\\u0439\\u0442, \\u0442\\u043e\\u0440\\u0433\\u0443\\u044e\\u0449\\u0438\\u0439 \\u0442\\u043e\\u0432\\u0430\\u0440\\u0430\\u043c\\u0438 \\u043f\\u043e\\u0441\\u0440\\u0435\\u0434\\u0441\\u0442\\u0432\\u043e\\u043c \\u0441\\u0435\\u0442\\u0438 \\u0418\\u043d\\u0442\\u0435\\u0440\\u043d\\u0435\\u0442. \\u041f\\u043e\\u0437\\u0432\\u043e\\u043b\\u044f\\u0435\\u0442 \\u043f\\u043e\\u043b\\u044c\\u0437\\u043e\\u0432\\u0430\\u0442\\u0435\\u043b\\u044f\\u043c \\u043e\\u043d\\u043b\\u0430\\u0439\\u043d, \\u0432 \\u0441\\u0432\\u043e\\u0451\\u043c \\u0431\\u0440\\u0430\\u0443\\u0437\\u0435\\u0440\\u0435 \\u0438\\u043b\\u0438 \\u0447\\u0435\\u0440\\u0435\\u0437 \\u043c\\u043e\\u0431\\u0438\\u043b\\u044c\\u043d\\u043e\\u0435 \\u043f\\u0440\\u0438\\u043b\\u043e\\u0436\\u0435\\u043d\\u0438\\u0435, \\u0441\\u0444\\u043e\\u0440\\u043c\\u0438\\u0440\\u043e\\u0432\\u0430\\u0442\\u044c \\u0437\\u0430\\u043a\\u0430\\u0437 \\u043d\\u0430 \\u043f\\u043e\\u043a\\u0443\\u043f\\u043a\\u0443, \\u0432\\u044b\\u0431\\u0440\\u0430\\u0442\\u044c \\u0441\\u043f\\u043e\\u0441\\u043e\\u0431 \\u043e\\u043f\\u043b\\u0430\\u0442\\u044b \\u0438 \\u0434\\u043e\\u0441\\u0442\\u0430\\u0432\\u043a\\u0438 \\u0437\\u0430\\u043a\\u0430\\u0437\\u0430, \\u043e\\u043f\\u043b\\u0430\\u0442\\u0438\\u0442\\u044c \\u0437\\u0430\\u043a\\u0430\\u0437. \\u041f\\u0440\\u0438 \\u044d\\u0442\\u043e\\u043c \\u043f\\u0440\\u043e\\u0434\\u0430\\u0436\\u0430 \\u0442\\u043e\\u0432\\u0430\\u0440\\u043e\\u0432 \\u043e\\u0441\\u0443\\u0449\\u0435\\u0441\\u0442\\u0432\\u043b\\u044f\\u0435\\u0442\\u0441\\u044f \\u0434\\u0438\\u0441\\u0442\\u0430\\u043d\\u0446\\u0438\\u043e\\u043d\\u043d\\u044b\\u043c \\u0441\\u043f\\u043e\\u0441\\u043e\\u0431\\u043e\\u043c \\u0438 \\u043e\\u043d\\u0430 \\u043d\\u0430\\u043a\\u043b\\u0430\\u0434\\u044b\\u0432\\u0430\\u0435\\u0442 \\u043e\\u0433\\u0440\\u0430\\u043d\\u0438\\u0447\\u0435\\u043d\\u0438\\u044f \\u043d\\u0430 \\u043f\\u0440\\u043e\\u0434\\u0430\\u0432\\u0430\\u0435\\u043c\\u044b\\u0435 \\u0442\\u043e\\u0432\\u0430\\u0440\\u044b. \\u0422\\u0430\\u043a, \\u0432 \\u043d\\u0435\\u043a\\u043e\\u0442\\u043e\\u0440\\u044b\\u0445 \\u0441\\u0442\\u0440\\u0430\\u043d\\u0430\\u0445 \\u0438\\u043c\\u0435\\u0435\\u0442\\u0441\\u044f \\u0437\\u0430\\u043f\\u0440\\u0435\\u0442 \\u043d\\u0430 \\u0438\\u043d\\u0442\\u0435\\u0440\\u043d\\u0435\\u0442-\\u0442\\u043e\\u0440\\u0433\\u043e\\u0432\\u043b\\u044e \\u0430\\u043b\\u043a\\u043e\\u0433\\u043e\\u043b\\u0435\\u043c, \\u043e\\u0440\\u0443\\u0436\\u0438\\u0435\\u043c, \\u044e\\u0432\\u0435\\u043b\\u0438\\u0440\\u043d\\u044b\\u043c\\u0438 \\u0438\\u0437\\u0434\\u0435\\u043b\\u0438\\u044f\\u043c\\u0438 \\u0438 \\u0434\\u0440\\u0443\\u0433\\u0438\\u043c\\u0438 \\u0442\\u043e\\u0432\\u0430\\u0440\\u0430\\u043c\\u0438 (\\u043a \\u043f\\u0440\\u0438\\u043c\\u0435\\u0440\\u0443, \\u0432 \\u0420\\u043e\\u0441\\u0441\\u0438\\u0438 \\u0437\\u0430\\u043f\\u0440\\u0435\\u0449\\u0435\\u043d\\u0430 \\u0434\\u0438\\u0441\\u0442\\u0430\\u043d\\u0446\\u0438\\u043e\\u043d\\u043d\\u0430\\u044f \\u043f\\u0440\\u043e\\u0434\\u0430\\u0436\\u0430 \\u0430\\u043b\\u043a\\u043e\\u0433\\u043e\\u043b\\u044f, \\u044e\\u0432\\u0435\\u043b\\u0438\\u0440\\u043d\\u044b\\u0445 \\u0438\\u0437\\u0434\\u0435\\u043b\\u0438\\u0439 \\u0438 \\u0434\\u0440\\u0443\\u0433\\u0438\\u0445 \\u0442\\u043e\\u0432\\u0430\\u0440\\u043e\\u0432, \\u0441\\u0432\\u043e\\u0431\\u043e\\u0434\\u043d\\u0430\\u044f \\u0440\\u0435\\u0430\\u043b\\u0438\\u0437\\u0430\\u0446\\u0438\\u044f \\u043a\\u043e\\u0442\\u043e\\u0440\\u044b\\u0445 \\u0437\\u0430\\u043f\\u0440\\u0435\\u0449\\u0435\\u043d\\u0430 \\u0438\\u043b\\u0438 \\u043e\\u0433\\u0440\\u0430\\u043d\\u0438\\u0447\\u0435\\u043d\\u0430).&lt;\\/span&gt;&lt;\\/p&gt;","2":"&lt;p&gt;\\u0418\\u043d\\u0442\\u0435\\u0440\\u043d\\u0435\\u0442-\\u043c\\u0430\\u0433\\u0430\\u0437\\u0438\\u043d Aurus&lt;\\/p&gt;&lt;p&gt;\\u0418\\u043d\\u0442\\u0435\\u0440\\u043d\\u0435\\u0442-\\u043c\\u0430\\u0433\\u0430\\u0437\\u0438\\u043d\\u044b \\u043e\\u0431\\u044b\\u0447\\u043d\\u043e \\u043f\\u043e\\u0437\\u0432\\u043e\\u043b\\u044f\\u044e\\u0442 \\u043f\\u043e\\u043a\\u0443\\u043f\\u0430\\u0442\\u0435\\u043b\\u044f\\u043c \\u0438\\u0441\\u043f\\u043e\\u043b\\u044c\\u0437\\u043e\\u0432\\u0430\\u0442\\u044c \\u0444\\u0443\\u043d\\u043a\\u0446\\u0438\\u0438 \\u00ab\\u043f\\u043e\\u0438\\u0441\\u043a\\u0430\\u00bb, \\u0447\\u0442\\u043e\\u0431\\u044b \\u043d\\u0430\\u0439\\u0442\\u0438 \\u043a\\u043e\\u043d\\u043a\\u0440\\u0435\\u0442\\u043d\\u044b\\u0435 \\u043c\\u043e\\u0434\\u0435\\u043b\\u0438, \\u0431\\u0440\\u0435\\u043d\\u0434\\u044b \\u0438\\u043b\\u0438 \\u043f\\u0440\\u0435\\u0434\\u043c\\u0435\\u0442\\u044b.&lt;br \\/&gt;\\u041a\\u043e\\u0433\\u0434\\u0430 \\u043e\\u043d\\u043b\\u0430\\u0439\\u043d-\\u043c\\u0430\\u0433\\u0430\\u0437\\u0438\\u043d \\u043d\\u0430\\u0441\\u0442\\u0440\\u043e\\u0435\\u043d \\u043d\\u0430 \\u0442\\u043e, \\u0447\\u0442\\u043e\\u0431\\u044b \\u043f\\u043e\\u0437\\u0432\\u043e\\u043b\\u0438\\u0442\\u044c \\u043a\\u043e\\u043c\\u043f\\u0430\\u043d\\u0438\\u044f\\u043c \\u043f\\u043e\\u043a\\u0443\\u043f\\u0430\\u0442\\u044c \\u0443 \\u0434\\u0440\\u0443\\u0433\\u0438\\u0445 \\u043a\\u043e\\u043c\\u043f\\u0430\\u043d\\u0438\\u0439, \\u044d\\u0442\\u043e\\u0442 \\u043f\\u0440\\u043e\\u0446\\u0435\\u0441\\u0441 \\u043d\\u0430\\u0437\\u044b\\u0432\\u0430\\u0435\\u0442\\u0441\\u044f \\u043e\\u043d\\u043b\\u0430\\u0439\\u043d-\\u043c\\u0430\\u0433\\u0430\\u0437\\u0438\\u043d\\u0430\\u043c\\u0438 \\u0431\\u0438\\u0437\\u043d\\u0435\\u0441 \\u0434\\u043b\\u044f \\u0431\\u0438\\u0437\\u043d\\u0435\\u0441\\u0430 (B2B). \\u0422\\u0438\\u043f\\u0438\\u0447\\u043d\\u044b\\u0439 \\u0438\\u043d\\u0442\\u0435\\u0440\\u043d\\u0435\\u0442-\\u043c\\u0430\\u0433\\u0430\\u0437\\u0438\\u043d \\u043f\\u043e\\u0437\\u0432\\u043e\\u043b\\u044f\\u0435\\u0442 \\u043a\\u043b\\u0438\\u0435\\u043d\\u0442\\u0443 \\u043f\\u0440\\u043e\\u0441\\u043c\\u0430\\u0442\\u0440\\u0438\\u0432\\u0430\\u0442\\u044c \\u0430\\u0441\\u0441\\u043e\\u0440\\u0442\\u0438\\u043c\\u0435\\u043d\\u0442 \\u043f\\u0440\\u043e\\u0434\\u0443\\u043a\\u0442\\u043e\\u0432 \\u0438 \\u0443\\u0441\\u043b\\u0443\\u0433 \\u0444\\u0438\\u0440\\u043c\\u044b, \\u043f\\u0440\\u043e\\u0441\\u043c\\u0430\\u0442\\u0440\\u0438\\u0432\\u0430\\u0442\\u044c \\u0444\\u043e\\u0442\\u043e\\u0433\\u0440\\u0430\\u0444\\u0438\\u0438 \\u0438\\u043b\\u0438 \\u0438\\u0437\\u043e\\u0431\\u0440\\u0430\\u0436\\u0435\\u043d\\u0438\\u044f \\u043f\\u0440\\u043e\\u0434\\u0443\\u043a\\u0442\\u043e\\u0432, \\u0430 \\u0442\\u0430\\u043a\\u0436\\u0435 \\u0438\\u043d\\u0444\\u043e\\u0440\\u043c\\u0430\\u0446\\u0438\\u044e \\u043e \\u0442\\u0435\\u0445\\u043d\\u0438\\u0447\\u0435\\u0441\\u043a\\u0438\\u0445 \\u0445\\u0430\\u0440\\u0430\\u043a\\u0442\\u0435\\u0440\\u0438\\u0441\\u0442\\u0438\\u043a\\u0430\\u0445 \\u043f\\u0440\\u043e\\u0434\\u0443\\u043a\\u0442\\u0430 \\u0438 \\u0446\\u0435\\u043d\\u0430\\u0445.&lt;\\/p&gt;&lt;p&gt;&amp;nbsp;&lt;\\/p&gt;&lt;p&gt;\\u0418\\u043d\\u0442\\u0435\\u0440\\u043d\\u0435\\u0442-\\u043c\\u0430\\u0433\\u0430\\u0437\\u0438\\u043d (\\u0430\\u043d\\u0433\\u043b. online shop \\u0438\\u043b\\u0438 e-shop) \\u2014 \\u0441\\u0430\\u0439\\u0442, \\u0442\\u043e\\u0440\\u0433\\u0443\\u044e\\u0449\\u0438\\u0439 \\u0442\\u043e\\u0432\\u0430\\u0440\\u0430\\u043c\\u0438 \\u043f\\u043e\\u0441\\u0440\\u0435\\u0434\\u0441\\u0442\\u0432\\u043e\\u043c \\u0441\\u0435\\u0442\\u0438 \\u0418\\u043d\\u0442\\u0435\\u0440\\u043d\\u0435\\u0442. \\u041f\\u043e\\u0437\\u0432\\u043e\\u043b\\u044f\\u0435\\u0442 \\u043f\\u043e\\u043b\\u044c\\u0437\\u043e\\u0432\\u0430\\u0442\\u0435\\u043b\\u044f\\u043c \\u043e\\u043d\\u043b\\u0430\\u0439\\u043d, \\u0432 \\u0441\\u0432\\u043e\\u0451\\u043c \\u0431\\u0440\\u0430\\u0443\\u0437\\u0435\\u0440\\u0435 \\u0438\\u043b\\u0438 \\u0447\\u0435\\u0440\\u0435\\u0437 \\u043c\\u043e\\u0431\\u0438\\u043b\\u044c\\u043d\\u043e\\u0435 \\u043f\\u0440\\u0438\\u043b\\u043e\\u0436\\u0435\\u043d\\u0438\\u0435, \\u0441\\u0444\\u043e\\u0440\\u043c\\u0438\\u0440\\u043e\\u0432\\u0430\\u0442\\u044c \\u0437\\u0430\\u043a\\u0430\\u0437 \\u043d\\u0430 \\u043f\\u043e\\u043a\\u0443\\u043f\\u043a\\u0443, \\u0432\\u044b\\u0431\\u0440\\u0430\\u0442\\u044c \\u0441\\u043f\\u043e\\u0441\\u043e\\u0431 \\u043e\\u043f\\u043b\\u0430\\u0442\\u044b \\u0438 \\u0434\\u043e\\u0441\\u0442\\u0430\\u0432\\u043a\\u0438 \\u0437\\u0430\\u043a\\u0430\\u0437\\u0430, \\u043e\\u043f\\u043b\\u0430\\u0442\\u0438\\u0442\\u044c \\u0437\\u0430\\u043a\\u0430\\u0437. \\u041f\\u0440\\u0438 \\u044d\\u0442\\u043e\\u043c \\u043f\\u0440\\u043e\\u0434\\u0430\\u0436\\u0430 \\u0442\\u043e\\u0432\\u0430\\u0440\\u043e\\u0432 \\u043e\\u0441\\u0443\\u0449\\u0435\\u0441\\u0442\\u0432\\u043b\\u044f\\u0435\\u0442\\u0441\\u044f \\u0434\\u0438\\u0441\\u0442\\u0430\\u043d\\u0446\\u0438\\u043e\\u043d\\u043d\\u044b\\u043c \\u0441\\u043f\\u043e\\u0441\\u043e\\u0431\\u043e\\u043c \\u0438 \\u043e\\u043d\\u0430 \\u043d\\u0430\\u043a\\u043b\\u0430\\u0434\\u044b\\u0432\\u0430\\u0435\\u0442 \\u043e\\u0433\\u0440\\u0430\\u043d\\u0438\\u0447\\u0435\\u043d\\u0438\\u044f \\u043d\\u0430 \\u043f\\u0440\\u043e\\u0434\\u0430\\u0432\\u0430\\u0435\\u043c\\u044b\\u0435 \\u0442\\u043e\\u0432\\u0430\\u0440\\u044b. \\u0422\\u0430\\u043a, \\u0432 \\u043d\\u0435\\u043a\\u043e\\u0442\\u043e\\u0440\\u044b\\u0445 \\u0441\\u0442\\u0440\\u0430\\u043d\\u0430\\u0445 \\u0438\\u043c\\u0435\\u0435\\u0442\\u0441\\u044f \\u0437\\u0430\\u043f\\u0440\\u0435\\u0442 \\u043d\\u0430 \\u0438\\u043d\\u0442\\u0435\\u0440\\u043d\\u0435\\u0442-\\u0442\\u043e\\u0440\\u0433\\u043e\\u0432\\u043b\\u044e \\u0430\\u043b\\u043a\\u043e\\u0433\\u043e\\u043b\\u0435\\u043c, \\u043e\\u0440\\u0443\\u0436\\u0438\\u0435\\u043c, \\u044e\\u0432\\u0435\\u043b\\u0438\\u0440\\u043d\\u044b\\u043c\\u0438 \\u0438\\u0437\\u0434\\u0435\\u043b\\u0438\\u044f\\u043c\\u0438 \\u0438 \\u0434\\u0440\\u0443\\u0433\\u0438\\u043c\\u0438 \\u0442\\u043e\\u0432\\u0430\\u0440\\u0430\\u043c\\u0438 (\\u043a \\u043f\\u0440\\u0438\\u043c\\u0435\\u0440\\u0443, \\u0432 \\u0420\\u043e\\u0441\\u0441\\u0438\\u0438 \\u0437\\u0430\\u043f\\u0440\\u0435\\u0449\\u0435\\u043d\\u0430 \\u0434\\u0438\\u0441\\u0442\\u0430\\u043d\\u0446\\u0438\\u043e\\u043d\\u043d\\u0430\\u044f \\u043f\\u0440\\u043e\\u0434\\u0430\\u0436\\u0430 \\u0430\\u043b\\u043a\\u043e\\u0433\\u043e\\u043b\\u044f, \\u044e\\u0432\\u0435\\u043b\\u0438\\u0440\\u043d\\u044b\\u0445 \\u0438\\u0437\\u0434\\u0435\\u043b\\u0438\\u0439 \\u0438 \\u0434\\u0440\\u0443\\u0433\\u0438\\u0445 \\u0442\\u043e\\u0432\\u0430\\u0440\\u043e\\u0432, \\u0441\\u0432\\u043e\\u0431\\u043e\\u0434\\u043d\\u0430\\u044f \\u0440\\u0435\\u0430\\u043b\\u0438\\u0437\\u0430\\u0446\\u0438\\u044f \\u043a\\u043e\\u0442\\u043e\\u0440\\u044b\\u0445 \\u0437\\u0430\\u043f\\u0440\\u0435\\u0449\\u0435\\u043d\\u0430 \\u0438\\u043b\\u0438 \\u043e\\u0433\\u0440\\u0430\\u043d\\u0438\\u0447\\u0435\\u043d\\u0430).&lt;\\/p&gt;&lt;p&gt;\\u0418\\u043d\\u0442\\u0435\\u0440\\u043d\\u0435\\u0442-\\u043c\\u0430\\u0433\\u0430\\u0437\\u0438\\u043d\\u044b \\u043e\\u0431\\u044b\\u0447\\u043d\\u043e \\u043f\\u043e\\u0437\\u0432\\u043e\\u043b\\u044f\\u044e\\u0442 \\u043f\\u043e\\u043a\\u0443\\u043f\\u0430\\u0442\\u0435\\u043b\\u044f\\u043c \\u0438\\u0441\\u043f\\u043e\\u043b\\u044c\\u0437\\u043e\\u0432\\u0430\\u0442\\u044c \\u0444\\u0443\\u043d\\u043a\\u0446\\u0438\\u0438 \\u00ab\\u043f\\u043e\\u0438\\u0441\\u043a\\u0430\\u00bb, \\u0447\\u0442\\u043e\\u0431\\u044b \\u043d\\u0430\\u0439\\u0442\\u0438 \\u043a\\u043e\\u043d\\u043a\\u0440\\u0435\\u0442\\u043d\\u044b\\u0435 \\u043c\\u043e\\u0434\\u0435\\u043b\\u0438, \\u0431\\u0440\\u0435\\u043d\\u0434\\u044b \\u0438\\u043b\\u0438 \\u043f\\u0440\\u0435\\u0434\\u043c\\u0435\\u0442\\u044b.&lt;br \\/&gt;\\u041a\\u043e\\u0433\\u0434\\u0430 \\u043e\\u043d\\u043b\\u0430\\u0439\\u043d-\\u043c\\u0430\\u0433\\u0430\\u0437\\u0438\\u043d \\u043d\\u0430\\u0441\\u0442\\u0440\\u043e\\u0435\\u043d \\u043d\\u0430 \\u0442\\u043e, \\u0447\\u0442\\u043e\\u0431\\u044b \\u043f\\u043e\\u0437\\u0432\\u043e\\u043b\\u0438\\u0442\\u044c \\u043a\\u043e\\u043c\\u043f\\u0430\\u043d\\u0438\\u044f\\u043c \\u043f\\u043e\\u043a\\u0443\\u043f\\u0430\\u0442\\u044c \\u0443 \\u0434\\u0440\\u0443\\u0433\\u0438\\u0445 \\u043a\\u043e\\u043c\\u043f\\u0430\\u043d\\u0438\\u0439, \\u044d\\u0442\\u043e\\u0442 \\u043f\\u0440\\u043e\\u0446\\u0435\\u0441\\u0441 \\u043d\\u0430\\u0437\\u044b\\u0432\\u0430\\u0435\\u0442\\u0441\\u044f \\u043e\\u043d\\u043b\\u0430\\u0439\\u043d-\\u043c\\u0430\\u0433\\u0430\\u0437\\u0438\\u043d\\u0430\\u043c\\u0438 \\u0431\\u0438\\u0437\\u043d\\u0435\\u0441 \\u0434\\u043b\\u044f \\u0431\\u0438\\u0437\\u043d\\u0435\\u0441\\u0430 (B2B). \\u0422\\u0438\\u043f\\u0438\\u0447\\u043d\\u044b\\u0439 \\u0438\\u043d\\u0442\\u0435\\u0440\\u043d\\u0435\\u0442-\\u043c\\u0430\\u0433\\u0430\\u0437\\u0438\\u043d \\u043f\\u043e\\u0437\\u0432\\u043e\\u043b\\u044f\\u0435\\u0442 \\u043a\\u043b\\u0438\\u0435\\u043d\\u0442\\u0443 \\u043f\\u0440\\u043e\\u0441\\u043c\\u0430\\u0442\\u0440\\u0438\\u0432\\u0430\\u0442\\u044c \\u0430\\u0441\\u0441\\u043e\\u0440\\u0442\\u0438\\u043c\\u0435\\u043d\\u0442 \\u043f\\u0440\\u043e\\u0434\\u0443\\u043a\\u0442\\u043e\\u0432 \\u0438 \\u0443\\u0441\\u043b\\u0443\\u0433 \\u0444\\u0438\\u0440\\u043c\\u044b, \\u043f\\u0440\\u043e\\u0441\\u043c\\u0430\\u0442\\u0440\\u0438\\u0432\\u0430\\u0442\\u044c \\u0444\\u043e\\u0442\\u043e\\u0433\\u0440\\u0430\\u0444\\u0438\\u0438 \\u0438\\u043b\\u0438 \\u0438\\u0437\\u043e\\u0431\\u0440\\u0430\\u0436\\u0435\\u043d\\u0438\\u044f \\u043f\\u0440\\u043e\\u0434\\u0443\\u043a\\u0442\\u043e\\u0432, \\u0430 \\u0442\\u0430\\u043a\\u0436\\u0435 \\u0438\\u043d\\u0444\\u043e\\u0440\\u043c\\u0430\\u0446\\u0438\\u044e \\u043e \\u0442\\u0435\\u0445\\u043d\\u0438\\u0447\\u0435\\u0441\\u043a\\u0438\\u0445 \\u0445\\u0430\\u0440\\u0430\\u043a\\u0442\\u0435\\u0440\\u0438\\u0441\\u0442\\u0438\\u043a\\u0430\\u0445 \\u043f\\u0440\\u043e\\u0434\\u0443\\u043a\\u0442\\u0430 \\u0438 \\u0446\\u0435\\u043d\\u0430\\u0445.&lt;\\/p&gt;&lt;p&gt;\\u0418\\u043d\\u0442\\u0435\\u0440\\u043d\\u0435\\u0442-\\u043c\\u0430\\u0433\\u0430\\u0437\\u0438\\u043d (\\u0430\\u043d\\u0433\\u043b. online shop \\u0438\\u043b\\u0438 e-shop) \\u2014 \\u0441\\u0430\\u0439\\u0442, \\u0442\\u043e\\u0440\\u0433\\u0443\\u044e\\u0449\\u0438\\u0439 \\u0442\\u043e\\u0432\\u0430\\u0440\\u0430\\u043c\\u0438 \\u043f\\u043e\\u0441\\u0440\\u0435\\u0434\\u0441\\u0442\\u0432\\u043e\\u043c \\u0441\\u0435\\u0442\\u0438 \\u0418\\u043d\\u0442\\u0435\\u0440\\u043d\\u0435\\u0442. \\u041f\\u043e\\u0437\\u0432\\u043e\\u043b\\u044f\\u0435\\u0442 \\u043f\\u043e\\u043b\\u044c\\u0437\\u043e\\u0432\\u0430\\u0442\\u0435\\u043b\\u044f\\u043c \\u043e\\u043d\\u043b\\u0430\\u0439\\u043d, \\u0432 \\u0441\\u0432\\u043e\\u0451\\u043c \\u0431\\u0440\\u0430\\u0443\\u0437\\u0435\\u0440\\u0435 \\u0438\\u043b\\u0438 \\u0447\\u0435\\u0440\\u0435\\u0437 \\u043c\\u043e\\u0431\\u0438\\u043b\\u044c\\u043d\\u043e\\u0435 \\u043f\\u0440\\u0438\\u043b\\u043e\\u0436\\u0435\\u043d\\u0438\\u0435, \\u0441\\u0444\\u043e\\u0440\\u043c\\u0438\\u0440\\u043e\\u0432\\u0430\\u0442\\u044c \\u0437\\u0430\\u043a\\u0430\\u0437 \\u043d\\u0430 \\u043f\\u043e\\u043a\\u0443\\u043f\\u043a\\u0443, \\u0432\\u044b\\u0431\\u0440\\u0430\\u0442\\u044c \\u0441\\u043f\\u043e\\u0441\\u043e\\u0431 \\u043e\\u043f\\u043b\\u0430\\u0442\\u044b \\u0438 \\u0434\\u043e\\u0441\\u0442\\u0430\\u0432\\u043a\\u0438 \\u0437\\u0430\\u043a\\u0430\\u0437\\u0430, \\u043e\\u043f\\u043b\\u0430\\u0442\\u0438\\u0442\\u044c \\u0437\\u0430\\u043a\\u0430\\u0437. \\u041f\\u0440\\u0438 \\u044d\\u0442\\u043e\\u043c \\u043f\\u0440\\u043e\\u0434\\u0430\\u0436\\u0430 \\u0442\\u043e\\u0432\\u0430\\u0440\\u043e\\u0432 \\u043e\\u0441\\u0443\\u0449\\u0435\\u0441\\u0442\\u0432\\u043b\\u044f\\u0435\\u0442\\u0441\\u044f \\u0434\\u0438\\u0441\\u0442\\u0430\\u043d\\u0446\\u0438\\u043e\\u043d\\u043d\\u044b\\u043c \\u0441\\u043f\\u043e\\u0441\\u043e\\u0431\\u043e\\u043c \\u0438 \\u043e\\u043d\\u0430 \\u043d\\u0430\\u043a\\u043b\\u0430\\u0434\\u044b\\u0432\\u0430\\u0435\\u0442 \\u043e\\u0433\\u0440\\u0430\\u043d\\u0438\\u0447\\u0435\\u043d\\u0438\\u044f \\u043d\\u0430 \\u043f\\u0440\\u043e\\u0434\\u0430\\u0432\\u0430\\u0435\\u043c\\u044b\\u0435 \\u0442\\u043e\\u0432\\u0430\\u0440\\u044b. \\u0422\\u0430\\u043a, \\u0432 \\u043d\\u0435\\u043a\\u043e\\u0442\\u043e\\u0440\\u044b\\u0445 \\u0441\\u0442\\u0440\\u0430\\u043d\\u0430\\u0445 \\u0438\\u043c\\u0435\\u0435\\u0442\\u0441\\u044f \\u0437\\u0430\\u043f\\u0440\\u0435\\u0442 \\u043d\\u0430 \\u0438\\u043d\\u0442\\u0435\\u0440\\u043d\\u0435\\u0442-\\u0442\\u043e\\u0440\\u0433\\u043e\\u0432\\u043b\\u044e \\u0430\\u043b\\u043a\\u043e\\u0433\\u043e\\u043b\\u0435\\u043c, \\u043e\\u0440\\u0443\\u0436\\u0438\\u0435\\u043c, \\u044e\\u0432\\u0435\\u043b\\u0438\\u0440\\u043d\\u044b\\u043c\\u0438 \\u0438\\u0437\\u0434\\u0435\\u043b\\u0438\\u044f\\u043c\\u0438 \\u0438 \\u0434\\u0440\\u0443\\u0433\\u0438\\u043c\\u0438 \\u0442\\u043e\\u0432\\u0430\\u0440\\u0430\\u043c\\u0438 (\\u043a \\u043f\\u0440\\u0438\\u043c\\u0435\\u0440\\u0443, \\u0432 \\u0420\\u043e\\u0441\\u0441\\u0438\\u0438 \\u0437\\u0430\\u043f\\u0440\\u0435\\u0449\\u0435\\u043d\\u0430 \\u0434\\u0438\\u0441\\u0442\\u0430\\u043d\\u0446\\u0438\\u043e\\u043d\\u043d\\u0430\\u044f \\u043f\\u0440\\u043e\\u0434\\u0430\\u0436\\u0430 \\u0430\\u043b\\u043a\\u043e\\u0433\\u043e\\u043b\\u044f, \\u044e\\u0432\\u0435\\u043b\\u0438\\u0440\\u043d\\u044b\\u0445 \\u0438\\u0437\\u0434\\u0435\\u043b\\u0438\\u0439 \\u0438 \\u0434\\u0440\\u0443\\u0433\\u0438\\u0445 \\u0442\\u043e\\u0432\\u0430\\u0440\\u043e\\u0432, \\u0441\\u0432\\u043e\\u0431\\u043e\\u0434\\u043d\\u0430\\u044f \\u0440\\u0435\\u0430\\u043b\\u0438\\u0437\\u0430\\u0446\\u0438\\u044f \\u043a\\u043e\\u0442\\u043e\\u0440\\u044b\\u0445 \\u0437\\u0430\\u043f\\u0440\\u0435\\u0449\\u0435\\u043d\\u0430 \\u0438\\u043b\\u0438 \\u043e\\u0433\\u0440\\u0430\\u043d\\u0438\\u0447\\u0435\\u043d\\u0430).&lt;\\/p&gt;&lt;p&gt;&amp;nbsp;&lt;\\/p&gt;&lt;p&gt;&amp;nbsp;&lt;\\/p&gt;"}', '1');
INSERT INTO `PREFIX_DB_setting` (`setting_id`, `store_id`, `code`, `key`, `value`, `serialized`) VALUES ('610456', '0', 'config', 'config_file_mime_allowed', 'text/plainimage/pngimage/jpegimage/gifimage/bmpimage/tiffimage/svg+xmlapplication/zip&quot;application/zip&quot;application/x-zip&quot;application/x-zip&quot;application/x-zip-compressed&quot;application/x-zip-compressed&quot;application/rar&quot;application/rar&quot;application/x-rar&quot;application/x-rar&quot;application/x-rar-compressed&quot;application/x-rar-compressed&quot;application/octet-stream&quot;application/octet-stream&quot;audio/mpegvideo/quicktimeapplication/pdf', '0');
INSERT INTO `PREFIX_DB_setting` (`setting_id`, `store_id`, `code`, `key`, `value`, `serialized`) VALUES ('610438', '0', 'config', 'config_mail_alert', '["account","affiliate","order","review"]', '1');
INSERT INTO `PREFIX_DB_setting` (`setting_id`, `store_id`, `code`, `key`, `value`, `serialized`) VALUES ('610437', '0', 'config', 'config_mail_smtp_timeout', '5', '0');
INSERT INTO `PREFIX_DB_setting` (`setting_id`, `store_id`, `code`, `key`, `value`, `serialized`) VALUES ('610436', '0', 'config', 'config_mail_smtp_port', '25', '0');
INSERT INTO `PREFIX_DB_setting` (`setting_id`, `store_id`, `code`, `key`, `value`, `serialized`) VALUES ('610435', '0', 'config', 'config_mail_smtp_password', '', '0');
INSERT INTO `PREFIX_DB_setting` (`setting_id`, `store_id`, `code`, `key`, `value`, `serialized`) VALUES ('610434', '0', 'config', 'config_mail_smtp_username', '', '0');
INSERT INTO `PREFIX_DB_setting` (`setting_id`, `store_id`, `code`, `key`, `value`, `serialized`) VALUES ('610433', '0', 'config', 'config_mail_smtp_hostname', '', '0');
INSERT INTO `PREFIX_DB_setting` (`setting_id`, `store_id`, `code`, `key`, `value`, `serialized`) VALUES ('610432', '0', 'config', 'config_mail_parameter', '', '0');
INSERT INTO `PREFIX_DB_setting` (`setting_id`, `store_id`, `code`, `key`, `value`, `serialized`) VALUES ('610431', '0', 'config', 'config_mail_protocol', 'mail', '0');
INSERT INTO `PREFIX_DB_setting` (`setting_id`, `store_id`, `code`, `key`, `value`, `serialized`) VALUES ('610430', '0', 'config', 'config_ftp_status', '0', '0');
INSERT INTO `PREFIX_DB_setting` (`setting_id`, `store_id`, `code`, `key`, `value`, `serialized`) VALUES ('610429', '0', 'config', 'config_ftp_root', '', '0');
INSERT INTO `PREFIX_DB_setting` (`setting_id`, `store_id`, `code`, `key`, `value`, `serialized`) VALUES ('610428', '0', 'config', 'config_ftp_password', '', '0');
INSERT INTO `PREFIX_DB_setting` (`setting_id`, `store_id`, `code`, `key`, `value`, `serialized`) VALUES ('610427', '0', 'config', 'config_ftp_username', '', '0');
INSERT INTO `PREFIX_DB_setting` (`setting_id`, `store_id`, `code`, `key`, `value`, `serialized`) VALUES ('610426', '0', 'config', 'config_ftp_port', '21', '0');
INSERT INTO `PREFIX_DB_setting` (`setting_id`, `store_id`, `code`, `key`, `value`, `serialized`) VALUES ('610425', '0', 'config', 'config_ftp_hostname', 'royal-gold2.aridius.ru', '0');
INSERT INTO `PREFIX_DB_setting` (`setting_id`, `store_id`, `code`, `key`, `value`, `serialized`) VALUES ('610423', '0', 'config', 'config_logo', 'catalog/1aurus/template_shop.png', '0');
INSERT INTO `PREFIX_DB_setting` (`setting_id`, `store_id`, `code`, `key`, `value`, `serialized`) VALUES ('610424', '0', 'config', 'config_icon', 'catalog/cart.png', '0');
INSERT INTO `PREFIX_DB_setting` (`setting_id`, `store_id`, `code`, `key`, `value`, `serialized`) VALUES ('610420', '0', 'config', 'config_return_status_id', '2', '0');
INSERT INTO `PREFIX_DB_setting` (`setting_id`, `store_id`, `code`, `key`, `value`, `serialized`) VALUES ('610421', '0', 'config', 'config_captcha', '', '0');
INSERT INTO `PREFIX_DB_setting` (`setting_id`, `store_id`, `code`, `key`, `value`, `serialized`) VALUES ('610422', '0', 'config', 'config_captcha_page', '["register","guest","review","return","contact"]', '1');
INSERT INTO `PREFIX_DB_setting` (`setting_id`, `store_id`, `code`, `key`, `value`, `serialized`) VALUES ('610419', '0', 'config', 'config_return_id', '0', '0');
INSERT INTO `PREFIX_DB_setting` (`setting_id`, `store_id`, `code`, `key`, `value`, `serialized`) VALUES ('542157', '0', 'aridius_news', 'aridius_news_show_description', '0', '0');
INSERT INTO `PREFIX_DB_setting` (`setting_id`, `store_id`, `code`, `key`, `value`, `serialized`) VALUES ('542156', '0', 'aridius_news', 'aridius_news_show_img', '0', '0');
INSERT INTO `PREFIX_DB_setting` (`setting_id`, `store_id`, `code`, `key`, `value`, `serialized`) VALUES ('610416', '0', 'config', 'config_affiliate_auto', '0', '0');
INSERT INTO `PREFIX_DB_setting` (`setting_id`, `store_id`, `code`, `key`, `value`, `serialized`) VALUES ('610417', '0', 'config', 'config_affiliate_commission', '5', '0');
INSERT INTO `PREFIX_DB_setting` (`setting_id`, `store_id`, `code`, `key`, `value`, `serialized`) VALUES ('610418', '0', 'config', 'config_affiliate_id', '4', '0');
INSERT INTO `PREFIX_DB_setting` (`setting_id`, `store_id`, `code`, `key`, `value`, `serialized`) VALUES ('610415', '0', 'config', 'config_affiliate_approval', '0', '0');
INSERT INTO `PREFIX_DB_setting` (`setting_id`, `store_id`, `code`, `key`, `value`, `serialized`) VALUES ('610414', '0', 'config', 'config_stock_checkout', '1', '0');
INSERT INTO `PREFIX_DB_setting` (`setting_id`, `store_id`, `code`, `key`, `value`, `serialized`) VALUES ('610413', '0', 'config', 'config_stock_warning', '0', '0');
INSERT INTO `PREFIX_DB_setting` (`setting_id`, `store_id`, `code`, `key`, `value`, `serialized`) VALUES ('610412', '0', 'config', 'config_stock_display', '0', '0');
INSERT INTO `PREFIX_DB_setting` (`setting_id`, `store_id`, `code`, `key`, `value`, `serialized`) VALUES ('610411', '0', 'config', 'config_api_id', '1', '0');
INSERT INTO `PREFIX_DB_setting` (`setting_id`, `store_id`, `code`, `key`, `value`, `serialized`) VALUES ('610410', '0', 'config', 'config_fraud_status_id', '2', '0');
INSERT INTO `PREFIX_DB_setting` (`setting_id`, `store_id`, `code`, `key`, `value`, `serialized`) VALUES ('610409', '0', 'config', 'config_complete_status', '["3","5"]', '1');
INSERT INTO `PREFIX_DB_setting` (`setting_id`, `store_id`, `code`, `key`, `value`, `serialized`) VALUES ('610406', '0', 'config', 'config_checkout_id', '5', '0');
INSERT INTO `PREFIX_DB_setting` (`setting_id`, `store_id`, `code`, `key`, `value`, `serialized`) VALUES ('610407', '0', 'config', 'config_order_status_id', '1', '0');
INSERT INTO `PREFIX_DB_setting` (`setting_id`, `store_id`, `code`, `key`, `value`, `serialized`) VALUES ('610408', '0', 'config', 'config_processing_status', '["2","3","1","12","5"]', '1');
INSERT INTO `PREFIX_DB_setting` (`setting_id`, `store_id`, `code`, `key`, `value`, `serialized`) VALUES ('610405', '0', 'config', 'config_checkout_guest', '1', '0');
INSERT INTO `PREFIX_DB_setting` (`setting_id`, `store_id`, `code`, `key`, `value`, `serialized`) VALUES ('610404', '0', 'config', 'config_cart_weight', '1', '0');
INSERT INTO `PREFIX_DB_setting` (`setting_id`, `store_id`, `code`, `key`, `value`, `serialized`) VALUES ('610403', '0', 'config', 'config_invoice_prefix', 'INV-2013-00', '0');
INSERT INTO `PREFIX_DB_setting` (`setting_id`, `store_id`, `code`, `key`, `value`, `serialized`) VALUES ('610402', '0', 'config', 'config_account_id', '3', '0');
INSERT INTO `PREFIX_DB_setting` (`setting_id`, `store_id`, `code`, `key`, `value`, `serialized`) VALUES ('610401', '0', 'config', 'config_login_attempts', '5', '0');
INSERT INTO `PREFIX_DB_setting` (`setting_id`, `store_id`, `code`, `key`, `value`, `serialized`) VALUES ('610400', '0', 'config', 'config_customer_price', '0', '0');
INSERT INTO `PREFIX_DB_setting` (`setting_id`, `store_id`, `code`, `key`, `value`, `serialized`) VALUES ('610399', '0', 'config', 'config_customer_group_display', '["1"]', '1');
INSERT INTO `PREFIX_DB_setting` (`setting_id`, `store_id`, `code`, `key`, `value`, `serialized`) VALUES ('610397', '0', 'config', 'config_customer_search', '0', '0');
INSERT INTO `PREFIX_DB_setting` (`setting_id`, `store_id`, `code`, `key`, `value`, `serialized`) VALUES ('610398', '0', 'config', 'config_customer_group_id', '1', '0');
INSERT INTO `PREFIX_DB_setting` (`setting_id`, `store_id`, `code`, `key`, `value`, `serialized`) VALUES ('619679', '0', 'aurus', 'aurus_color68', '#424F60', '0');
INSERT INTO `PREFIX_DB_setting` (`setting_id`, `store_id`, `code`, `key`, `value`, `serialized`) VALUES ('619675', '0', 'aurus', 'aurus_color64', '#919191', '0');
INSERT INTO `PREFIX_DB_setting` (`setting_id`, `store_id`, `code`, `key`, `value`, `serialized`) VALUES ('619674', '0', 'aurus', 'aurus_color63', '#ffffff', '0');
INSERT INTO `PREFIX_DB_setting` (`setting_id`, `store_id`, `code`, `key`, `value`, `serialized`) VALUES ('619673', '0', 'aurus', 'aurus_color62', '#F19872', '0');
INSERT INTO `PREFIX_DB_setting` (`setting_id`, `store_id`, `code`, `key`, `value`, `serialized`) VALUES ('619672', '0', 'aurus', 'aurus_color61', '#000000', '0');
INSERT INTO `PREFIX_DB_setting` (`setting_id`, `store_id`, `code`, `key`, `value`, `serialized`) VALUES ('619671', '0', 'aurus', 'aurus_color60', '#ffffff', '0');
INSERT INTO `PREFIX_DB_setting` (`setting_id`, `store_id`, `code`, `key`, `value`, `serialized`) VALUES ('619670', '0', 'aurus', 'aurus_color59', '#CEB478', '0');
INSERT INTO `PREFIX_DB_setting` (`setting_id`, `store_id`, `code`, `key`, `value`, `serialized`) VALUES ('619669', '0', 'aurus', 'aurus_color58', '#ffffff', '0');
INSERT INTO `PREFIX_DB_setting` (`setting_id`, `store_id`, `code`, `key`, `value`, `serialized`) VALUES ('619668', '0', 'aurus', 'aurus_color57', '#323030', '0');
INSERT INTO `PREFIX_DB_setting` (`setting_id`, `store_id`, `code`, `key`, `value`, `serialized`) VALUES ('619667', '0', 'aurus', 'aurus_color56', '#323030', '0');
INSERT INTO `PREFIX_DB_setting` (`setting_id`, `store_id`, `code`, `key`, `value`, `serialized`) VALUES ('619666', '0', 'aurus', 'aurus_color55', '#70C7C7', '0');
INSERT INTO `PREFIX_DB_setting` (`setting_id`, `store_id`, `code`, `key`, `value`, `serialized`) VALUES ('619665', '0', 'aurus', 'aurus_color54', '#C5C5C5', '0');
INSERT INTO `PREFIX_DB_setting` (`setting_id`, `store_id`, `code`, `key`, `value`, `serialized`) VALUES ('619664', '0', 'aurus', 'aurus_color53', '#000000', '0');
INSERT INTO `PREFIX_DB_setting` (`setting_id`, `store_id`, `code`, `key`, `value`, `serialized`) VALUES ('619663', '0', 'aurus', 'aurus_color52', '#555555', '0');
INSERT INTO `PREFIX_DB_setting` (`setting_id`, `store_id`, `code`, `key`, `value`, `serialized`) VALUES ('619662', '0', 'aurus', 'aurus_color51', '#69614a', '0');
INSERT INTO `PREFIX_DB_setting` (`setting_id`, `store_id`, `code`, `key`, `value`, `serialized`) VALUES ('619657', '0', 'aurus', 'aurus_color47', '#858585', '0');
INSERT INTO `PREFIX_DB_setting` (`setting_id`, `store_id`, `code`, `key`, `value`, `serialized`) VALUES ('619658', '0', 'aurus', 'aurus_color85', '#747474', '0');
INSERT INTO `PREFIX_DB_setting` (`setting_id`, `store_id`, `code`, `key`, `value`, `serialized`) VALUES ('619659', '0', 'aurus', 'aurus_color48', '#000000', '0');
INSERT INTO `PREFIX_DB_setting` (`setting_id`, `store_id`, `code`, `key`, `value`, `serialized`) VALUES ('619660', '0', 'aurus', 'aurus_color49', '#C4C4C4', '0');
INSERT INTO `PREFIX_DB_setting` (`setting_id`, `store_id`, `code`, `key`, `value`, `serialized`) VALUES ('619661', '0', 'aurus', 'aurus_color50', '#818181', '0');
INSERT INTO `PREFIX_DB_setting` (`setting_id`, `store_id`, `code`, `key`, `value`, `serialized`) VALUES ('619656', '0', 'aurus', 'aurus_color46', '#ff6593', '0');
INSERT INTO `PREFIX_DB_setting` (`setting_id`, `store_id`, `code`, `key`, `value`, `serialized`) VALUES ('619655', '0', 'aurus', 'aurus_color45', '#ffffff', '0');
INSERT INTO `PREFIX_DB_setting` (`setting_id`, `store_id`, `code`, `key`, `value`, `serialized`) VALUES ('619654', '0', 'aurus', 'aurus_color44', '#FFBA6A', '0');
INSERT INTO `PREFIX_DB_setting` (`setting_id`, `store_id`, `code`, `key`, `value`, `serialized`) VALUES ('619653', '0', 'aurus', 'aurus_color43', '#ffffff', '0');
INSERT INTO `PREFIX_DB_setting` (`setting_id`, `store_id`, `code`, `key`, `value`, `serialized`) VALUES ('619652', '0', 'aurus', 'aurus_color42', '#FF2766', '0');
INSERT INTO `PREFIX_DB_setting` (`setting_id`, `store_id`, `code`, `key`, `value`, `serialized`) VALUES ('619651', '0', 'aurus', 'aurus_color41', '#ffffff', '0');
INSERT INTO `PREFIX_DB_setting` (`setting_id`, `store_id`, `code`, `key`, `value`, `serialized`) VALUES ('619650', '0', 'aurus', 'aurus_color40', '#2BD6C6', '0');
INSERT INTO `PREFIX_DB_setting` (`setting_id`, `store_id`, `code`, `key`, `value`, `serialized`) VALUES ('619649', '0', 'aurus', 'aurus_color37', '#7ED4C5', '0');
INSERT INTO `PREFIX_DB_setting` (`setting_id`, `store_id`, `code`, `key`, `value`, `serialized`) VALUES ('619648', '0', 'aurus', 'aurus_color84', '#F04343', '0');
INSERT INTO `PREFIX_DB_setting` (`setting_id`, `store_id`, `code`, `key`, `value`, `serialized`) VALUES ('619647', '0', 'aurus', 'aurus_color36', '#999999', '0');
INSERT INTO `PREFIX_DB_setting` (`setting_id`, `store_id`, `code`, `key`, `value`, `serialized`) VALUES ('619646', '0', 'aurus', 'aurus_color35', '#F12B63', '0');
INSERT INTO `PREFIX_DB_setting` (`setting_id`, `store_id`, `code`, `key`, `value`, `serialized`) VALUES ('619645', '0', 'aurus', 'aurus_color91', '#9eaaac', '0');
INSERT INTO `PREFIX_DB_setting` (`setting_id`, `store_id`, `code`, `key`, `value`, `serialized`) VALUES ('619644', '0', 'aurus', 'aurus_color90', '#ff2666', '0');
INSERT INTO `PREFIX_DB_setting` (`setting_id`, `store_id`, `code`, `key`, `value`, `serialized`) VALUES ('619643', '0', 'aurus', 'aurus_color89', '#fffcfc', '0');
INSERT INTO `PREFIX_DB_setting` (`setting_id`, `store_id`, `code`, `key`, `value`, `serialized`) VALUES ('619642', '0', 'aurus', 'aurus_color88', '#9eaaac', '0');
INSERT INTO `PREFIX_DB_setting` (`setting_id`, `store_id`, `code`, `key`, `value`, `serialized`) VALUES ('619641', '0', 'aurus', 'aurus_color87', '#ff2666', '0');
INSERT INTO `PREFIX_DB_setting` (`setting_id`, `store_id`, `code`, `key`, `value`, `serialized`) VALUES ('619640', '0', 'aurus', 'aurus_color86', '#FFFFFF', '0');
INSERT INTO `PREFIX_DB_setting` (`setting_id`, `store_id`, `code`, `key`, `value`, `serialized`) VALUES ('619639', '0', 'aurus', 'aurus_color34', '#868686', '0');
INSERT INTO `PREFIX_DB_setting` (`setting_id`, `store_id`, `code`, `key`, `value`, `serialized`) VALUES ('619638', '0', 'aurus', 'aurus_color33', '#ffffff', '0');
INSERT INTO `PREFIX_DB_setting` (`setting_id`, `store_id`, `code`, `key`, `value`, `serialized`) VALUES ('619637', '0', 'aurus', 'aurus_color32', '#868686', '0');
INSERT INTO `PREFIX_DB_setting` (`setting_id`, `store_id`, `code`, `key`, `value`, `serialized`) VALUES ('619636', '0', 'aurus', 'aurus_color29', '#d8d8d8', '0');
INSERT INTO `PREFIX_DB_setting` (`setting_id`, `store_id`, `code`, `key`, `value`, `serialized`) VALUES ('619635', '0', 'aurus', 'aurus_color28', '#868583', '0');
INSERT INTO `PREFIX_DB_setting` (`setting_id`, `store_id`, `code`, `key`, `value`, `serialized`) VALUES ('619634', '0', 'aurus', 'aurus_color27', '#F1F1F1', '0');
INSERT INTO `PREFIX_DB_setting` (`setting_id`, `store_id`, `code`, `key`, `value`, `serialized`) VALUES ('619633', '0', 'aurus', 'aurus_color31', '#ffffff', '0');
INSERT INTO `PREFIX_DB_setting` (`setting_id`, `store_id`, `code`, `key`, `value`, `serialized`) VALUES ('619632', '0', 'aurus', 'aurus_color30', '#ff6593', '0');
INSERT INTO `PREFIX_DB_setting` (`setting_id`, `store_id`, `code`, `key`, `value`, `serialized`) VALUES ('619631', '0', 'aurus', 'aurus_color26', '#ffffff', '0');
INSERT INTO `PREFIX_DB_setting` (`setting_id`, `store_id`, `code`, `key`, `value`, `serialized`) VALUES ('619630', '0', 'aurus', 'aurus_color25', '#FF2666', '0');
INSERT INTO `PREFIX_DB_setting` (`setting_id`, `store_id`, `code`, `key`, `value`, `serialized`) VALUES ('619629', '0', 'aurus', 'aurus_color39', '#ff6593', '0');
INSERT INTO `PREFIX_DB_setting` (`setting_id`, `store_id`, `code`, `key`, `value`, `serialized`) VALUES ('619628', '0', 'aurus', 'aurus_color38', '#FF2666', '0');
INSERT INTO `PREFIX_DB_setting` (`setting_id`, `store_id`, `code`, `key`, `value`, `serialized`) VALUES ('619627', '0', 'aurus', 'aurus_color79', '#ff7878', '0');
INSERT INTO `PREFIX_DB_setting` (`setting_id`, `store_id`, `code`, `key`, `value`, `serialized`) VALUES ('619626', '0', 'aurus', 'aurus_color78', '#000000', '0');
INSERT INTO `PREFIX_DB_setting` (`setting_id`, `store_id`, `code`, `key`, `value`, `serialized`) VALUES ('619625', '0', 'aurus', 'aurus_color77', '#FFFFFF', '0');
INSERT INTO `PREFIX_DB_setting` (`setting_id`, `store_id`, `code`, `key`, `value`, `serialized`) VALUES ('619622', '0', 'aurus', 'aurus_color81', '#ffffff', '0');
INSERT INTO `PREFIX_DB_setting` (`setting_id`, `store_id`, `code`, `key`, `value`, `serialized`) VALUES ('619623', '0', 'aurus', 'aurus_color82', '#bebebe', '0');
INSERT INTO `PREFIX_DB_setting` (`setting_id`, `store_id`, `code`, `key`, `value`, `serialized`) VALUES ('619624', '0', 'aurus', 'aurus_gradient', 'background: rgb(255,126,118);background: linear-gradient(90deg, rgba(255,126,118,1) 0%, rgba(255,170,110,1) 35%, rgba(255,178,108,1) 100%);', '0');
INSERT INTO `PREFIX_DB_setting` (`setting_id`, `store_id`, `code`, `key`, `value`, `serialized`) VALUES ('619621', '0', 'aurus', 'aurus_color24', '#ffffff', '0');
INSERT INTO `PREFIX_DB_setting` (`setting_id`, `store_id`, `code`, `key`, `value`, `serialized`) VALUES ('619620', '0', 'aurus', 'aurus_color23', '#a99d90', '0');
INSERT INTO `PREFIX_DB_setting` (`setting_id`, `store_id`, `code`, `key`, `value`, `serialized`) VALUES ('619619', '0', 'aurus', 'aurus_color22', '#ffffff', '0');
INSERT INTO `PREFIX_DB_setting` (`setting_id`, `store_id`, `code`, `key`, `value`, `serialized`) VALUES ('619618', '0', 'aurus', 'aurus_color21', '#D10000', '0');
INSERT INTO `PREFIX_DB_setting` (`setting_id`, `store_id`, `code`, `key`, `value`, `serialized`) VALUES ('619617', '0', 'aurus', 'aurus_color20', '#ffffff', '0');
INSERT INTO `PREFIX_DB_setting` (`setting_id`, `store_id`, `code`, `key`, `value`, `serialized`) VALUES ('619616', '0', 'aurus', 'aurus_color19', '#3C3C3C', '0');
INSERT INTO `PREFIX_DB_setting` (`setting_id`, `store_id`, `code`, `key`, `value`, `serialized`) VALUES ('619615', '0', 'aurus', 'aurus_color18', '#ff7878', '0');
INSERT INTO `PREFIX_DB_setting` (`setting_id`, `store_id`, `code`, `key`, `value`, `serialized`) VALUES ('619614', '0', 'aurus', 'aurus_color17', '#3e77aa', '0');
INSERT INTO `PREFIX_DB_setting` (`setting_id`, `store_id`, `code`, `key`, `value`, `serialized`) VALUES ('619613', '0', 'aurus', 'aurus_color76', '#ff7878', '0');
INSERT INTO `PREFIX_DB_setting` (`setting_id`, `store_id`, `code`, `key`, `value`, `serialized`) VALUES ('619612', '0', 'aurus', 'aurus_color75', '#000000', '0');
INSERT INTO `PREFIX_DB_setting` (`setting_id`, `store_id`, `code`, `key`, `value`, `serialized`) VALUES ('619611', '0', 'aurus', 'aurus_color16', '#7ED4C5', '0');
INSERT INTO `PREFIX_DB_setting` (`setting_id`, `store_id`, `code`, `key`, `value`, `serialized`) VALUES ('619610', '0', 'aurus', 'aurus_color94', '#ff7878', '0');
INSERT INTO `PREFIX_DB_setting` (`setting_id`, `store_id`, `code`, `key`, `value`, `serialized`) VALUES ('619609', '0', 'aurus', 'aurus_color15', '#BEBEBE', '0');
INSERT INTO `PREFIX_DB_setting` (`setting_id`, `store_id`, `code`, `key`, `value`, `serialized`) VALUES ('619608', '0', 'aurus', 'aurus_color93', '#000000', '0');
INSERT INTO `PREFIX_DB_setting` (`setting_id`, `store_id`, `code`, `key`, `value`, `serialized`) VALUES ('619607', '0', 'aurus', 'aurus_color14', '#ffffff', '0');
INSERT INTO `PREFIX_DB_setting` (`setting_id`, `store_id`, `code`, `key`, `value`, `serialized`) VALUES ('619606', '0', 'aurus', 'aurus_color13', '#4F4E4E', '0');
INSERT INTO `PREFIX_DB_setting` (`setting_id`, `store_id`, `code`, `key`, `value`, `serialized`) VALUES ('619605', '0', 'aurus', 'aurus_color92', '#000000', '0');
INSERT INTO `PREFIX_DB_setting` (`setting_id`, `store_id`, `code`, `key`, `value`, `serialized`) VALUES ('619604', '0', 'aurus', 'aurus_color12', '#BEBEBE', '0');
INSERT INTO `PREFIX_DB_setting` (`setting_id`, `store_id`, `code`, `key`, `value`, `serialized`) VALUES ('619603', '0', 'aurus', 'aurus_color11', '#4F4E4E', '0');
INSERT INTO `PREFIX_DB_setting` (`setting_id`, `store_id`, `code`, `key`, `value`, `serialized`) VALUES ('619602', '0', 'aurus', 'aurus_color10', '#2a2623', '0');
INSERT INTO `PREFIX_DB_setting` (`setting_id`, `store_id`, `code`, `key`, `value`, `serialized`) VALUES ('619601', '0', 'aurus', 'aurus_color9', '#ffffff', '0');
INSERT INTO `PREFIX_DB_setting` (`setting_id`, `store_id`, `code`, `key`, `value`, `serialized`) VALUES ('619600', '0', 'aurus', 'aurus_color8', '#F12B63', '0');
INSERT INTO `PREFIX_DB_setting` (`setting_id`, `store_id`, `code`, `key`, `value`, `serialized`) VALUES ('619599', '0', 'aurus', 'aurus_color6', '#222222', '0');
INSERT INTO `PREFIX_DB_setting` (`setting_id`, `store_id`, `code`, `key`, `value`, `serialized`) VALUES ('619598', '0', 'aurus', 'aurus_color5', '#222222', '0');
INSERT INTO `PREFIX_DB_setting` (`setting_id`, `store_id`, `code`, `key`, `value`, `serialized`) VALUES ('619597', '0', 'aurus', 'aurus_color4', '#ffffff', '0');
INSERT INTO `PREFIX_DB_setting` (`setting_id`, `store_id`, `code`, `key`, `value`, `serialized`) VALUES ('619596', '0', 'aurus', 'aurus_color7', '#E5E5E5', '0');
INSERT INTO `PREFIX_DB_setting` (`setting_id`, `store_id`, `code`, `key`, `value`, `serialized`) VALUES ('619595', '0', 'aurus', 'aurus_color3', '#e5e5e5', '0');
INSERT INTO `PREFIX_DB_setting` (`setting_id`, `store_id`, `code`, `key`, `value`, `serialized`) VALUES ('619594', '0', 'aurus', 'aurus_color2', '#ffffff', '0');
INSERT INTO `PREFIX_DB_setting` (`setting_id`, `store_id`, `code`, `key`, `value`, `serialized`) VALUES ('619593', '0', 'aurus', 'aurus_color1', '#4F4E4E', '0');
INSERT INTO `PREFIX_DB_setting` (`setting_id`, `store_id`, `code`, `key`, `value`, `serialized`) VALUES ('619548', '0', 'aurus', 'aurus_relstophover', '0', '0');
INSERT INTO `PREFIX_DB_setting` (`setting_id`, `store_id`, `code`, `key`, `value`, `serialized`) VALUES ('619549', '0', 'aurus', 'aurus_telephone_mainheader', '{"1":"+7(495)33-777-55","2":"+7(495)33-777-55"}', '1');
INSERT INTO `PREFIX_DB_setting` (`setting_id`, `store_id`, `code`, `key`, `value`, `serialized`) VALUES ('619550', '0', 'aurus', 'aurus_top_links3', '{"1":{"title":{"1":"+7(495)66-555-65","2":"+7(495)66-555-65"}}}', '1');
INSERT INTO `PREFIX_DB_setting` (`setting_id`, `store_id`, `code`, `key`, `value`, `serialized`) VALUES ('619535', '0', 'aurus', 'aurus_top_links9', '{"1":{"image":"","faicon":{"1":"fa fa-truck","2":"fa fa-truck"},"title":{"1":"\\u0411\\u0435\\u0441\\u043f\\u043b\\u0430\\u0442\\u043d\\u0430\\u044f \\u0434\\u043e\\u0441\\u0442\\u0430\\u0432\\u043a\\u0430","2":"\\u0411\\u0435\\u0441\\u043f\\u043b\\u0430\\u0442\\u043d\\u0430\\u044f \\u0434\\u043e\\u0441\\u0442\\u0430\\u0432\\u043a\\u0430"},"description":{"1":"&lt;p&gt;\\u041c\\u044b \\u043f\\u0440\\u0435\\u0434\\u043b\\u0430\\u0433\\u0430\\u0435\\u043c \\u0431\\u0435\\u0441\\u043f\\u043b\\u0430\\u0442\\u043d\\u0443\\u044e \\u0434\\u043e\\u0441\\u0442\\u0430\\u0432\\u043a\\u0443 \\u043f\\u0440\\u0438 \\u043f\\u043e\\u043a\\u0443\\u043f\\u043a\\u0435 \\u0442\\u043e\\u0432\\u0430\\u0440\\u043e\\u0432 \\u043f\\u043e \\u041c\\u043e\\u0441\\u043a\\u0432\\u0435 \\u0438 \\u0431\\u043e\\u043b\\u0435\\u0435 \\u0447\\u0435\\u043c \\u0432 4 000 \\u0433\\u043e\\u0440\\u043e\\u0434\\u043e\\u0432 \\u0438 \\u043d\\u0430\\u0441\\u0435\\u043b\\u0451\\u043d\\u043d\\u044b\\u0445 \\u043f\\u0443\\u043d\\u043a\\u0442\\u043e\\u0432 \\u0420\\u043e\\u0441\\u0441\\u0438\\u0438*. \\u041f\\u043b\\u0430\\u0442\\u0438\\u0442\\u0435 \\u0442\\u043e\\u043b\\u044c\\u043a\\u043e \\u0437\\u0430 \\u043f\\u043e\\u043a\\u0443\\u043f\\u043a\\u0443, \\u0430 \\u0432\\u0441\\u0435 \\u0440\\u0430\\u0441\\u0445\\u043e\\u0434\\u044b \\u043f\\u043e \\u0434\\u043e\\u0441\\u0442\\u0430\\u0432\\u043a\\u0435 \\u043c\\u044b \\u0432\\u043e\\u0437\\u044c\\u043c\\u0451\\u043c \\u043d\\u0430 \\u0441\\u0435\\u0431\\u044f. *\\u0430\\u043a\\u0446\\u0438\\u044f \\u0434\\u0435\\u0439\\u0441\\u0442\\u0432\\u0443\\u0435\\u0442 \\u0442\\u043e\\u043b\\u044c\\u043a\\u043e \\u043f\\u0440\\u0438 \\u043f\\u043e\\u043a\\u0443\\u043f\\u043a\\u0435 \\u043d\\u0430 \\u0441\\u0443\\u043c\\u043c\\u0443 \\u043e\\u0442 3000 \\u0440\\u0443\\u0431.&lt;\\/p&gt;","2":"&lt;p&gt;\\u041c\\u044b \\u043f\\u0440\\u0435\\u0434\\u043b\\u0430\\u0433\\u0430\\u0435\\u043c \\u0431\\u0435\\u0441\\u043f\\u043b\\u0430\\u0442\\u043d\\u0443\\u044e \\u0434\\u043e\\u0441\\u0442\\u0430\\u0432\\u043a\\u0443 \\u043f\\u0440\\u0438 \\u043f\\u043e\\u043a\\u0443\\u043f\\u043a\\u0435 \\u0442\\u043e\\u0432\\u0430\\u0440\\u043e\\u0432 \\u043f\\u043e \\u041c\\u043e\\u0441\\u043a\\u0432\\u0435 \\u0438 \\u0431\\u043e\\u043b\\u0435\\u0435 \\u0447\\u0435\\u043c \\u0432 4 000 \\u0433\\u043e\\u0440\\u043e\\u0434\\u043e\\u0432 \\u0438 \\u043d\\u0430\\u0441\\u0435\\u043b\\u0451\\u043d\\u043d\\u044b\\u0445 \\u043f\\u0443\\u043d\\u043a\\u0442\\u043e\\u0432 \\u0420\\u043e\\u0441\\u0441\\u0438\\u0438*. \\u041f\\u043b\\u0430\\u0442\\u0438\\u0442\\u0435 \\u0442\\u043e\\u043b\\u044c\\u043a\\u043e \\u0437\\u0430 \\u043f\\u043e\\u043a\\u0443\\u043f\\u043a\\u0443, \\u0430 \\u0432\\u0441\\u0435 \\u0440\\u0430\\u0441\\u0445\\u043e\\u0434\\u044b \\u043f\\u043e \\u0434\\u043e\\u0441\\u0442\\u0430\\u0432\\u043a\\u0435 \\u043c\\u044b \\u0432\\u043e\\u0437\\u044c\\u043c\\u0451\\u043c \\u043d\\u0430 \\u0441\\u0435\\u0431\\u044f. *\\u0430\\u043a\\u0446\\u0438\\u044f \\u0434\\u0435\\u0439\\u0441\\u0442\\u0432\\u0443\\u0435\\u0442 \\u0442\\u043e\\u043b\\u044c\\u043a\\u043e \\u043f\\u0440\\u0438 \\u043f\\u043e\\u043a\\u0443\\u043f\\u043a\\u0435 \\u043d\\u0430 \\u0441\\u0443\\u043c\\u043c\\u0443 \\u043e\\u0442 3000 \\u0440\\u0443\\u0431.&lt;\\/p&gt;"}},"2":{"image":"","faicon":{"1":"fa fa-retweet","2":"fa fa-retweet"},"title":{"1":"\\u0412\\u043e\\u0437\\u0432\\u0440\\u0430\\u0442 \\u0442\\u043e\\u0432\\u0430\\u0440\\u0430","2":"\\u0412\\u043e\\u0437\\u0432\\u0440\\u0430\\u0442 \\u0442\\u043e\\u0432\\u0430\\u0440\\u0430"},"description":{"1":"\\u0421\\u0442\\u0430\\u0442\\u044c\\u0435\\u0439 502 \\u0413\\u0440\\u0430\\u0436\\u0434\\u0430\\u043d\\u0441\\u043a\\u043e\\u0433\\u043e \\u043a\\u043e\\u0434\\u0435\\u043a\\u0441\\u0430 \\u0420\\u0424 \\u0438 \\u0441\\u0442\\u0430\\u0442\\u044c\\u0435\\u0439 25 \\u0437\\u0430\\u043a\\u043e\\u043d\\u0430 \\u00ab\\u041e \\u0437\\u0430\\u0449\\u0438\\u0442\\u0435 \\u043f\\u0440\\u0430\\u0432 \\u043f\\u043e\\u0442\\u0440\\u0435\\u0431\\u0438\\u0442\\u0435\\u043b\\u0435\\u0439\\u00bb \\u043f\\u043e\\u0442\\u0440\\u0435\\u0431\\u0438\\u0442\\u0435\\u043b\\u044e \\u043f\\u0440\\u0435\\u0434\\u043e\\u0441\\u0442\\u0430\\u0432\\u043b\\u044f\\u0435\\u0442\\u0441\\u044f \\u043f\\u0440\\u0430\\u0432\\u043e \\u043e\\u0431\\u043c\\u0435\\u043d\\u044f\\u0442\\u044c \\u0438\\u043b\\u0438 \\u0432\\u0435\\u0440\\u043d\\u0443\\u0442\\u044c \\u0442\\u043e\\u0432\\u0430\\u0440 \\u043f\\u0440\\u0438 \\u043e\\u0434\\u043d\\u043e\\u0432\\u0440\\u0435\\u043c\\u0435\\u043d\\u043d\\u043e\\u043c \\u0441\\u043e\\u0431\\u043b\\u044e\\u0434\\u0435\\u043d\\u0438\\u0438 \\u0441\\u043b\\u0435\\u0434\\u0443\\u044e\\u0449\\u0438\\u0445 \\u0443\\u0441\\u043b\\u043e\\u0432\\u0438\\u0439:\\u2014 \\u0441 \\u043c\\u043e\\u043c\\u0435\\u043d\\u0442\\u0430 \\u043f\\u043e\\u043a\\u0443\\u043f\\u043a\\u0438 \\u043f\\u0440\\u043e\\u0448\\u043b\\u043e \\u043d\\u0435 \\u0431\\u043e\\u043b\\u0435\\u0435 14 \\u0434\\u043d\\u0435\\u0439 (\\u043d\\u0435 \\u0441\\u0447\\u0438\\u0442\\u0430\\u044f \\u0434\\u043d\\u044f \\u043f\\u043e\\u043a\\u0443\\u043f\\u043a\\u0438);\\u2014 \\u0442\\u043e\\u0432\\u0430\\u0440 \\u043d\\u0435\\u043f\\u0440\\u043e\\u0434\\u043e\\u0432\\u043e\\u043b\\u044c\\u0441\\u0442\\u0432\\u0435\\u043d\\u043d\\u044b\\u0439;\\u2014 \\u0441\\u043e\\u0445\\u0440\\u0430\\u043d\\u0435\\u043d\\u044b \\u043f\\u043e\\u0442\\u0440\\u0435\\u0431\\u0438\\u0442\\u0435\\u043b\\u044c\\u0441\\u043a\\u0438\\u0435 \\u0441\\u0432\\u043e\\u0439\\u0441\\u0442\\u0432\\u0430;\\u2014 \\u0438\\u043c\\u0435\\u044e\\u0442\\u0441\\u044f \\u0434\\u043e\\u043a\\u0430\\u0437\\u0430\\u0442\\u0435\\u043b\\u044c\\u0441\\u0442\\u0432\\u0430 \\u043f\\u0440\\u0438\\u043e\\u0431\\u0440\\u0435\\u0442\\u0435\\u043d\\u0438\\u044f \\u0442\\u043e\\u0432\\u0430\\u0440\\u0430 \\u0443 \\u0434\\u0430\\u043d\\u043d\\u043e\\u0433\\u043e \\u043f\\u0440\\u043e\\u0434\\u0430\\u0432\\u0446\\u0430: \\u0442\\u043e\\u0432\\u0430\\u0440\\u043d\\u044b\\u0439 \\u0438\\u043b\\u0438 \\u043a\\u0430\\u0441\\u0441\\u043e\\u0432\\u044b\\u0439 \\u0447\\u0435\\u043a, \\u0438\\u043d\\u043e\\u0439 \\u0434\\u043e\\u043a\\u0443\\u043c\\u0435\\u043d\\u0442, \\u043f\\u043e\\u0434\\u0442\\u0432\\u0435\\u0440\\u0436\\u0434\\u0430\\u044e\\u0449\\u0438\\u0439 \\u043e\\u043f\\u043b\\u0430\\u0442\\u0443 \\u0442\\u043e\\u0432\\u0430\\u0440\\u0430 (\\u0432 \\u0441\\u043b\\u0443\\u0447\\u0430\\u0435 \\u043f\\u043e\\u0442\\u0435\\u0440\\u0438 \\u0447\\u0435\\u043a\\u0430 \\u0438\\u043b\\u0438 \\u0438\\u043d\\u043e\\u0433\\u043e\\u2014 \\u0442\\u043e\\u0432\\u0430\\u0440 \\u043d\\u0435 \\u044f\\u0432\\u043b\\u044f\\u0435\\u0442\\u0441\\u044f \\u0442\\u0435\\u0445\\u043d\\u0438\\u0447\\u0435\\u0441\\u043a\\u0438 \\u0441\\u043b\\u043e\\u0436\\u043d\\u044b\\u043c.                                                                                                                                                                                                                                                                                                                                                                                                                                                                                                                                                                                                                                                                                                                                                                                                                                                                                                                                                                                                                                   ","2":"\\u0421\\u0442\\u0430\\u0442\\u044c\\u0435\\u0439 502 \\u0413\\u0440\\u0430\\u0436\\u0434\\u0430\\u043d\\u0441\\u043a\\u043e\\u0433\\u043e \\u043a\\u043e\\u0434\\u0435\\u043a\\u0441\\u0430 \\u0420\\u0424 \\u0438 \\u0441\\u0442\\u0430\\u0442\\u044c\\u0435\\u0439 25 \\u0437\\u0430\\u043a\\u043e\\u043d\\u0430 \\u00ab\\u041e \\u0437\\u0430\\u0449\\u0438\\u0442\\u0435 \\u043f\\u0440\\u0430\\u0432 \\u043f\\u043e\\u0442\\u0440\\u0435\\u0431\\u0438\\u0442\\u0435\\u043b\\u0435\\u0439\\u00bb \\u043f\\u043e\\u0442\\u0440\\u0435\\u0431\\u0438\\u0442\\u0435\\u043b\\u044e \\u043f\\u0440\\u0435\\u0434\\u043e\\u0441\\u0442\\u0430\\u0432\\u043b\\u044f\\u0435\\u0442\\u0441\\u044f \\u043f\\u0440\\u0430\\u0432\\u043e \\u043e\\u0431\\u043c\\u0435\\u043d\\u044f\\u0442\\u044c \\u0438\\u043b\\u0438 \\u0432\\u0435\\u0440\\u043d\\u0443\\u0442\\u044c \\u0442\\u043e\\u0432\\u0430\\u0440 \\u043f\\u0440\\u0438 \\u043e\\u0434\\u043d\\u043e\\u0432\\u0440\\u0435\\u043c\\u0435\\u043d\\u043d\\u043e\\u043c \\u0441\\u043e\\u0431\\u043b\\u044e\\u0434\\u0435\\u043d\\u0438\\u0438 \\u0441\\u043b\\u0435\\u0434\\u0443\\u044e\\u0449\\u0438\\u0445 \\u0443\\u0441\\u043b\\u043e\\u0432\\u0438\\u0439:\\u2014 \\u0441 \\u043c\\u043e\\u043c\\u0435\\u043d\\u0442\\u0430 \\u043f\\u043e\\u043a\\u0443\\u043f\\u043a\\u0438 \\u043f\\u0440\\u043e\\u0448\\u043b\\u043e \\u043d\\u0435 \\u0431\\u043e\\u043b\\u0435\\u0435 14 \\u0434\\u043d\\u0435\\u0439 (\\u043d\\u0435 \\u0441\\u0447\\u0438\\u0442\\u0430\\u044f \\u0434\\u043d\\u044f \\u043f\\u043e\\u043a\\u0443\\u043f\\u043a\\u0438);\\u2014 \\u0442\\u043e\\u0432\\u0430\\u0440 \\u043d\\u0435\\u043f\\u0440\\u043e\\u0434\\u043e\\u0432\\u043e\\u043b\\u044c\\u0441\\u0442\\u0432\\u0435\\u043d\\u043d\\u044b\\u0439;\\u2014 \\u0441\\u043e\\u0445\\u0440\\u0430\\u043d\\u0435\\u043d\\u044b \\u043f\\u043e\\u0442\\u0440\\u0435\\u0431\\u0438\\u0442\\u0435\\u043b\\u044c\\u0441\\u043a\\u0438\\u0435 \\u0441\\u0432\\u043e\\u0439\\u0441\\u0442\\u0432\\u0430;\\u2014 \\u0438\\u043c\\u0435\\u044e\\u0442\\u0441\\u044f \\u0434\\u043e\\u043a\\u0430\\u0437\\u0430\\u0442\\u0435\\u043b\\u044c\\u0441\\u0442\\u0432\\u0430 \\u043f\\u0440\\u0438\\u043e\\u0431\\u0440\\u0435\\u0442\\u0435\\u043d\\u0438\\u044f \\u0442\\u043e\\u0432\\u0430\\u0440\\u0430 \\u0443 \\u0434\\u0430\\u043d\\u043d\\u043e\\u0433\\u043e \\u043f\\u0440\\u043e\\u0434\\u0430\\u0432\\u0446\\u0430: \\u0442\\u043e\\u0432\\u0430\\u0440\\u043d\\u044b\\u0439 \\u0438\\u043b\\u0438 \\u043a\\u0430\\u0441\\u0441\\u043e\\u0432\\u044b\\u0439 \\u0447\\u0435\\u043a, \\u0438\\u043d\\u043e\\u0439 \\u0434\\u043e\\u043a\\u0443\\u043c\\u0435\\u043d\\u0442, \\u043f\\u043e\\u0434\\u0442\\u0432\\u0435\\u0440\\u0436\\u0434\\u0430\\u044e\\u0449\\u0438\\u0439 \\u043e\\u043f\\u043b\\u0430\\u0442\\u0443 \\u0442\\u043e\\u0432\\u0430\\u0440\\u0430 (\\u0432 \\u0441\\u043b\\u0443\\u0447\\u0430\\u0435 \\u043f\\u043e\\u0442\\u0435\\u0440\\u0438 \\u0447\\u0435\\u043a\\u0430 \\u0438\\u043b\\u0438 \\u0438\\u043d\\u043e\\u0433\\u043e\\u2014 \\u0442\\u043e\\u0432\\u0430\\u0440 \\u043d\\u0435 \\u044f\\u0432\\u043b\\u044f\\u0435\\u0442\\u0441\\u044f \\u0442\\u0435\\u0445\\u043d\\u0438\\u0447\\u0435\\u0441\\u043a\\u0438 \\u0441\\u043b\\u043e\\u0436\\u043d\\u044b\\u043c.                                                                                                                                                                                                                                                                                                                                                                                                                                                                                                                                                                                                                                                                                                                                                                                                                                                                                                                                                                                                                                   "}},"3":{"image":"","faicon":{"1":"fa fa-gift","2":"fa fa-gift"},"title":{"1":"\\u041f\\u043e\\u0434\\u0430\\u0440\\u043e\\u043a \\u043f\\u0440\\u0438 \\u043f\\u043e\\u043a\\u0443\\u043f\\u043a\\u0435","2":"\\u041f\\u043e\\u0434\\u0430\\u0440\\u043e\\u043a \\u043f\\u0440\\u0438 \\u043f\\u043e\\u043a\\u0443\\u043f\\u043a\\u0435"},"description":{"1":"\\u041f\\u043e\\u0434\\u0430\\u0440\\u043a\\u0438 \\u0432\\u0430\\u043c \\u0438 \\u0432\\u0430\\u0448\\u0438\\u043c \\u0431\\u043b\\u0438\\u0437\\u043a\\u0438\\u043c \\u043d\\u0430 \\u0441\\u0443\\u043c\\u043c\\u0443 \\u0434\\u043e 20 000 \\u20bd \\u043f\\u0440\\u0438 \\u043f\\u043e\\u043a\\u0443\\u043f\\u043a\\u0435 Samsung Galaxy.\\u0412\\u044b\\u0431\\u0438\\u0440\\u0430\\u0439\\u0442\\u0435 \\u0441\\u043c\\u0430\\u0440\\u0442\\u0444\\u043e\\u043d \\u0438 \\u043f\\u043e\\u0434\\u0430\\u0440\\u043a\\u0438 \\u043d\\u0430 \\u0443\\u043a\\u0430\\u0437\\u0430\\u043d\\u043d\\u0443\\u044e \\u0441\\u0443\\u043c\\u043c\\u0443.\\u0421\\u043a\\u0438\\u0434\\u043a\\u0430 \\u0440\\u0430\\u0441\\u0441\\u0447\\u0438\\u0442\\u0430\\u0435\\u0442\\u0441\\u044f \\u0430\\u0432\\u0442\\u043e\\u043c\\u0430\\u0442\\u0438\\u0447\\u0435\\u0441\\u043a\\u0438.                                                                                                                                                                                                                                                                                                                                                                                                                                                                                                                                                                                                                                                                                                                                                                                                                                                                                                                                                                                                                                                                                                                                                                                                                                                                                                                                                                                                                                                                                                                                                                                                                                                                                                                                                                                                                                                                                                                                                                                                                                                                                                                                                                                                                                                                                                                                                                                                                                                                                                                                                                                                                                                                                                                                                                                                                                                                                                                                                                                                                                                                                                                                                                                                                                                                                                                                                                                                                                                                                                                                                                                                                                                                                                                                                                                                                                                                                                                                                                                                                                                                                                                                                                                                                                                                                                                                                                                                                                                                                                                                                                                                                                                                                                                                                                                                                                                                                                                                                                                                                                                                                                                                                                                                                                                                                                                                                                                                                                                                                                                                                                                                                                                                                                                                                                                                                                                                                                                                                                                                                                                                                                                                                                                                                                                                                                                                                                                                                                                                                                                                                                                                                                                                                                                                                                                                                                                                                                                                                                                                                                                                                                                                                                                                                                                                                                                                                                                                                                                                                                                                                                                                                                                                                                                                                                                                                                                                                                                                                                                                                                                                                                                                                                                                                                                                                                                                                                                                                                                                                                                                                                                                                                                                                                                                                                                                                                                                                                                                                                                                                                                                                                                                                                                                                                                                                                                                                                                                                                                                                                                                                                                                                             ","2":"\\u041f\\u043e\\u0434\\u0430\\u0440\\u043a\\u0438 \\u0432\\u0430\\u043c \\u0438 \\u0432\\u0430\\u0448\\u0438\\u043c \\u0431\\u043b\\u0438\\u0437\\u043a\\u0438\\u043c \\u043d\\u0430 \\u0441\\u0443\\u043c\\u043c\\u0443 \\u0434\\u043e 20 000 \\u20bd \\u043f\\u0440\\u0438 \\u043f\\u043e\\u043a\\u0443\\u043f\\u043a\\u0435 Samsung Galaxy.\\u0412\\u044b\\u0431\\u0438\\u0440\\u0430\\u0439\\u0442\\u0435 \\u0441\\u043c\\u0430\\u0440\\u0442\\u0444\\u043e\\u043d \\u0438 \\u043f\\u043e\\u0434\\u0430\\u0440\\u043a\\u0438 \\u043d\\u0430 \\u0443\\u043a\\u0430\\u0437\\u0430\\u043d\\u043d\\u0443\\u044e \\u0441\\u0443\\u043c\\u043c\\u0443.\\u0421\\u043a\\u0438\\u0434\\u043a\\u0430 \\u0440\\u0430\\u0441\\u0441\\u0447\\u0438\\u0442\\u0430\\u0435\\u0442\\u0441\\u044f \\u0430\\u0432\\u0442\\u043e\\u043c\\u0430\\u0442\\u0438\\u0447\\u0435\\u0441\\u043a\\u0438.                                                                                                                                                                                                                                                                                                                                                                                                                                                                                                                                                                                                                                                                                                                                                                                                                                                                                                                                                                                                                                   "}}}', '1');
INSERT INTO `PREFIX_DB_setting` (`setting_id`, `store_id`, `code`, `key`, `value`, `serialized`) VALUES ('619585', '0', 'aurus', 'aurus_cart_right', '0', '0');
INSERT INTO `PREFIX_DB_setting` (`setting_id`, `store_id`, `code`, `key`, `value`, `serialized`) VALUES ('619586', '0', 'aurus', 'aurus_wish_right', '0', '0');
INSERT INTO `PREFIX_DB_setting` (`setting_id`, `store_id`, `code`, `key`, `value`, `serialized`) VALUES ('619587', '0', 'aurus', 'aurus_comp_right', '0', '0');
INSERT INTO `PREFIX_DB_setting` (`setting_id`, `store_id`, `code`, `key`, `value`, `serialized`) VALUES ('619588', '0', 'aurus', 'aurus_right_sm', '1', '0');
INSERT INTO `PREFIX_DB_setting` (`setting_id`, `store_id`, `code`, `key`, `value`, `serialized`) VALUES ('619589', '0', 'aurus', 'aurus_right_tittle', '0', '0');
INSERT INTO `PREFIX_DB_setting` (`setting_id`, `store_id`, `code`, `key`, `value`, `serialized`) VALUES ('619590', '0', 'aurus', 'aurus_cart_description', '{"1":"&lt;p&gt;\\u041d\\u043e \\u044d\\u0442\\u043e \\u043d\\u0438\\u043a\\u043e\\u0433\\u0434\\u0430 \\u043d\\u0435 \\u043f\\u043e\\u0437\\u0434\\u043d\\u043e \\u0438\\u0441\\u043f\\u0440\\u0430\\u0432\\u0438\\u0442\\u044c :) &lt;a href=&quot;specials\\/&quot; target=&quot;_blank&quot;&gt;\\u0421\\u043c\\u043e\\u0442\\u0440\\u0435\\u0442\\u044c \\u0432\\u0441\\u0435 \\u0430\\u043a\\u0446\\u0438\\u0438 \\u2192&lt;\\/a&gt;&lt;\\/p&gt;&lt;p&gt;&amp;nbsp;&lt;\\/p&gt;","2":"&lt;p&gt;\\u041d\\u043e \\u044d\\u0442\\u043e \\u043d\\u0438\\u043a\\u043e\\u0433\\u0434\\u0430 \\u043d\\u0435 \\u043f\\u043e\\u0437\\u0434\\u043d\\u043e \\u0438\\u0441\\u043f\\u0440\\u0430\\u0432\\u0438\\u0442\\u044c :) &lt;a href=&quot;specials\\/&quot; target=&quot;_blank&quot;&gt;\\u0421\\u043c\\u043e\\u0442\\u0440\\u0435\\u0442\\u044c \\u0432\\u0441\\u0435 \\u0430\\u043a\\u0446\\u0438\\u0438 \\u2192&lt;\\/a&gt;&lt;\\/p&gt;&lt;p&gt;&amp;nbsp;&lt;\\/p&gt;"}', '1');
INSERT INTO `PREFIX_DB_setting` (`setting_id`, `store_id`, `code`, `key`, `value`, `serialized`) VALUES ('619591', '0', 'aurus', 'aurus_counter', '', '0');
INSERT INTO `PREFIX_DB_setting` (`setting_id`, `store_id`, `code`, `key`, `value`, `serialized`) VALUES ('619592', '0', 'aurus', 'aurus_css', '/* ef-banners START*/.btn-bannerright1{position:relative;color: #fff;background: rgba(80, 70, 59, 0.7) none repeat scroll 0 0;border: 2px solid #fff;font-size: 14px;font-weight: 600;margin-top: 15%;}.btn-bannerright1:hover{color: #fff;border: 2px solid #fff;background: rgba(80, 70, 59, 0.9) none repeat scroll 0 0;}.btn-bannercenter{position:relative;color: #fff;background: rgba(80, 70, 59, 0.7) none repeat scroll 0 0;border: 2px solid #fff;font-size: 14px;font-weight: 600;margin-top: 10%;}.btn-bannercenter:hover{color: #fff;border: 2px solid #fff;background: rgba(80, 70, 59, 0.9) none repeat scroll 0 0;}.btn-bannercenter2{position:relative;color: #fff;background: rgba(80, 70, 59, 0.7) none repeat scroll 0 0;border: 2px solid #fff;font-size: 14px;font-weight: 600;margin-top: 30%;}.btn-bannercenter2:hover{color: #fff;border: 2px solid #fff;background: rgba(80, 70, 59, 0.9) none repeat scroll 0 0;}.bannercenter-text{color: #505050;display: inline-block;font-size: 17px;font-style: italic;font-weight: 800;letter-spacing: 1px;margin-top: 20%;position: relative;text-transform: uppercase;}.btn-bannerbottom{position:relative;color: #fff;background: rgba(80, 70, 59, 0.7) none repeat scroll 0 0;border: 2px solid #fff;font-size: 14px;font-weight: 600;margin-top: 5%;}.btn-bannerbottom:hover{color: #fff;border: 2px solid #fff;background: rgba(80, 70, 59, 0.9) none repeat scroll 0 0;}.bannerright-text{color: #fff;display: inline-block;font-size: 17px;font-style: italic;font-weight: 800;letter-spacing: 1px;margin-top: 15%;position: relative;text-transform: uppercase;}.bannerbottom-text{color: #000;display: inline-block;font-size: 27px;font-style: italic;font-weight: 800;letter-spacing: 1px;margin-top: 5%;position: relative;text-transform: uppercase;}/* ef-slider START*/.ef-slider1{-webkit-animation: 300ms linear 900ms both rotateInDownLeft;-moz-animation: 300ms linear 900ms both rotateInDownLeft;-o-animation: 300ms linear 900ms both rotateInDownLeft;-ms-animation: 300ms linear 900ms both rotateInDownLeft;animation: 300ms linear 900ms both rotateInDownLeft;}.ef-slider2{ -webkit-animation: 300ms linear 300ms both fadeInUp;-moz-animation: 300ms linear 300ms both fadeInUp;-o-animation: 300ms linear 300ms both fadeInUp;-ms-animation: 300ms linear 300ms both fadeInUp;animation: 300ms linear 300ms both fadeInUp;}.ef-slider3{-webkit-animation: 300ms linear 1500ms both rotateInDownLeft;-moz-animation: 300ms linear 1500ms both rotateInDownLeft;-o-animation: 300ms linear 1500ms both rotateInDownLeft;-ms-animation: 300ms linear 1500ms both rotateInDownLeft;animation: 300ms linear 1500ms both rotateInDownLeft;}.ef-slider4{-webkit-animation: 300ms linear 2200ms both fadeInUp;-moz-animation: 300ms linear 2200ms both fadeInUp;-o-animation: 300ms linear 2200ms both fadeInUp;-ms-animation: 300ms linear 2200ms both fadeInUp;animation: 300ms linear 2200ms both fadeInUp;}.ef-slider5{-webkit-animation: 600ms linear 2900ms both rotateInDownLeft;-moz-animation: 600ms linear 2900ms both rotateInDownLeft;-o-animation: 600ms linear 2900ms both rotateInDownLeft;-ms-animation: 600ms linear 2900ms both rotateInDownLeft;animation: 600ms linear 2900ms both rotateInDownLeft;}.ef-slider7{-webkit-animation: 800ms linear 2500ms both rotateInDownLeft;-moz-animation: 800ms linear 2500ms both rotateInDownLeft;-o-animation: 800ms linear 2500ms both rotateInDownLeft;-ms-animation: 800ms linear 2500ms both rotateInDownLeft;animation: 800ms linear 2500ms both rotateInDownLeft;}.text-slider1{position: absolute;color: #FFFFFF;font-size: 16px;left: 20px; top: 10px;padding: 5px 12px;background: rgba(0, 0, 0, 0.5) none repeat scroll 0 0;border-radius: 12px;}.text-slider2{position: absolute;color: #FFFFFF;font-size: 16px;left: 20px; top: 47px;padding: 5px 12px;background: rgba(0, 0, 0, 0.5) none repeat scroll 0 0;border-radius: 12px;}.text-slider3{position: absolute;color: #FFFFFF;font-size: 16px;left: 20px;top: 84px;padding: 5px 12px;background: rgba(0, 0, 0, 0.5) none repeat scroll 0 0;border-radius: 12px;}.text-slider4{position: absolute;color: white;font-size: 16px;left: 9px;top: 121px;padding: 5px 12px;}.btn-slider {color: #fff;background: rgba(80, 70, 59, 0.7) none repeat scroll 0 0;border: 2px solid #fff;font-size: 14px;text-transform: uppercase;padding: 7px;}.btn-slider:hover {color: #fff;border: 2px solid #fff;background: rgba(80, 70, 59, 0.9) none repeat scroll 0 0;}/* ---------------- */ /* ef-slider END */ /* ---------------- */', '0');
INSERT INTO `PREFIX_DB_setting` (`setting_id`, `store_id`, `code`, `key`, `value`, `serialized`) VALUES ('619536', '0', 'aurus', 'aurus_top_links7', '{"1":{"title":{"1":"\\u0414\\u043e\\u043f\\u043e\\u043b\\u043d\\u0438\\u0442\\u0435\\u043b\\u044c\\u043d\\u0430\\u044f \\u0432\\u043a\\u043b\\u0430\\u0434\\u043a\\u0430","2":"\\u0414\\u043e\\u043f\\u043e\\u043b\\u043d\\u0438\\u0442\\u0435\\u043b\\u044c\\u043d\\u0430\\u044f \\u0432\\u043a\\u043b\\u0430\\u0434\\u043a\\u0430"},"description":{"1":"&lt;p&gt;&lt;span style=&quot;background-color:rgb(255, 255, 0)&quot;&gt;\\u041c\\u043e\\u0436\\u043d\\u043e \\u0441\\u043e\\u0437\\u0434\\u0430\\u0432\\u0430\\u0442\\u044c \\u043b\\u044e\\u0431\\u043e\\u0435 \\u043a\\u043e\\u043b\\u0438\\u0447\\u0435\\u0441\\u0442\\u0432\\u043e \\u0432\\u043a\\u043b\\u0430\\u0434\\u043e\\u043a, \\u0434\\u043b\\u044f \\u043a\\u0430\\u0436\\u0434\\u043e\\u0433\\u043e \\u0442\\u043e\\u0432\\u0430\\u0440\\u0430 \\u043e\\u0442\\u0434\\u0435\\u043b\\u044c\\u043d\\u043e \\u0438\\u043b\\u0438 \\u0434\\u043b\\u044f \\u0432\\u0441\\u0435\\u0445 \\u0442\\u043e\\u0432\\u0430\\u0440\\u043e\\u0432 \\u0441\\u0440\\u0430\\u0437\\u0443&lt;\\/span&gt;&lt;\\/p&gt;","2":"&lt;p&gt;&lt;span style=&quot;background-color:rgb(255, 255, 255)&quot;&gt;\\u041c\\u043e\\u0436\\u043d\\u043e \\u0441\\u043e\\u0437\\u0434\\u0430\\u0432\\u0430\\u0442\\u044c \\u043b\\u044e\\u0431\\u043e\\u0435 \\u043a\\u043e\\u043b\\u0438\\u0447\\u0435\\u0441\\u0442\\u0432\\u043e \\u0432\\u043a\\u043b\\u0430\\u0434\\u043e\\u043a, \\u0434\\u043b\\u044f \\u043a\\u0430\\u0436\\u0434\\u043e\\u0433\\u043e \\u0442\\u043e\\u0432\\u0430\\u0440\\u0430 \\u043e\\u0442\\u0434\\u0435\\u043b\\u044c\\u043d\\u043e \\u0438\\u043b\\u0438 \\u0434\\u043b\\u044f \\u0432\\u0441\\u0435\\u0445 \\u0442\\u043e\\u0432\\u0430\\u0440\\u043e\\u0432 \\u0441\\u0440\\u0430\\u0437\\u0443&lt;\\/span&gt;&lt;\\/p&gt;"}}}', '1');
INSERT INTO `PREFIX_DB_setting` (`setting_id`, `store_id`, `code`, `key`, `value`, `serialized`) VALUES ('619537', '0', 'aurus', 'aurus_relpr_tab', '0', '0');
INSERT INTO `PREFIX_DB_setting` (`setting_id`, `store_id`, `code`, `key`, `value`, `serialized`) VALUES ('619538', '0', 'aurus', 'aurus_ratpr', '1', '0');
INSERT INTO `PREFIX_DB_setting` (`setting_id`, `store_id`, `code`, `key`, `value`, `serialized`) VALUES ('619539', '0', 'aurus', 'aurus_wishpr', '1', '0');
INSERT INTO `PREFIX_DB_setting` (`setting_id`, `store_id`, `code`, `key`, `value`, `serialized`) VALUES ('539404', '0', 'aridius_text_home', 'aridius_text_home_limit', '2200', '0');
INSERT INTO `PREFIX_DB_setting` (`setting_id`, `store_id`, `code`, `key`, `value`, `serialized`) VALUES ('539405', '0', 'aridius_text_home', 'aridius_text_home_height', '230', '0');
INSERT INTO `PREFIX_DB_setting` (`setting_id`, `store_id`, `code`, `key`, `value`, `serialized`) VALUES ('539406', '0', 'aridius_text_home', 'aridius_text_home_status', '1', '0');
INSERT INTO `PREFIX_DB_setting` (`setting_id`, `store_id`, `code`, `key`, `value`, `serialized`) VALUES ('610396', '0', 'config', 'config_customer_activity', '0', '0');
INSERT INTO `PREFIX_DB_setting` (`setting_id`, `store_id`, `code`, `key`, `value`, `serialized`) VALUES ('619676', '0', 'aurus', 'aurus_color65', '#7ED4C5', '0');
INSERT INTO `PREFIX_DB_setting` (`setting_id`, `store_id`, `code`, `key`, `value`, `serialized`) VALUES ('619677', '0', 'aurus', 'aurus_color66', '#ffffff', '0');
INSERT INTO `PREFIX_DB_setting` (`setting_id`, `store_id`, `code`, `key`, `value`, `serialized`) VALUES ('619678', '0', 'aurus', 'aurus_color67', '#2E8AE6', '0');
INSERT INTO `PREFIX_DB_setting` (`setting_id`, `store_id`, `code`, `key`, `value`, `serialized`) VALUES ('619540', '0', 'aurus', 'aurus_comppr', '1', '0');
INSERT INTO `PREFIX_DB_setting` (`setting_id`, `store_id`, `code`, `key`, `value`, `serialized`) VALUES ('619541', '0', 'aurus', 'aurus_quickviewpr', '1', '0');
INSERT INTO `PREFIX_DB_setting` (`setting_id`, `store_id`, `code`, `key`, `value`, `serialized`) VALUES ('619542', '0', 'aurus', 'aurus_relcarusel', '0', '0');
INSERT INTO `PREFIX_DB_setting` (`setting_id`, `store_id`, `code`, `key`, `value`, `serialized`) VALUES ('619543', '0', 'aurus', 'aurus_relnavigation', '1', '0');
INSERT INTO `PREFIX_DB_setting` (`setting_id`, `store_id`, `code`, `key`, `value`, `serialized`) VALUES ('619544', '0', 'aurus', 'aurus_relautoplay_on', '0', '0');
INSERT INTO `PREFIX_DB_setting` (`setting_id`, `store_id`, `code`, `key`, `value`, `serialized`) VALUES ('619545', '0', 'aurus', 'aurus_relautoplay', '4000', '0');
INSERT INTO `PREFIX_DB_setting` (`setting_id`, `store_id`, `code`, `key`, `value`, `serialized`) VALUES ('619546', '0', 'aurus', 'aurus_relitems', '5', '0');
INSERT INTO `PREFIX_DB_setting` (`setting_id`, `store_id`, `code`, `key`, `value`, `serialized`) VALUES ('619547', '0', 'aurus', 'aurus_relrew_speed', '1000', '0');
INSERT INTO `PREFIX_DB_setting` (`setting_id`, `store_id`, `code`, `key`, `value`, `serialized`) VALUES ('542152', '0', 'aridius_news', 'aridius_news_home_chars', '200', '0');
INSERT INTO `PREFIX_DB_setting` (`setting_id`, `store_id`, `code`, `key`, `value`, `serialized`) VALUES ('542153', '0', 'aridius_news', 'aridius_news_headline_chars', '98', '0');
INSERT INTO `PREFIX_DB_setting` (`setting_id`, `store_id`, `code`, `key`, `value`, `serialized`) VALUES ('542154', '0', 'aridius_news', 'aridius_news_aridius_newspage_addthis', '0', '0');
INSERT INTO `PREFIX_DB_setting` (`setting_id`, `store_id`, `code`, `key`, `value`, `serialized`) VALUES ('619581', '0', 'aurus', 'aurus_cart_continue', '0', '0');
INSERT INTO `PREFIX_DB_setting` (`setting_id`, `store_id`, `code`, `key`, `value`, `serialized`) VALUES ('610393', '0', 'config', 'config_tax_default', 'shipping', '0');
INSERT INTO `PREFIX_DB_setting` (`setting_id`, `store_id`, `code`, `key`, `value`, `serialized`) VALUES ('610395', '0', 'config', 'config_customer_online', '0', '0');
INSERT INTO `PREFIX_DB_setting` (`setting_id`, `store_id`, `code`, `key`, `value`, `serialized`) VALUES ('610394', '0', 'config', 'config_tax_customer', 'shipping', '0');
INSERT INTO `PREFIX_DB_setting` (`setting_id`, `store_id`, `code`, `key`, `value`, `serialized`) VALUES ('610392', '0', 'config', 'config_tax', '0', '0');
INSERT INTO `PREFIX_DB_setting` (`setting_id`, `store_id`, `code`, `key`, `value`, `serialized`) VALUES ('610391', '0', 'config', 'config_voucher_max', '1000', '0');
INSERT INTO `PREFIX_DB_setting` (`setting_id`, `store_id`, `code`, `key`, `value`, `serialized`) VALUES ('610390', '0', 'config', 'config_voucher_min', '1', '0');
INSERT INTO `PREFIX_DB_setting` (`setting_id`, `store_id`, `code`, `key`, `value`, `serialized`) VALUES ('610389', '0', 'config', 'config_review_guest', '1', '0');
INSERT INTO `PREFIX_DB_setting` (`setting_id`, `store_id`, `code`, `key`, `value`, `serialized`) VALUES ('610388', '0', 'config', 'config_review_status', '1', '0');
INSERT INTO `PREFIX_DB_setting` (`setting_id`, `store_id`, `code`, `key`, `value`, `serialized`) VALUES ('610387', '0', 'config', 'config_product_mpn_hide', '0', '0');
INSERT INTO `PREFIX_DB_setting` (`setting_id`, `store_id`, `code`, `key`, `value`, `serialized`) VALUES ('610386', '0', 'config', 'config_product_isbn_hide', '0', '0');
INSERT INTO `PREFIX_DB_setting` (`setting_id`, `store_id`, `code`, `key`, `value`, `serialized`) VALUES ('610385', '0', 'config', 'config_product_jan_hide', '0', '0');
INSERT INTO `PREFIX_DB_setting` (`setting_id`, `store_id`, `code`, `key`, `value`, `serialized`) VALUES ('610384', '0', 'config', 'config_product_ean_hide', '0', '0');
INSERT INTO `PREFIX_DB_setting` (`setting_id`, `store_id`, `code`, `key`, `value`, `serialized`) VALUES ('610383', '0', 'config', 'config_product_upc_hide', '0', '0');
INSERT INTO `PREFIX_DB_setting` (`setting_id`, `store_id`, `code`, `key`, `value`, `serialized`) VALUES ('610382', '0', 'config', 'config_limit_admin', '12', '0');
INSERT INTO `PREFIX_DB_setting` (`setting_id`, `store_id`, `code`, `key`, `value`, `serialized`) VALUES ('610381', '0', 'config', 'config_product_count', '0', '0');
INSERT INTO `PREFIX_DB_setting` (`setting_id`, `store_id`, `code`, `key`, `value`, `serialized`) VALUES ('610380', '0', 'config', 'config_weight_class_id', '1', '0');
INSERT INTO `PREFIX_DB_setting` (`setting_id`, `store_id`, `code`, `key`, `value`, `serialized`) VALUES ('610379', '0', 'config', 'config_length_class_id', '1', '0');
INSERT INTO `PREFIX_DB_setting` (`setting_id`, `store_id`, `code`, `key`, `value`, `serialized`) VALUES ('610378', '0', 'config', 'config_currency_auto', '0', '0');
INSERT INTO `PREFIX_DB_setting` (`setting_id`, `store_id`, `code`, `key`, `value`, `serialized`) VALUES ('610377', '0', 'config', 'config_autocalc_select_first', '0', '0');
INSERT INTO `PREFIX_DB_setting` (`setting_id`, `store_id`, `code`, `key`, `value`, `serialized`) VALUES ('610376', '0', 'config', 'config_autocalc_not_mul_qty', '0', '0');
INSERT INTO `PREFIX_DB_setting` (`setting_id`, `store_id`, `code`, `key`, `value`, `serialized`) VALUES ('610375', '0', 'config', 'config_autocalc_option_discount', '0', '0');
INSERT INTO `PREFIX_DB_setting` (`setting_id`, `store_id`, `code`, `key`, `value`, `serialized`) VALUES ('610374', '0', 'config', 'config_autocalc_option_special', '0', '0');
INSERT INTO `PREFIX_DB_setting` (`setting_id`, `store_id`, `code`, `key`, `value`, `serialized`) VALUES ('610373', '0', 'config', 'config_currency2', '', '0');
INSERT INTO `PREFIX_DB_setting` (`setting_id`, `store_id`, `code`, `key`, `value`, `serialized`) VALUES ('610372', '0', 'config', 'config_minify', '1', '0');
INSERT INTO `PREFIX_DB_setting` (`setting_id`, `store_id`, `code`, `key`, `value`, `serialized`) VALUES ('619582', '0', 'aurus', 'aurus_cart_relpr', '0', '0');
INSERT INTO `PREFIX_DB_setting` (`setting_id`, `store_id`, `code`, `key`, `value`, `serialized`) VALUES ('619583', '0', 'aurus', 'aurus_cart_viewed', '0', '0');
INSERT INTO `PREFIX_DB_setting` (`setting_id`, `store_id`, `code`, `key`, `value`, `serialized`) VALUES ('619584', '0', 'aurus', 'aurus_cart_relprlimit', '10', '0');
INSERT INTO `PREFIX_DB_setting` (`setting_id`, `store_id`, `code`, `key`, `value`, `serialized`) VALUES ('542155', '0', 'aridius_news', 'aridius_news_show_date', '0', '0');
INSERT INTO `PREFIX_DB_setting` (`setting_id`, `store_id`, `code`, `key`, `value`, `serialized`) VALUES ('542151', '0', 'aridius_news', 'aridius_news_home_limit', '6', '0');
INSERT INTO `PREFIX_DB_setting` (`setting_id`, `store_id`, `code`, `key`, `value`, `serialized`) VALUES ('619579', '0', 'aurus', 'aurus_banners_hiddensm', '0', '0');
INSERT INTO `PREFIX_DB_setting` (`setting_id`, `store_id`, `code`, `key`, `value`, `serialized`) VALUES ('619580', '0', 'aurus', 'aurus_cart_open', '0', '0');
INSERT INTO `PREFIX_DB_setting` (`setting_id`, `store_id`, `code`, `key`, `value`, `serialized`) VALUES ('610371', '0', 'config', 'config_currency', 'RUB', '0');
INSERT INTO `PREFIX_DB_setting` (`setting_id`, `store_id`, `code`, `key`, `value`, `serialized`) VALUES ('610370', '0', 'config', 'config_admin_language', 'ru-ru', '0');
INSERT INTO `PREFIX_DB_setting` (`setting_id`, `store_id`, `code`, `key`, `value`, `serialized`) VALUES ('619578', '0', 'aurus', 'aurus_banners', '1', '0');
INSERT INTO `PREFIX_DB_setting` (`setting_id`, `store_id`, `code`, `key`, `value`, `serialized`) VALUES ('551984', '0', 'aridius_popupmail', 'aridius_popupmail_description', '{"1":"&lt;p&gt;\\u042f \\u043f\\u0440\\u0438\\u043d\\u0438\\u043c\\u0430\\u044e &lt;a href=&quot;person_danie&quot; target=&quot;_blank&quot;&gt;\\u043f\\u043e\\u043b\\u044c\\u0437\\u043e\\u0432\\u0430\\u0442\\u0435\\u043b\\u044c\\u0441\\u043a\\u043e\\u0435 \\u0441\\u043e\\u0433\\u043b\\u0430\\u0448\\u0435\\u043d\\u0438\\u044f&lt;\\/a&gt;&lt;\\/p&gt;","2":""}', '1');
INSERT INTO `PREFIX_DB_setting` (`setting_id`, `store_id`, `code`, `key`, `value`, `serialized`) VALUES ('551985', '0', 'aridius_popupmail', 'aridius_popupmaildes_status', '1', '0');
INSERT INTO `PREFIX_DB_setting` (`setting_id`, `store_id`, `code`, `key`, `value`, `serialized`) VALUES ('551986', '0', 'aridius_popupmail', 'aridius_popupmail_time', '1', '0');
INSERT INTO `PREFIX_DB_setting` (`setting_id`, `store_id`, `code`, `key`, `value`, `serialized`) VALUES ('551987', '0', 'aridius_popupmail', 'aridius_popupmail_delay', '2', '0');
INSERT INTO `PREFIX_DB_setting` (`setting_id`, `store_id`, `code`, `key`, `value`, `serialized`) VALUES ('551988', '0', 'aridius_popupmail', 'aridius_popupmail_day', '0', '0');
INSERT INTO `PREFIX_DB_setting` (`setting_id`, `store_id`, `code`, `key`, `value`, `serialized`) VALUES ('551989', '0', 'aridius_popupmail', 'aridius_popupmail_status', '0', '0');
INSERT INTO `PREFIX_DB_setting` (`setting_id`, `store_id`, `code`, `key`, `value`, `serialized`) VALUES ('619577', '0', 'aurus', 'aurus_banners_fluid', '1', '0');
INSERT INTO `PREFIX_DB_setting` (`setting_id`, `store_id`, `code`, `key`, `value`, `serialized`) VALUES ('551983', '0', 'aridius_popupmail', 'aridius_popupmail_img', '{"1":"&lt;p&gt;&lt;img alt=&quot;mail&quot; class=&quot;img-responsive&quot; src=&quot;\\/image\\/catalog\\/banners_aurus\\/img_mail.png&quot; \\/&gt;&lt;\\/p&gt;","2":"&lt;p&gt;&lt;img alt=&quot;mail&quot; class=&quot;img-responsive&quot; src=&quot;\\/image\\/catalog\\/img_mail\\/img_mail.png&quot; \\/&gt;&lt;\\/p&gt;"}', '1');
INSERT INTO `PREFIX_DB_setting` (`setting_id`, `store_id`, `code`, `key`, `value`, `serialized`) VALUES ('551982', '0', 'aridius_popupmail', 'aridius_popupmail_message', '{"1":"&lt;p&gt;&lt;strong&gt;\\u0412\\u0430\\u0448\\u0430 \\u0441\\u043a\\u0438\\u0434\\u043a\\u0430 &lt;span style=&quot;color:rgb(255, 0, 0)&quot;&gt;200 \\u0440\\u0443\\u0431.&lt;\\/span&gt;&lt;\\/strong&gt;&lt;\\/p&gt;&lt;p&gt;&lt;strong&gt;\\u041d\\u041e\\u041c\\u0415\\u0420 \\u041a\\u0423\\u041f\\u041e\\u041d\\u0410: &lt;\\/strong&gt;&lt;strong&gt;&lt;span style=&quot;color:rgb(0, 0, 255)&quot;&gt;45678834&lt;\\/span&gt;&lt;\\/strong&gt;&lt;\\/p&gt;&lt;p&gt;&lt;strong&gt;\\u0414\\u043b\\u044f \\u0442\\u043e\\u0433\\u043e \\u0447\\u0442\\u043e\\u0431\\u044b \\u0430\\u043a\\u0442\\u0438\\u0432\\u0438\\u0440\\u043e\\u0432\\u0430\\u0442\\u044c \\u0412\\u0430\\u0448 \\u043a\\u0443\\u043f\\u043e\\u043d - \\u0432\\u0432\\u0435\\u0434\\u0438\\u0442\\u0435 \\u044d\\u0442\\u043e\\u0442 \\u043d\\u043e\\u043c\\u0435\\u0440 \\u0432 \\u043a\\u043e\\u0440\\u0437\\u0438\\u043d\\u0435 \\u0442\\u043e\\u0432\\u0430\\u0440\\u0430 \\u0438 \\u043f\\u043e\\u043b\\u0443\\u0447\\u0438\\u0442\\u044c &lt;span style=&quot;color:rgb(255, 0, 0)&quot;&gt;-200 \\u0440\\u0443\\u0431.&lt;\\/span&gt; \\u043a \\u0432\\u0430\\u0448\\u0435\\u043c\\u0443 \\u0437\\u0430\\u043a\\u0430\\u0437\\u0443.&lt;\\/strong&gt;&lt;\\/p&gt;","2":"&lt;p&gt;&lt;strong&gt;\\u0412\\u0430\\u0448\\u0430 \\u0441\\u043a\\u0438\\u0434\\u043a\\u0430 &lt;span style=&quot;color:rgb(255, 0, 0)&quot;&gt;200 \\u0440\\u0443\\u0431.&lt;\\/span&gt;&lt;\\/strong&gt;&lt;\\/p&gt;&lt;p&gt;&lt;strong&gt;\\u041d\\u041e\\u041c\\u0415\\u0420 \\u041a\\u0423\\u041f\\u041e\\u041d\\u0410: &lt;\\/strong&gt;&lt;strong&gt;&lt;span style=&quot;color:rgb(0, 0, 255)&quot;&gt;45678834&lt;\\/span&gt;&lt;\\/strong&gt;&lt;\\/p&gt;&lt;p&gt;&lt;strong&gt;\\u0414\\u043b\\u044f \\u0442\\u043e\\u0433\\u043e \\u0447\\u0442\\u043e\\u0431\\u044b \\u0430\\u043a\\u0442\\u0438\\u0432\\u0438\\u0440\\u043e\\u0432\\u0430\\u0442\\u044c \\u0412\\u0430\\u0448 \\u043a\\u0443\\u043f\\u043e\\u043d - \\u0432\\u0432\\u0435\\u0434\\u0438\\u0442\\u0435 \\u044d\\u0442\\u043e\\u0442 \\u043d\\u043e\\u043c\\u0435\\u0440 \\u0432 \\u043a\\u043e\\u0440\\u0437\\u0438\\u043d\\u0435 \\u0442\\u043e\\u0432\\u0430\\u0440\\u0430 \\u0438 \\u043f\\u043e\\u043b\\u0443\\u0447\\u0438\\u0442\\u044c &lt;span style=&quot;color:rgb(255, 0, 0)&quot;&gt;-200 \\u0440\\u0443\\u0431.&lt;\\/span&gt; \\u043a \\u0432\\u0430\\u0448\\u0435\\u043c\\u0443 \\u0437\\u0430\\u043a\\u0430\\u0437\\u0443.&lt;\\/strong&gt;&lt;\\/p&gt;"}', '1');
INSERT INTO `PREFIX_DB_setting` (`setting_id`, `store_id`, `code`, `key`, `value`, `serialized`) VALUES ('551981', '0', 'aridius_popupmail', 'aridius_popupmail_subject', '{"1":"\\u0412\\u0430\\u043c \\u0441\\u043a\\u0438\\u0434\\u043a\\u0430!","2":"\\u0412\\u0430\\u043c \\u0441\\u043a\\u0438\\u0434\\u043a\\u0430!"}', '1');
INSERT INTO `PREFIX_DB_setting` (`setting_id`, `store_id`, `code`, `key`, `value`, `serialized`) VALUES ('551980', '0', 'aridius_popupmail', 'aridius_popupmail_pl', '{"1":"\\u041f\\u041e\\u0414\\u041f\\u0418\\u0421\\u0410\\u0422\\u042c\\u0421\\u042f","2":"\\u041f\\u041e\\u0414\\u041f\\u0418\\u0421\\u0410\\u0422\\u042c\\u0421\\u042f"}', '1');
INSERT INTO `PREFIX_DB_setting` (`setting_id`, `store_id`, `code`, `key`, `value`, `serialized`) VALUES ('551979', '0', 'aridius_popupmail', 'aridius_popupmail_placeholder', '{"1":"\\u0412\\u0432\\u0435\\u0434\\u0438\\u0442\\u0435 \\u0432\\u0430\\u0448 e-mail","2":"\\u0412\\u0432\\u0435\\u0434\\u0438\\u0442\\u0435 \\u0432\\u0430\\u0448 e-mail"}', '1');
INSERT INTO `PREFIX_DB_setting` (`setting_id`, `store_id`, `code`, `key`, `value`, `serialized`) VALUES ('552020', '0', 'aridius_icons', 'aridius_icons_top_links', '{"1":{"title":{"1":"\\u0440\\u0430\\u0441\\u0441\\u0440\\u043e\\u0447\\u043a\\u0430 \\u0431\\u0435\\u0437 \\u043f\\u0435\\u0440\\u0435\\u043f\\u043b\\u0430\\u0442","2":"\\u0440\\u0430\\u0441\\u0441\\u0440\\u043e\\u0447\\u043a\\u0430 \\u0431\\u0435\\u0437 \\u043f\\u0435\\u0440\\u0435\\u043f\\u043b\\u0430\\u0442"},"faicons_icons":"fa fa-money","add_link":"","description":{"1":"&lt;p&gt;\\u0421\\u0435\\u0439\\u0447\\u0430\\u0441 \\u0442\\u044f\\u0436\\u0435\\u043b\\u043e \\u043a\\u043e\\u0433\\u043e-\\u0442\\u043e \\u0443\\u0434\\u0438\\u0432\\u0438\\u0442\\u044c \\u043f\\u0440\\u0435\\u0434\\u043b\\u043e\\u0436\\u0435\\u043d\\u0438\\u0435\\u043c \\u0432\\u0437\\u044f\\u0442\\u044c \\u0442\\u043e\\u0432\\u0430\\u0440 \\u043f\\u0440\\u044f\\u043c\\u043e \\u0441\\u0435\\u0433\\u043e\\u0434\\u043d\\u044f, \\u0430 \\u043f\\u043b\\u0430\\u0442\\u0438\\u0442\\u044c \\u0437\\u0430 \\u043d\\u0435\\u0433\\u043e \\u043f\\u043e\\u0437\\u0436\\u0435, \\u043f\\u043e\\u043b\\u044c\\u0437\\u0443\\u044f\\u0441\\u044c \\u0442\\u0430\\u043a\\u0438\\u043c\\u0438 \\u0432\\u0430\\u0440\\u0438\\u0430\\u043d\\u0442\\u0430\\u043c\\u0438 \\u0440\\u0430\\u0441\\u0447\\u0435\\u0442\\u0430 \\u043a\\u0430\\u043a \\u043a\\u0440\\u0435\\u0434\\u0438\\u0442 \\u0438\\u043b\\u0438 \\u0440\\u0430\\u0441\\u0441\\u0440\\u043e\\u0447\\u043a\\u0430. \\u0420\\u0435\\u043a\\u043b\\u0430\\u043c\\u0430 \\u043c\\u0430\\u0433\\u0430\\u0437\\u0438\\u043d\\u043e\\u0432 \\u0442\\u0435\\u0445\\u043d\\u0438\\u043a\\u0438 \\u043d\\u0430\\u0441\\u044b\\u0449\\u0435\\u043d\\u0430 \\u043c\\u0430\\u043d\\u044f\\u0449\\u0438\\u043c\\u0438 \\u0443\\u0441\\u043b\\u043e\\u0432\\u0438\\u044f\\u043c\\u0438 \\u043a\\u043e\\u043c\\u0444\\u043e\\u0440\\u0442\\u043d\\u043e\\u0439 \\u043f\\u043e\\u043a\\u0443\\u043f\\u043a\\u0438 \\u043d\\u0443\\u0436\\u043d\\u044b\\u0445 \\u0432\\u0435\\u0449\\u0435\\u0439 \\u0438\\u043b\\u0438 \\u043f\\u043e\\u043b\\u0443\\u0447\\u0435\\u043d\\u0438\\u044f \\u0434\\u0435\\u043d\\u0435\\u0433 \\u0432 \\u043a\\u0440\\u0435\\u0434\\u0438\\u0442. \\u041d\\u043e \\u043a\\u0430\\u043a\\u0438\\u043c \\u0441\\u043f\\u043e\\u0441\\u043e\\u0431\\u043e\\u043c \\u0432\\u044b\\u0433\\u043e\\u0434\\u043d\\u0435\\u0435 \\u0441\\u043e\\u0432\\u0435\\u0440\\u0448\\u0430\\u0442\\u044c \\u043f\\u043e\\u043a\\u0443\\u043f\\u043a\\u0438: \\u0432 \\u0440\\u0430\\u0441\\u0441\\u0440\\u043e\\u0447\\u043a\\u0443 \\u0438\\u043b\\u0438 \\u043a\\u0440\\u0435\\u0434\\u0438\\u0442? \\u041f\\u0440\\u0430\\u0432\\u0434\\u0430 \\u043b\\u0438, \\u0447\\u0442\\u043e \\u0440\\u0430\\u0441\\u0441\\u0440\\u043e\\u0447\\u043a\\u0430 \\u044d\\u0442\\u043e \\u0431\\u0435\\u0441\\u043f\\u0440\\u043e\\u0446\\u0435\\u043d\\u0442\\u043d\\u044b\\u0439 \\u043a\\u0440\\u0435\\u0434\\u0438\\u0442, \\u0438\\u043b\\u0438 \\u0436\\u0435 \\u044d\\u0442\\u043e \\u0430\\u0431\\u0441\\u043e\\u043b\\u044e\\u0442\\u043d\\u043e \\u0434\\u0440\\u0443\\u0433\\u0430\\u044f \\u0441\\u0438\\u0441\\u0442\\u0435\\u043c\\u0430 \\u043f\\u043e\\u043a\\u0443\\u043f\\u043a\\u0438 \\u0442\\u043e\\u0432\\u0430\\u0440\\u043e\\u0432? \\u0427\\u0435\\u043c \\u043e\\u0442\\u043b\\u0438\\u0447\\u0430\\u0435\\u0442\\u0441\\u044f \\u043a\\u0440\\u0435\\u0434\\u0438\\u0442 \\u043e\\u0442 \\u0440\\u0430\\u0441\\u0441\\u0440\\u043e\\u0447\\u043a\\u0438? \\u041a\\u0430\\u043a\\u0438\\u0435 \\u0443 \\u043d\\u0438\\u0445 \\u043f\\u0440\\u0435\\u0438\\u043c\\u0443\\u0449\\u0435\\u0441\\u0442\\u0432\\u0430 \\u0438 \\u043d\\u0435\\u0434\\u043e\\u0441\\u0442\\u0430\\u0442\\u043a\\u0438?&lt;\\/p&gt;&lt;p&gt;&amp;nbsp;&lt;\\/p&gt;","2":"&lt;p&gt;\\u0421\\u0435\\u0439\\u0447\\u0430\\u0441 \\u0442\\u044f\\u0436\\u0435\\u043b\\u043e \\u043a\\u043e\\u0433\\u043e-\\u0442\\u043e \\u0443\\u0434\\u0438\\u0432\\u0438\\u0442\\u044c \\u043f\\u0440\\u0435\\u0434\\u043b\\u043e\\u0436\\u0435\\u043d\\u0438\\u0435\\u043c \\u0432\\u0437\\u044f\\u0442\\u044c \\u0442\\u043e\\u0432\\u0430\\u0440 \\u043f\\u0440\\u044f\\u043c\\u043e \\u0441\\u0435\\u0433\\u043e\\u0434\\u043d\\u044f, \\u0430 \\u043f\\u043b\\u0430\\u0442\\u0438\\u0442\\u044c \\u0437\\u0430 \\u043d\\u0435\\u0433\\u043e \\u043f\\u043e\\u0437\\u0436\\u0435, \\u043f\\u043e\\u043b\\u044c\\u0437\\u0443\\u044f\\u0441\\u044c \\u0442\\u0430\\u043a\\u0438\\u043c\\u0438 \\u0432\\u0430\\u0440\\u0438\\u0430\\u043d\\u0442\\u0430\\u043c\\u0438 \\u0440\\u0430\\u0441\\u0447\\u0435\\u0442\\u0430 \\u043a\\u0430\\u043a \\u043a\\u0440\\u0435\\u0434\\u0438\\u0442 \\u0438\\u043b\\u0438 \\u0440\\u0430\\u0441\\u0441\\u0440\\u043e\\u0447\\u043a\\u0430. \\u0420\\u0435\\u043a\\u043b\\u0430\\u043c\\u0430 \\u043c\\u0430\\u0433\\u0430\\u0437\\u0438\\u043d\\u043e\\u0432 \\u0442\\u0435\\u0445\\u043d\\u0438\\u043a\\u0438 \\u043d\\u0430\\u0441\\u044b\\u0449\\u0435\\u043d\\u0430 \\u043c\\u0430\\u043d\\u044f\\u0449\\u0438\\u043c\\u0438 \\u0443\\u0441\\u043b\\u043e\\u0432\\u0438\\u044f\\u043c\\u0438 \\u043a\\u043e\\u043c\\u0444\\u043e\\u0440\\u0442\\u043d\\u043e\\u0439 \\u043f\\u043e\\u043a\\u0443\\u043f\\u043a\\u0438 \\u043d\\u0443\\u0436\\u043d\\u044b\\u0445 \\u0432\\u0435\\u0449\\u0435\\u0439 \\u0438\\u043b\\u0438 \\u043f\\u043e\\u043b\\u0443\\u0447\\u0435\\u043d\\u0438\\u044f \\u0434\\u0435\\u043d\\u0435\\u0433 \\u0432 \\u043a\\u0440\\u0435\\u0434\\u0438\\u0442. \\u041d\\u043e \\u043a\\u0430\\u043a\\u0438\\u043c \\u0441\\u043f\\u043e\\u0441\\u043e\\u0431\\u043e\\u043c \\u0432\\u044b\\u0433\\u043e\\u0434\\u043d\\u0435\\u0435 \\u0441\\u043e\\u0432\\u0435\\u0440\\u0448\\u0430\\u0442\\u044c \\u043f\\u043e\\u043a\\u0443\\u043f\\u043a\\u0438: \\u0432 \\u0440\\u0430\\u0441\\u0441\\u0440\\u043e\\u0447\\u043a\\u0443 \\u0438\\u043b\\u0438 \\u043a\\u0440\\u0435\\u0434\\u0438\\u0442? \\u041f\\u0440\\u0430\\u0432\\u0434\\u0430 \\u043b\\u0438, \\u0447\\u0442\\u043e \\u0440\\u0430\\u0441\\u0441\\u0440\\u043e\\u0447\\u043a\\u0430 \\u044d\\u0442\\u043e \\u0431\\u0435\\u0441\\u043f\\u0440\\u043e\\u0446\\u0435\\u043d\\u0442\\u043d\\u044b\\u0439 \\u043a\\u0440\\u0435\\u0434\\u0438\\u0442, \\u0438\\u043b\\u0438 \\u0436\\u0435 \\u044d\\u0442\\u043e \\u0430\\u0431\\u0441\\u043e\\u043b\\u044e\\u0442\\u043d\\u043e \\u0434\\u0440\\u0443\\u0433\\u0430\\u044f \\u0441\\u0438\\u0441\\u0442\\u0435\\u043c\\u0430 \\u043f\\u043e\\u043a\\u0443\\u043f\\u043a\\u0438 \\u0442\\u043e\\u0432\\u0430\\u0440\\u043e\\u0432? \\u0427\\u0435\\u043c \\u043e\\u0442\\u043b\\u0438\\u0447\\u0430\\u0435\\u0442\\u0441\\u044f \\u043a\\u0440\\u0435\\u0434\\u0438\\u0442 \\u043e\\u0442 \\u0440\\u0430\\u0441\\u0441\\u0440\\u043e\\u0447\\u043a\\u0438? \\u041a\\u0430\\u043a\\u0438\\u0435 \\u0443 \\u043d\\u0438\\u0445 \\u043f\\u0440\\u0435\\u0438\\u043c\\u0443\\u0449\\u0435\\u0441\\u0442\\u0432\\u0430 \\u0438 \\u043d\\u0435\\u0434\\u043e\\u0441\\u0442\\u0430\\u0442\\u043a\\u0438?&lt;\\/p&gt;&lt;p&gt;&amp;nbsp;&lt;\\/p&gt;"}},"2":{"title":{"1":"\\u0431\\u0435\\u0441\\u043f\\u043b\\u0430\\u0442\\u043d\\u0430\\u044f \\u0434\\u043e\\u0441\\u0442\\u0430\\u0432\\u043a\\u0430","2":"\\u0431\\u0435\\u0441\\u043f\\u043b\\u0430\\u0442\\u043d\\u0430\\u044f \\u0434\\u043e\\u0441\\u0442\\u0430\\u0432\\u043a\\u0430"},"faicons_icons":"fa fa-truck","add_link":"","description":{"1":"&lt;p&gt;\\u041c\\u044b \\u043f\\u0440\\u0435\\u0434\\u043b\\u0430\\u0433\\u0430\\u0435\\u043c \\u0431\\u0435\\u0441\\u043f\\u043b\\u0430\\u0442\\u043d\\u0443\\u044e \\u0434\\u043e\\u0441\\u0442\\u0430\\u0432\\u043a\\u0443 \\u043f\\u0440\\u0438 \\u043f\\u043e\\u043a\\u0443\\u043f\\u043a\\u0435 \\u0442\\u043e\\u0432\\u0430\\u0440\\u043e\\u0432&amp;nbsp; \\u043f\\u043e \\u041c\\u043e\\u0441\\u043a\\u0432\\u0435 \\u0438 \\u0431\\u043e\\u043b\\u0435\\u0435 \\u0447\\u0435\\u043c \\u0432 4 000 \\u0433\\u043e\\u0440\\u043e\\u0434\\u043e\\u0432 \\u0438 \\u043d\\u0430\\u0441\\u0435\\u043b\\u0451\\u043d\\u043d\\u044b\\u0445 \\u043f\\u0443\\u043d\\u043a\\u0442\\u043e\\u0432 \\u0420\\u043e\\u0441\\u0441\\u0438\\u0438*.&lt;\\/p&gt;&lt;p&gt;\\u041f\\u043b\\u0430\\u0442\\u0438\\u0442\\u0435 \\u0442\\u043e\\u043b\\u044c\\u043a\\u043e \\u0437\\u0430 \\u043f\\u043e\\u043a\\u0443\\u043f\\u043a\\u0443, \\u0430 \\u0432\\u0441\\u0435 \\u0440\\u0430\\u0441\\u0445\\u043e\\u0434\\u044b \\u043f\\u043e \\u0434\\u043e\\u0441\\u0442\\u0430\\u0432\\u043a\\u0435 \\u043c\\u044b \\u0432\\u043e\\u0437\\u044c\\u043c\\u0451\\u043c \\u043d\\u0430 \\u0441\\u0435\\u0431\\u044f.&lt;\\/p&gt;&lt;p&gt;*\\u0430\\u043a\\u0446\\u0438\\u044f \\u0434\\u0435\\u0439\\u0441\\u0442\\u0432\\u0443\\u0435\\u0442 \\u0442\\u043e\\u043b\\u044c\\u043a\\u043e \\u043f\\u0440\\u0438 \\u043f\\u043e\\u043a\\u0443\\u043f\\u043a\\u0435 \\u043d\\u0430 \\u0441\\u0443\\u043c\\u043c\\u0443 \\u043e\\u0442 3000 \\u0440\\u0443\\u0431.&lt;\\/p&gt;","2":"&lt;p&gt;\\u041c\\u044b \\u043f\\u0440\\u0435\\u0434\\u043b\\u0430\\u0433\\u0430\\u0435\\u043c \\u0431\\u0435\\u0441\\u043f\\u043b\\u0430\\u0442\\u043d\\u0443\\u044e \\u0434\\u043e\\u0441\\u0442\\u0430\\u0432\\u043a\\u0443 \\u043f\\u0440\\u0438 \\u043f\\u043e\\u043a\\u0443\\u043f\\u043a\\u0435 \\u0442\\u043e\\u0432\\u0430\\u0440\\u043e\\u0432&amp;nbsp; \\u043f\\u043e \\u041c\\u043e\\u0441\\u043a\\u0432\\u0435 \\u0438 \\u0431\\u043e\\u043b\\u0435\\u0435 \\u0447\\u0435\\u043c \\u0432 4 000 \\u0433\\u043e\\u0440\\u043e\\u0434\\u043e\\u0432 \\u0438 \\u043d\\u0430\\u0441\\u0435\\u043b\\u0451\\u043d\\u043d\\u044b\\u0445 \\u043f\\u0443\\u043d\\u043a\\u0442\\u043e\\u0432 \\u0420\\u043e\\u0441\\u0441\\u0438\\u0438*.&lt;\\/p&gt;&lt;p&gt;\\u041f\\u043b\\u0430\\u0442\\u0438\\u0442\\u0435 \\u0442\\u043e\\u043b\\u044c\\u043a\\u043e \\u0437\\u0430 \\u043f\\u043e\\u043a\\u0443\\u043f\\u043a\\u0443, \\u0430 \\u0432\\u0441\\u0435 \\u0440\\u0430\\u0441\\u0445\\u043e\\u0434\\u044b \\u043f\\u043e \\u0434\\u043e\\u0441\\u0442\\u0430\\u0432\\u043a\\u0435 \\u043c\\u044b \\u0432\\u043e\\u0437\\u044c\\u043c\\u0451\\u043c \\u043d\\u0430 \\u0441\\u0435\\u0431\\u044f.&lt;\\/p&gt;&lt;p&gt;*\\u0430\\u043a\\u0446\\u0438\\u044f \\u0434\\u0435\\u0439\\u0441\\u0442\\u0432\\u0443\\u0435\\u0442 \\u0442\\u043e\\u043b\\u044c\\u043a\\u043e \\u043f\\u0440\\u0438 \\u043f\\u043e\\u043a\\u0443\\u043f\\u043a\\u0435 \\u043d\\u0430 \\u0441\\u0443\\u043c\\u043c\\u0443 \\u043e\\u0442 3000 \\u0440\\u0443\\u0431.&lt;\\/p&gt;"}},"3":{"title":{"1":"\\u0432\\u043e\\u0437\\u0432\\u0440\\u0430\\u0442 \\u0432 \\u0442\\u0435\\u0447\\u0435\\u043d\\u0438\\u0438 14 \\u0434\\u043d\\u0435\\u0439","2":"\\u0432\\u043e\\u0437\\u0432\\u0440\\u0430\\u0442 \\u0432 \\u0442\\u0435\\u0447\\u0435\\u043d\\u0438\\u0438 14 \\u0434\\u043d\\u0435\\u0439"},"faicons_icons":"fa fa-retweet","add_link":"","description":{"1":"&lt;p&gt;\\u0421\\u0442\\u0430\\u0442\\u044c\\u0435\\u0439 502 \\u0413\\u0440\\u0430\\u0436\\u0434\\u0430\\u043d\\u0441\\u043a\\u043e\\u0433\\u043e \\u043a\\u043e\\u0434\\u0435\\u043a\\u0441\\u0430 \\u0420\\u0424 \\u0438 \\u0441\\u0442\\u0430\\u0442\\u044c\\u0435\\u0439 25 \\u0437\\u0430\\u043a\\u043e\\u043d\\u0430 \\u00ab\\u041e \\u0437\\u0430\\u0449\\u0438\\u0442\\u0435 \\u043f\\u0440\\u0430\\u0432 \\u043f\\u043e\\u0442\\u0440\\u0435\\u0431\\u0438\\u0442\\u0435\\u043b\\u0435\\u0439\\u00bb \\u043f\\u043e\\u0442\\u0440\\u0435\\u0431\\u0438\\u0442\\u0435\\u043b\\u044e \\u043f\\u0440\\u0435\\u0434\\u043e\\u0441\\u0442\\u0430\\u0432\\u043b\\u044f\\u0435\\u0442\\u0441\\u044f \\u043f\\u0440\\u0430\\u0432\\u043e \\u043e\\u0431\\u043c\\u0435\\u043d\\u044f\\u0442\\u044c \\u0438\\u043b\\u0438 \\u0432\\u0435\\u0440\\u043d\\u0443\\u0442\\u044c \\u0442\\u043e\\u0432\\u0430\\u0440 \\u043f\\u0440\\u0438 \\u043e\\u0434\\u043d\\u043e\\u0432\\u0440\\u0435\\u043c\\u0435\\u043d\\u043d\\u043e\\u043c \\u0441\\u043e\\u0431\\u043b\\u044e\\u0434\\u0435\\u043d\\u0438\\u0438 \\u0441\\u043b\\u0435\\u0434\\u0443\\u044e\\u0449\\u0438\\u0445 \\u0443\\u0441\\u043b\\u043e\\u0432\\u0438\\u0439:&lt;\\/p&gt;&lt;p&gt;\\u2014 \\u0441 \\u043c\\u043e\\u043c\\u0435\\u043d\\u0442\\u0430 \\u043f\\u043e\\u043a\\u0443\\u043f\\u043a\\u0438 \\u043f\\u0440\\u043e\\u0448\\u043b\\u043e \\u043d\\u0435 \\u0431\\u043e\\u043b\\u0435\\u0435 14 \\u0434\\u043d\\u0435\\u0439 (\\u043d\\u0435 \\u0441\\u0447\\u0438\\u0442\\u0430\\u044f \\u0434\\u043d\\u044f \\u043f\\u043e\\u043a\\u0443\\u043f\\u043a\\u0438);&lt;br \\/&gt;\\u2014 \\u0442\\u043e\\u0432\\u0430\\u0440 \\u043d\\u0435\\u043f\\u0440\\u043e\\u0434\\u043e\\u0432\\u043e\\u043b\\u044c\\u0441\\u0442\\u0432\\u0435\\u043d\\u043d\\u044b\\u0439;&lt;br \\/&gt;\\u2014 \\u0441\\u043e\\u0445\\u0440\\u0430\\u043d\\u0435\\u043d\\u044b \\u043f\\u043e\\u0442\\u0440\\u0435\\u0431\\u0438\\u0442\\u0435\\u043b\\u044c\\u0441\\u043a\\u0438\\u0435 \\u0441\\u0432\\u043e\\u0439\\u0441\\u0442\\u0432\\u0430;&lt;br \\/&gt;\\u2014 \\u0438\\u043c\\u0435\\u044e\\u0442\\u0441\\u044f \\u0434\\u043e\\u043a\\u0430\\u0437\\u0430\\u0442\\u0435\\u043b\\u044c\\u0441\\u0442\\u0432\\u0430 \\u043f\\u0440\\u0438\\u043e\\u0431\\u0440\\u0435\\u0442\\u0435\\u043d\\u0438\\u044f \\u0442\\u043e\\u0432\\u0430\\u0440\\u0430 \\u0443 \\u0434\\u0430\\u043d\\u043d\\u043e\\u0433\\u043e \\u043f\\u0440\\u043e\\u0434\\u0430\\u0432\\u0446\\u0430: \\u0442\\u043e\\u0432\\u0430\\u0440\\u043d\\u044b\\u0439 \\u0438\\u043b\\u0438 \\u043a\\u0430\\u0441\\u0441\\u043e\\u0432\\u044b\\u0439 \\u0447\\u0435\\u043a, \\u0438\\u043d\\u043e\\u0439 \\u0434\\u043e\\u043a\\u0443\\u043c\\u0435\\u043d\\u0442, \\u043f\\u043e\\u0434\\u0442\\u0432\\u0435\\u0440\\u0436\\u0434\\u0430\\u044e\\u0449\\u0438\\u0439 \\u043e\\u043f\\u043b\\u0430\\u0442\\u0443 \\u0442\\u043e\\u0432\\u0430\\u0440\\u0430 (\\u0432 \\u0441\\u043b\\u0443\\u0447\\u0430\\u0435 \\u043f\\u043e\\u0442\\u0435\\u0440\\u0438 \\u0447\\u0435\\u043a\\u0430 \\u0438\\u043b\\u0438 \\u0438\\u043d\\u043e\\u0433\\u043e&lt;br \\/&gt;\\u2014 \\u0442\\u043e\\u0432\\u0430\\u0440 \\u043d\\u0435 \\u044f\\u0432\\u043b\\u044f\\u0435\\u0442\\u0441\\u044f \\u0442\\u0435\\u0445\\u043d\\u0438\\u0447\\u0435\\u0441\\u043a\\u0438 \\u0441\\u043b\\u043e\\u0436\\u043d\\u044b\\u043c.&lt;\\/p&gt;","2":"&lt;p&gt;\\u0421\\u0442\\u0430\\u0442\\u044c\\u0435\\u0439 502 \\u0413\\u0440\\u0430\\u0436\\u0434\\u0430\\u043d\\u0441\\u043a\\u043e\\u0433\\u043e \\u043a\\u043e\\u0434\\u0435\\u043a\\u0441\\u0430 \\u0420\\u0424 \\u0438 \\u0441\\u0442\\u0430\\u0442\\u044c\\u0435\\u0439 25 \\u0437\\u0430\\u043a\\u043e\\u043d\\u0430 \\u00ab\\u041e \\u0437\\u0430\\u0449\\u0438\\u0442\\u0435 \\u043f\\u0440\\u0430\\u0432 \\u043f\\u043e\\u0442\\u0440\\u0435\\u0431\\u0438\\u0442\\u0435\\u043b\\u0435\\u0439\\u00bb \\u043f\\u043e\\u0442\\u0440\\u0435\\u0431\\u0438\\u0442\\u0435\\u043b\\u044e \\u043f\\u0440\\u0435\\u0434\\u043e\\u0441\\u0442\\u0430\\u0432\\u043b\\u044f\\u0435\\u0442\\u0441\\u044f \\u043f\\u0440\\u0430\\u0432\\u043e \\u043e\\u0431\\u043c\\u0435\\u043d\\u044f\\u0442\\u044c \\u0438\\u043b\\u0438 \\u0432\\u0435\\u0440\\u043d\\u0443\\u0442\\u044c \\u0442\\u043e\\u0432\\u0430\\u0440 \\u043f\\u0440\\u0438 \\u043e\\u0434\\u043d\\u043e\\u0432\\u0440\\u0435\\u043c\\u0435\\u043d\\u043d\\u043e\\u043c \\u0441\\u043e\\u0431\\u043b\\u044e\\u0434\\u0435\\u043d\\u0438\\u0438 \\u0441\\u043b\\u0435\\u0434\\u0443\\u044e\\u0449\\u0438\\u0445 \\u0443\\u0441\\u043b\\u043e\\u0432\\u0438\\u0439:&lt;\\/p&gt;&lt;p&gt;\\u2014 \\u0441 \\u043c\\u043e\\u043c\\u0435\\u043d\\u0442\\u0430 \\u043f\\u043e\\u043a\\u0443\\u043f\\u043a\\u0438 \\u043f\\u0440\\u043e\\u0448\\u043b\\u043e \\u043d\\u0435 \\u0431\\u043e\\u043b\\u0435\\u0435 14 \\u0434\\u043d\\u0435\\u0439 (\\u043d\\u0435 \\u0441\\u0447\\u0438\\u0442\\u0430\\u044f \\u0434\\u043d\\u044f \\u043f\\u043e\\u043a\\u0443\\u043f\\u043a\\u0438);&lt;br \\/&gt;\\u2014 \\u0442\\u043e\\u0432\\u0430\\u0440 \\u043d\\u0435\\u043f\\u0440\\u043e\\u0434\\u043e\\u0432\\u043e\\u043b\\u044c\\u0441\\u0442\\u0432\\u0435\\u043d\\u043d\\u044b\\u0439;&lt;br \\/&gt;\\u2014 \\u0441\\u043e\\u0445\\u0440\\u0430\\u043d\\u0435\\u043d\\u044b \\u043f\\u043e\\u0442\\u0440\\u0435\\u0431\\u0438\\u0442\\u0435\\u043b\\u044c\\u0441\\u043a\\u0438\\u0435 \\u0441\\u0432\\u043e\\u0439\\u0441\\u0442\\u0432\\u0430;&lt;br \\/&gt;\\u2014 \\u0438\\u043c\\u0435\\u044e\\u0442\\u0441\\u044f \\u0434\\u043e\\u043a\\u0430\\u0437\\u0430\\u0442\\u0435\\u043b\\u044c\\u0441\\u0442\\u0432\\u0430 \\u043f\\u0440\\u0438\\u043e\\u0431\\u0440\\u0435\\u0442\\u0435\\u043d\\u0438\\u044f \\u0442\\u043e\\u0432\\u0430\\u0440\\u0430 \\u0443 \\u0434\\u0430\\u043d\\u043d\\u043e\\u0433\\u043e \\u043f\\u0440\\u043e\\u0434\\u0430\\u0432\\u0446\\u0430: \\u0442\\u043e\\u0432\\u0430\\u0440\\u043d\\u044b\\u0439 \\u0438\\u043b\\u0438 \\u043a\\u0430\\u0441\\u0441\\u043e\\u0432\\u044b\\u0439 \\u0447\\u0435\\u043a, \\u0438\\u043d\\u043e\\u0439 \\u0434\\u043e\\u043a\\u0443\\u043c\\u0435\\u043d\\u0442, \\u043f\\u043e\\u0434\\u0442\\u0432\\u0435\\u0440\\u0436\\u0434\\u0430\\u044e\\u0449\\u0438\\u0439 \\u043e\\u043f\\u043b\\u0430\\u0442\\u0443 \\u0442\\u043e\\u0432\\u0430\\u0440\\u0430 (\\u0432 \\u0441\\u043b\\u0443\\u0447\\u0430\\u0435 \\u043f\\u043e\\u0442\\u0435\\u0440\\u0438 \\u0447\\u0435\\u043a\\u0430 \\u0438\\u043b\\u0438 \\u0438\\u043d\\u043e\\u0433\\u043e&lt;br \\/&gt;\\u2014 \\u0442\\u043e\\u0432\\u0430\\u0440 \\u043d\\u0435 \\u044f\\u0432\\u043b\\u044f\\u0435\\u0442\\u0441\\u044f \\u0442\\u0435\\u0445\\u043d\\u0438\\u0447\\u0435\\u0441\\u043a\\u0438 \\u0441\\u043b\\u043e\\u0436\\u043d\\u044b\\u043c.&lt;\\/p&gt;"}},"4":{"title":{"1":"\\u043f\\u043e\\u0434\\u0430\\u0440\\u043a\\u0438 \\u043f\\u0440\\u0438 \\u043f\\u043e\\u043a\\u0443\\u043f\\u043a\\u0435","2":"\\u043f\\u043e\\u0434\\u0430\\u0440\\u043a\\u0438 \\u043f\\u0440\\u0438 \\u043f\\u043e\\u043a\\u0443\\u043f\\u043a\\u0435"},"faicons_icons":"fa fa-gift","add_link":"","description":{"1":"&lt;p&gt;\\u041f\\u043e\\u0434\\u0430\\u0440\\u043a\\u0438 \\u0432\\u0430\\u043c \\u0438 \\u0432\\u0430\\u0448\\u0438\\u043c \\u0431\\u043b\\u0438\\u0437\\u043a\\u0438\\u043c \\u043d\\u0430 \\u0441\\u0443\\u043c\\u043c\\u0443 \\u0434\\u043e 20 000 \\u20bd \\u043f\\u0440\\u0438 \\u043f\\u043e\\u043a\\u0443\\u043f\\u043a\\u0435 Samsung Galaxy.&lt;br \\/&gt;\\u0412\\u044b\\u0431\\u0438\\u0440\\u0430\\u0439\\u0442\\u0435 \\u0441\\u043c\\u0430\\u0440\\u0442\\u0444\\u043e\\u043d \\u0438 \\u043f\\u043e\\u0434\\u0430\\u0440\\u043a\\u0438 \\u043d\\u0430 \\u0443\\u043a\\u0430\\u0437\\u0430\\u043d\\u043d\\u0443\\u044e \\u0441\\u0443\\u043c\\u043c\\u0443.&lt;\\/p&gt;&lt;p&gt;\\u0421\\u043a\\u0438\\u0434\\u043a\\u0430 \\u0440\\u0430\\u0441\\u0441\\u0447\\u0438\\u0442\\u0430\\u0435\\u0442\\u0441\\u044f \\u0430\\u0432\\u0442\\u043e\\u043c\\u0430\\u0442\\u0438\\u0447\\u0435\\u0441\\u043a\\u0438.&lt;\\/p&gt;","2":"&lt;p&gt;\\u041f\\u043e\\u0434\\u0430\\u0440\\u043a\\u0438 \\u0432\\u0430\\u043c \\u0438 \\u0432\\u0430\\u0448\\u0438\\u043c \\u0431\\u043b\\u0438\\u0437\\u043a\\u0438\\u043c \\u043d\\u0430 \\u0441\\u0443\\u043c\\u043c\\u0443 \\u0434\\u043e 20 000 \\u20bd \\u043f\\u0440\\u0438 \\u043f\\u043e\\u043a\\u0443\\u043f\\u043a\\u0435 Samsung Galaxy.&lt;br \\/&gt;\\u0412\\u044b\\u0431\\u0438\\u0440\\u0430\\u0439\\u0442\\u0435 \\u0441\\u043c\\u0430\\u0440\\u0442\\u0444\\u043e\\u043d \\u0438 \\u043f\\u043e\\u0434\\u0430\\u0440\\u043a\\u0438 \\u043d\\u0430 \\u0443\\u043a\\u0430\\u0437\\u0430\\u043d\\u043d\\u0443\\u044e \\u0441\\u0443\\u043c\\u043c\\u0443.&lt;\\/p&gt;&lt;p&gt;\\u0421\\u043a\\u0438\\u0434\\u043a\\u0430 \\u0440\\u0430\\u0441\\u0441\\u0447\\u0438\\u0442\\u0430\\u0435\\u0442\\u0441\\u044f \\u0430\\u0432\\u0442\\u043e\\u043c\\u0430\\u0442\\u0438\\u0447\\u0435\\u0441\\u043a\\u0438.&lt;\\/p&gt;"}}}', '1');
INSERT INTO `PREFIX_DB_setting` (`setting_id`, `store_id`, `code`, `key`, `value`, `serialized`) VALUES ('552021', '0', 'aridius_icons', 'aridius_icons_popup', '1', '0');
INSERT INTO `PREFIX_DB_setting` (`setting_id`, `store_id`, `code`, `key`, `value`, `serialized`) VALUES ('552022', '0', 'aridius_icons', 'aridius_icons_link', '0', '0');
INSERT INTO `PREFIX_DB_setting` (`setting_id`, `store_id`, `code`, `key`, `value`, `serialized`) VALUES ('552023', '0', 'aridius_icons', 'aridius_icons_colico', '1', '0');
INSERT INTO `PREFIX_DB_setting` (`setting_id`, `store_id`, `code`, `key`, `value`, `serialized`) VALUES ('552024', '0', 'aridius_icons', 'aridius_icons_status', '1', '0');
INSERT INTO `PREFIX_DB_setting` (`setting_id`, `store_id`, `code`, `key`, `value`, `serialized`) VALUES ('619551', '0', 'aurus', 'aurus_mail_header', '{"1":"aurus@bk.ru","2":"aurus@bk.ru"}', '1');
INSERT INTO `PREFIX_DB_setting` (`setting_id`, `store_id`, `code`, `key`, `value`, `serialized`) VALUES ('619552', '0', 'aurus', 'aurus_address', '{"1":"\\u0433. \\u041c\\u043e\\u0441\\u043a\\u0432\\u0430 \\u0443\\u043b. \\u0410\\u0437\\u043e\\u0432\\u0441\\u043a\\u0430\\u044f, 25","2":"\\u0433. \\u041c\\u043e\\u0441\\u043a\\u0432\\u0430 \\u0443\\u043b. \\u0410\\u0437\\u043e\\u0432\\u0441\\u043a\\u0430\\u044f, 25"}', '1');
INSERT INTO `PREFIX_DB_setting` (`setting_id`, `store_id`, `code`, `key`, `value`, `serialized`) VALUES ('619553', '0', 'aurus', 'aurus_work_time', 'Пн-Пт с 8 до 21', '0');
INSERT INTO `PREFIX_DB_setting` (`setting_id`, `store_id`, `code`, `key`, `value`, `serialized`) VALUES ('619554', '0', 'aurus', 'aurus_work_time1', 'Сб с 8 до 21', '0');
INSERT INTO `PREFIX_DB_setting` (`setting_id`, `store_id`, `code`, `key`, `value`, `serialized`) VALUES ('619555', '0', 'aurus', 'aurus_work_time2', 'Вс Выходной', '0');
INSERT INTO `PREFIX_DB_setting` (`setting_id`, `store_id`, `code`, `key`, `value`, `serialized`) VALUES ('619556', '0', 'aurus', 'aurus_preloader', '1', '0');
INSERT INTO `PREFIX_DB_setting` (`setting_id`, `store_id`, `code`, `key`, `value`, `serialized`) VALUES ('619557', '0', 'aurus', 'aurus_show_options', '1', '0');
INSERT INTO `PREFIX_DB_setting` (`setting_id`, `store_id`, `code`, `key`, `value`, `serialized`) VALUES ('619558', '0', 'aurus', 'aurus_limit_atr', '5', '0');
INSERT INTO `PREFIX_DB_setting` (`setting_id`, `store_id`, `code`, `key`, `value`, `serialized`) VALUES ('619559', '0', 'aurus', 'aurus_limit_symbolst', '55', '0');
INSERT INTO `PREFIX_DB_setting` (`setting_id`, `store_id`, `code`, `key`, `value`, `serialized`) VALUES ('619560', '0', 'aurus', 'aurus_height_symbolst', '48', '0');
INSERT INTO `PREFIX_DB_setting` (`setting_id`, `store_id`, `code`, `key`, `value`, `serialized`) VALUES ('619561', '0', 'aurus', 'aurus_border_cart', '4', '0');
INSERT INTO `PREFIX_DB_setting` (`setting_id`, `store_id`, `code`, `key`, `value`, `serialized`) VALUES ('619562', '0', 'aurus', 'aurus_border_stickers', '130', '0');
INSERT INTO `PREFIX_DB_setting` (`setting_id`, `store_id`, `code`, `key`, `value`, `serialized`) VALUES ('619563', '0', 'aurus', 'aurus_show_cart', '0', '0');
INSERT INTO `PREFIX_DB_setting` (`setting_id`, `store_id`, `code`, `key`, `value`, `serialized`) VALUES ('619564', '0', 'aurus', 'aurus_show_price', '0', '0');
INSERT INTO `PREFIX_DB_setting` (`setting_id`, `store_id`, `code`, `key`, `value`, `serialized`) VALUES ('619565', '0', 'aurus', 'aurus_callleft', '0', '0');
INSERT INTO `PREFIX_DB_setting` (`setting_id`, `store_id`, `code`, `key`, `value`, `serialized`) VALUES ('619566', '0', 'aurus', 'aurus_callleftr', '0', '0');
INSERT INTO `PREFIX_DB_setting` (`setting_id`, `store_id`, `code`, `key`, `value`, `serialized`) VALUES ('619567', '0', 'aurus', 'aurus_wishlist_cat', '0', '0');
INSERT INTO `PREFIX_DB_setting` (`setting_id`, `store_id`, `code`, `key`, `value`, `serialized`) VALUES ('619568', '0', 'aurus', 'aurus_compare_cat', '0', '0');
INSERT INTO `PREFIX_DB_setting` (`setting_id`, `store_id`, `code`, `key`, `value`, `serialized`) VALUES ('619569', '0', 'aurus', 'aurus_description_cat', '1', '0');
INSERT INTO `PREFIX_DB_setting` (`setting_id`, `store_id`, `code`, `key`, `value`, `serialized`) VALUES ('619570', '0', 'aurus', 'aurus_description_catsm', '1', '0');
INSERT INTO `PREFIX_DB_setting` (`setting_id`, `store_id`, `code`, `key`, `value`, `serialized`) VALUES ('619571', '0', 'aurus', 'aurus_atr_cat', '0', '0');
INSERT INTO `PREFIX_DB_setting` (`setting_id`, `store_id`, `code`, `key`, `value`, `serialized`) VALUES ('619572', '0', 'aurus', 'aurus_atr_catsm', '0', '0');
INSERT INTO `PREFIX_DB_setting` (`setting_id`, `store_id`, `code`, `key`, `value`, `serialized`) VALUES ('619573', '0', 'aurus', 'aurus_rating_cat', '0', '0');
INSERT INTO `PREFIX_DB_setting` (`setting_id`, `store_id`, `code`, `key`, `value`, `serialized`) VALUES ('619574', '0', 'aurus', 'aurus_arrowup', '0', '0');
INSERT INTO `PREFIX_DB_setting` (`setting_id`, `store_id`, `code`, `key`, `value`, `serialized`) VALUES ('619575', '0', 'aurus', 'aurus_arrowup_lr', '0', '0');
INSERT INTO `PREFIX_DB_setting` (`setting_id`, `store_id`, `code`, `key`, `value`, `serialized`) VALUES ('619576', '0', 'aurus', 'aurus_arrowup_mobile', '0', '0');
INSERT INTO `PREFIX_DB_setting` (`setting_id`, `store_id`, `code`, `key`, `value`, `serialized`) VALUES ('619534', '0', 'aurus', 'aurus_pr_attribute_seeall', '{"1":"\\u0441\\u043c\\u043e\\u0442\\u0440\\u0435\\u0442\\u044c \\u0432\\u0441\\u0435","2":"\\u0441\\u043c\\u043e\\u0442\\u0440\\u0435\\u0442\\u044c \\u0432\\u0441\\u0435"}', '1');
INSERT INTO `PREFIX_DB_setting` (`setting_id`, `store_id`, `code`, `key`, `value`, `serialized`) VALUES ('619533', '0', 'aurus', 'aurus_attribute_see', '5', '0');
INSERT INTO `PREFIX_DB_setting` (`setting_id`, `store_id`, `code`, `key`, `value`, `serialized`) VALUES ('619531', '0', 'aurus', 'aurus_show_attribute', '0', '0');
INSERT INTO `PREFIX_DB_setting` (`setting_id`, `store_id`, `code`, `key`, `value`, `serialized`) VALUES ('619532', '0', 'aurus', 'aurus_attribute_line', '0', '0');
INSERT INTO `PREFIX_DB_setting` (`setting_id`, `store_id`, `code`, `key`, `value`, `serialized`) VALUES ('619530', '0', 'aurus', 'aurus_product_mpn', '{"1":"","2":""}', '1');
INSERT INTO `PREFIX_DB_setting` (`setting_id`, `store_id`, `code`, `key`, `value`, `serialized`) VALUES ('619529', '0', 'aurus', 'aurus_product_isbn', '{"1":"","2":""}', '1');
INSERT INTO `PREFIX_DB_setting` (`setting_id`, `store_id`, `code`, `key`, `value`, `serialized`) VALUES ('619526', '0', 'aurus', 'aurus_product_upc', '{"1":"","2":""}', '1');
INSERT INTO `PREFIX_DB_setting` (`setting_id`, `store_id`, `code`, `key`, `value`, `serialized`) VALUES ('619527', '0', 'aurus', 'aurus_product_ean', '{"1":"","2":""}', '1');
INSERT INTO `PREFIX_DB_setting` (`setting_id`, `store_id`, `code`, `key`, `value`, `serialized`) VALUES ('619528', '0', 'aurus', 'aurus_product_jan', '{"1":"","2":""}', '1');
INSERT INTO `PREFIX_DB_setting` (`setting_id`, `store_id`, `code`, `key`, `value`, `serialized`) VALUES ('619525', '0', 'aurus', 'aurus_product_sku', '{"1":"","2":""}', '1');
INSERT INTO `PREFIX_DB_setting` (`setting_id`, `store_id`, `code`, `key`, `value`, `serialized`) VALUES ('619524', '0', 'aurus', 'aurus_product_show_mpn', '1', '0');
INSERT INTO `PREFIX_DB_setting` (`setting_id`, `store_id`, `code`, `key`, `value`, `serialized`) VALUES ('619523', '0', 'aurus', 'aurus_product_show_isbn', '0', '0');
INSERT INTO `PREFIX_DB_setting` (`setting_id`, `store_id`, `code`, `key`, `value`, `serialized`) VALUES ('619522', '0', 'aurus', 'aurus_product_show_jan', '1', '0');
INSERT INTO `PREFIX_DB_setting` (`setting_id`, `store_id`, `code`, `key`, `value`, `serialized`) VALUES ('619521', '0', 'aurus', 'aurus_product_show_ean', '1', '0');
INSERT INTO `PREFIX_DB_setting` (`setting_id`, `store_id`, `code`, `key`, `value`, `serialized`) VALUES ('619520', '0', 'aurus', 'aurus_product_show_upc', '1', '0');
INSERT INTO `PREFIX_DB_setting` (`setting_id`, `store_id`, `code`, `key`, `value`, `serialized`) VALUES ('619519', '0', 'aurus', 'aurus_product_show_sku', '1', '0');
INSERT INTO `PREFIX_DB_setting` (`setting_id`, `store_id`, `code`, `key`, `value`, `serialized`) VALUES ('619518', '0', 'aurus', 'aurus_share', '', '0');
INSERT INTO `PREFIX_DB_setting` (`setting_id`, `store_id`, `code`, `key`, `value`, `serialized`) VALUES ('619517', '0', 'aurus', 'aurus_product_show_share', '1', '0');
INSERT INTO `PREFIX_DB_setting` (`setting_id`, `store_id`, `code`, `key`, `value`, `serialized`) VALUES ('619515', '0', 'aurus', 'aurus_product_clone_width', '99', '0');
INSERT INTO `PREFIX_DB_setting` (`setting_id`, `store_id`, `code`, `key`, `value`, `serialized`) VALUES ('619516', '0', 'aurus', 'aurus_product_clone_height', '99', '0');
INSERT INTO `PREFIX_DB_setting` (`setting_id`, `store_id`, `code`, `key`, `value`, `serialized`) VALUES ('619514', '0', 'aurus', 'aurus_product_optionimg_height', '30', '0');
INSERT INTO `PREFIX_DB_setting` (`setting_id`, `store_id`, `code`, `key`, `value`, `serialized`) VALUES ('619513', '0', 'aurus', 'aurus_product_optionimg_width', '30', '0');
INSERT INTO `PREFIX_DB_setting` (`setting_id`, `store_id`, `code`, `key`, `value`, `serialized`) VALUES ('619512', '0', 'aurus', 'aurus_options_prise', '1', '0');
INSERT INTO `PREFIX_DB_setting` (`setting_id`, `store_id`, `code`, `key`, `value`, `serialized`) VALUES ('619511', '0', 'aurus', 'aurus_options_mainimg', '0', '0');
INSERT INTO `PREFIX_DB_setting` (`setting_id`, `store_id`, `code`, `key`, `value`, `serialized`) VALUES ('619510', '0', 'aurus', 'aurus_product_man_height', '80', '0');
INSERT INTO `PREFIX_DB_setting` (`setting_id`, `store_id`, `code`, `key`, `value`, `serialized`) VALUES ('619509', '0', 'aurus', 'aurus_product_man_width', '80', '0');
INSERT INTO `PREFIX_DB_setting` (`setting_id`, `store_id`, `code`, `key`, `value`, `serialized`) VALUES ('619508', '0', 'aurus', 'aurus_product_sticky_menu', '0', '0');
INSERT INTO `PREFIX_DB_setting` (`setting_id`, `store_id`, `code`, `key`, `value`, `serialized`) VALUES ('619507', '0', 'aurus', 'aurus_product_timer', '0', '0');
INSERT INTO `PREFIX_DB_setting` (`setting_id`, `store_id`, `code`, `key`, `value`, `serialized`) VALUES ('619506', '0', 'aurus', 'aurus_product_raiting', '5', '0');
INSERT INTO `PREFIX_DB_setting` (`setting_id`, `store_id`, `code`, `key`, `value`, `serialized`) VALUES ('619505', '0', 'aurus', 'aurus_product_man_img', '0', '0');
INSERT INTO `PREFIX_DB_setting` (`setting_id`, `store_id`, `code`, `key`, `value`, `serialized`) VALUES ('619504', '0', 'aurus', 'aurus_product_kod_tovara', '0', '0');
INSERT INTO `PREFIX_DB_setting` (`setting_id`, `store_id`, `code`, `key`, `value`, `serialized`) VALUES ('619503', '0', 'aurus', 'aurus_product_weight', '1', '0');
INSERT INTO `PREFIX_DB_setting` (`setting_id`, `store_id`, `code`, `key`, `value`, `serialized`) VALUES ('619502', '0', 'aurus', 'aurus_product_size', '1', '0');
INSERT INTO `PREFIX_DB_setting` (`setting_id`, `store_id`, `code`, `key`, `value`, `serialized`) VALUES ('619501', '0', 'aurus', 'aurus_product_stock', '0', '0');
INSERT INTO `PREFIX_DB_setting` (`setting_id`, `store_id`, `code`, `key`, `value`, `serialized`) VALUES ('619500', '0', 'aurus', 'aurus_img_colleft', '0', '0');
INSERT INTO `PREFIX_DB_setting` (`setting_id`, `store_id`, `code`, `key`, `value`, `serialized`) VALUES ('619499', '0', 'aurus', 'aurus_show_tablsize', '1', '0');
INSERT INTO `PREFIX_DB_setting` (`setting_id`, `store_id`, `code`, `key`, `value`, `serialized`) VALUES ('619498', '0', 'aurus', 'aurus_show_stsale', '1', '0');
INSERT INTO `PREFIX_DB_setting` (`setting_id`, `store_id`, `code`, `key`, `value`, `serialized`) VALUES ('619497', '0', 'aurus', 'aurus_show_saving', '0', '0');
INSERT INTO `PREFIX_DB_setting` (`setting_id`, `store_id`, `code`, `key`, `value`, `serialized`) VALUES ('619496', '0', 'aurus', 'aurus_imageadd_nav', '0', '0');
INSERT INTO `PREFIX_DB_setting` (`setting_id`, `store_id`, `code`, `key`, `value`, `serialized`) VALUES ('619495', '0', 'aurus', 'aurus_imageadd_hover', '1', '0');
INSERT INTO `PREFIX_DB_setting` (`setting_id`, `store_id`, `code`, `key`, `value`, `serialized`) VALUES ('619494', '0', 'aurus', 'aurus_imageadd_vertical', '0', '0');
INSERT INTO `PREFIX_DB_setting` (`setting_id`, `store_id`, `code`, `key`, `value`, `serialized`) VALUES ('619493', '0', 'aurus', 'aurus_imageadd_q', '8', '0');
INSERT INTO `PREFIX_DB_setting` (`setting_id`, `store_id`, `code`, `key`, `value`, `serialized`) VALUES ('619492', '0', 'aurus', 'aurus_show_tab_img', '0', '0');
INSERT INTO `PREFIX_DB_setting` (`setting_id`, `store_id`, `code`, `key`, `value`, `serialized`) VALUES ('619491', '0', 'aurus', 'aurus_man', '0', '0');
INSERT INTO `PREFIX_DB_setting` (`setting_id`, `store_id`, `code`, `key`, `value`, `serialized`) VALUES ('619490', '0', 'aurus', 'aurus_rating_pr', '0', '0');
INSERT INTO `PREFIX_DB_setting` (`setting_id`, `store_id`, `code`, `key`, `value`, `serialized`) VALUES ('619489', '0', 'aurus', 'aurus_chars_desc', '190', '0');
INSERT INTO `PREFIX_DB_setting` (`setting_id`, `store_id`, `code`, `key`, `value`, `serialized`) VALUES ('619488', '0', 'aurus', 'aurus_short_desc', '1', '0');
INSERT INTO `PREFIX_DB_setting` (`setting_id`, `store_id`, `code`, `key`, `value`, `serialized`) VALUES ('619487', '0', 'aurus', 'aurus_st_cart', '0', '0');
INSERT INTO `PREFIX_DB_setting` (`setting_id`, `store_id`, `code`, `key`, `value`, `serialized`) VALUES ('619486', '0', 'aurus', 'aurus_elevatezoom', '0', '0');
INSERT INTO `PREFIX_DB_setting` (`setting_id`, `store_id`, `code`, `key`, `value`, `serialized`) VALUES ('619485', '0', 'aurus', 'aurus_categories_limit_height', '150', '0');
INSERT INTO `PREFIX_DB_setting` (`setting_id`, `store_id`, `code`, `key`, `value`, `serialized`) VALUES ('619484', '0', 'aurus', 'aurus_categories_limit', '2200', '0');
INSERT INTO `PREFIX_DB_setting` (`setting_id`, `store_id`, `code`, `key`, `value`, `serialized`) VALUES ('619483', '0', 'aurus', 'aurus_description_length', '0', '0');
INSERT INTO `PREFIX_DB_setting` (`setting_id`, `store_id`, `code`, `key`, `value`, `serialized`) VALUES ('619482', '0', 'aurus', 'aurus_sort_cat', '0', '0');
INSERT INTO `PREFIX_DB_setting` (`setting_id`, `store_id`, `code`, `key`, `value`, `serialized`) VALUES ('619481', '0', 'aurus', 'aurus_count_cat', '0', '0');
INSERT INTO `PREFIX_DB_setting` (`setting_id`, `store_id`, `code`, `key`, `value`, `serialized`) VALUES ('619480', '0', 'aurus', 'aurus_categories_2lv_height', '100', '0');
INSERT INTO `PREFIX_DB_setting` (`setting_id`, `store_id`, `code`, `key`, `value`, `serialized`) VALUES ('619479', '0', 'aurus', 'aurus_categories_2lv_width', '165', '0');
INSERT INTO `PREFIX_DB_setting` (`setting_id`, `store_id`, `code`, `key`, `value`, `serialized`) VALUES ('619478', '0', 'aurus', 'aurus_categories_2lv', '0', '0');
INSERT INTO `PREFIX_DB_setting` (`setting_id`, `store_id`, `code`, `key`, `value`, `serialized`) VALUES ('619477', '0', 'aurus', 'aurus_categories_2lvshow', '0', '0');
INSERT INTO `PREFIX_DB_setting` (`setting_id`, `store_id`, `code`, `key`, `value`, `serialized`) VALUES ('619475', '0', 'aurus', 'aurus_categories_img', '1', '0');
INSERT INTO `PREFIX_DB_setting` (`setting_id`, `store_id`, `code`, `key`, `value`, `serialized`) VALUES ('619476', '0', 'aurus', 'aurus_description_pg1', '0', '0');
INSERT INTO `PREFIX_DB_setting` (`setting_id`, `store_id`, `code`, `key`, `value`, `serialized`) VALUES ('619474', '0', 'aurus', 'aurus_description_top_or_bot', '0', '0');
INSERT INTO `PREFIX_DB_setting` (`setting_id`, `store_id`, `code`, `key`, `value`, `serialized`) VALUES ('619473', '0', 'aurus', 'aurus_sticker_product_top_viewed', '', '0');
INSERT INTO `PREFIX_DB_setting` (`setting_id`, `store_id`, `code`, `key`, `value`, `serialized`) VALUES ('619472', '0', 'aurus', 'aurus_sticker_product_top_rating', '5', '0');
INSERT INTO `PREFIX_DB_setting` (`setting_id`, `store_id`, `code`, `key`, `value`, `serialized`) VALUES ('619471', '0', 'aurus', 'aurus_sticker_product_top_ratinr', '1', '0');
INSERT INTO `PREFIX_DB_setting` (`setting_id`, `store_id`, `code`, `key`, `value`, `serialized`) VALUES ('619464', '0', 'aurus', 'aurus_name_sticker_menu_sale', '{"1":"SALE","2":"SALE"}', '1');
INSERT INTO `PREFIX_DB_setting` (`setting_id`, `store_id`, `code`, `key`, `value`, `serialized`) VALUES ('619465', '0', 'aurus', 'aurus_sticker_sale_product_auto', '0', '0');
INSERT INTO `PREFIX_DB_setting` (`setting_id`, `store_id`, `code`, `key`, `value`, `serialized`) VALUES ('619466', '0', 'aurus', 'aurus_sticker_new_product_auto', '1', '0');
INSERT INTO `PREFIX_DB_setting` (`setting_id`, `store_id`, `code`, `key`, `value`, `serialized`) VALUES ('619467', '0', 'aurus', 'aurus_sticker_top_product_auto', '1', '0');
INSERT INTO `PREFIX_DB_setting` (`setting_id`, `store_id`, `code`, `key`, `value`, `serialized`) VALUES ('619468', '0', 'aurus', 'aurus_name_sticker_product_new', '{"1":"NEW","2":"NEW"}', '1');
INSERT INTO `PREFIX_DB_setting` (`setting_id`, `store_id`, `code`, `key`, `value`, `serialized`) VALUES ('619469', '0', 'aurus', 'aurus_name_sticker_product_top', '{"1":"TOP","2":"TOP"}', '1');
INSERT INTO `PREFIX_DB_setting` (`setting_id`, `store_id`, `code`, `key`, `value`, `serialized`) VALUES ('619470', '0', 'aurus', 'aurus_sticker_product_new_day', '100', '0');
INSERT INTO `PREFIX_DB_setting` (`setting_id`, `store_id`, `code`, `key`, `value`, `serialized`) VALUES ('619463', '0', 'aurus', 'aurus_name_sticker_menu_top', '{"1":"TOP","2":"TOP"}', '1');
INSERT INTO `PREFIX_DB_setting` (`setting_id`, `store_id`, `code`, `key`, `value`, `serialized`) VALUES ('619462', '0', 'aurus', 'aurus_name_sticker_menu_new', '{"1":"NEW","2":"NEW"}', '1');
INSERT INTO `PREFIX_DB_setting` (`setting_id`, `store_id`, `code`, `key`, `value`, `serialized`) VALUES ('619461', '0', 'aurus', 'aurus_sticker_menu', '0', '0');
INSERT INTO `PREFIX_DB_setting` (`setting_id`, `store_id`, `code`, `key`, `value`, `serialized`) VALUES ('619460', '0', 'aurus', 'aurus_mob_account', '0', '0');
INSERT INTO `PREFIX_DB_setting` (`setting_id`, `store_id`, `code`, `key`, `value`, `serialized`) VALUES ('619459', '0', 'aurus', 'aurus_mob_cart', '0', '0');
INSERT INTO `PREFIX_DB_setting` (`setting_id`, `store_id`, `code`, `key`, `value`, `serialized`) VALUES ('619457', '0', 'aurus', 'aurus_mob_mail', '0', '0');
INSERT INTO `PREFIX_DB_setting` (`setting_id`, `store_id`, `code`, `key`, `value`, `serialized`) VALUES ('619441', '0', 'aurus', 'aurus_seevmenu_menu', '1', '0');
INSERT INTO `PREFIX_DB_setting` (`setting_id`, `store_id`, `code`, `key`, `value`, `serialized`) VALUES ('619442', '0', 'aurus', 'aurus_seevmenu_menu_open', '1', '0');
INSERT INTO `PREFIX_DB_setting` (`setting_id`, `store_id`, `code`, `key`, `value`, `serialized`) VALUES ('610369', '0', 'config', 'config_language', 'ru-ru', '0');
INSERT INTO `PREFIX_DB_setting` (`setting_id`, `store_id`, `code`, `key`, `value`, `serialized`) VALUES ('610368', '0', 'config', 'config_zone_id', '2785', '0');
INSERT INTO `PREFIX_DB_setting` (`setting_id`, `store_id`, `code`, `key`, `value`, `serialized`) VALUES ('610367', '0', 'config', 'config_country_id', '176', '0');
INSERT INTO `PREFIX_DB_setting` (`setting_id`, `store_id`, `code`, `key`, `value`, `serialized`) VALUES ('610366', '0', 'config', 'config_image', '', '0');
INSERT INTO `PREFIX_DB_setting` (`setting_id`, `store_id`, `code`, `key`, `value`, `serialized`) VALUES ('610365', '0', 'config', 'config_fax', '', '0');
INSERT INTO `PREFIX_DB_setting` (`setting_id`, `store_id`, `code`, `key`, `value`, `serialized`) VALUES ('610364', '0', 'config', 'config_telephone', '123456789', '0');
INSERT INTO `PREFIX_DB_setting` (`setting_id`, `store_id`, `code`, `key`, `value`, `serialized`) VALUES ('610363', '0', 'config', 'config_email', 'gt.xxxx87@gmail.com', '0');
INSERT INTO `PREFIX_DB_setting` (`setting_id`, `store_id`, `code`, `key`, `value`, `serialized`) VALUES ('610360', '0', 'config', 'config_theme', 'aurus', '0');
INSERT INTO `PREFIX_DB_setting` (`setting_id`, `store_id`, `code`, `key`, `value`, `serialized`) VALUES ('610361', '0', 'config', 'config_layout_id', '4', '0');
INSERT INTO `PREFIX_DB_setting` (`setting_id`, `store_id`, `code`, `key`, `value`, `serialized`) VALUES ('610362', '0', 'config', 'config_geocode', '54.718681,20.499113', '0');
INSERT INTO `PREFIX_DB_setting` (`setting_id`, `store_id`, `code`, `key`, `value`, `serialized`) VALUES ('619458', '0', 'aurus', 'aurus_mob_address', '0', '0');
INSERT INTO `PREFIX_DB_setting` (`setting_id`, `store_id`, `code`, `key`, `value`, `serialized`) VALUES ('619456', '0', 'aurus', 'aurus_mob_work', '0', '0');
INSERT INTO `PREFIX_DB_setting` (`setting_id`, `store_id`, `code`, `key`, `value`, `serialized`) VALUES ('619455', '0', 'aurus', 'aurus_mob_tell', '0', '0');
INSERT INTO `PREFIX_DB_setting` (`setting_id`, `store_id`, `code`, `key`, `value`, `serialized`) VALUES ('619454', '0', 'aurus', 'aurus_mobcat_group', '0', '0');
INSERT INTO `PREFIX_DB_setting` (`setting_id`, `store_id`, `code`, `key`, `value`, `serialized`) VALUES ('619453', '0', 'aurus', 'aurus_mob_home', '0', '0');
INSERT INTO `PREFIX_DB_setting` (`setting_id`, `store_id`, `code`, `key`, `value`, `serialized`) VALUES ('619450', '0', 'aurus', 'aurus_link_special', 'specials/', '0');
INSERT INTO `PREFIX_DB_setting` (`setting_id`, `store_id`, `code`, `key`, `value`, `serialized`) VALUES ('619451', '0', 'aurus', 'aurus_vmenuheight', '', '0');
INSERT INTO `PREFIX_DB_setting` (`setting_id`, `store_id`, `code`, `key`, `value`, `serialized`) VALUES ('619452', '0', 'aurus', 'aurus_mob_logo', '0', '0');
INSERT INTO `PREFIX_DB_setting` (`setting_id`, `store_id`, `code`, `key`, `value`, `serialized`) VALUES ('619449', '0', 'aurus', 'aurus_menu_special', '{"1":"\\u0410\\u043a\\u0446\\u0438\\u0438","2":"\\u0410\\u043a\\u0446\\u0438\\u0438"}', '1');
INSERT INTO `PREFIX_DB_setting` (`setting_id`, `store_id`, `code`, `key`, `value`, `serialized`) VALUES ('619446', '0', 'aurus', 'aurus_seeall_menu', '{"1":"\\u0421\\u043c\\u043e\\u0442\\u0440\\u0435\\u0442\\u044c \\u0432\\u0441\\u0435","2":"\\u0421\\u043c\\u043e\\u0442\\u0440\\u0435\\u0442\\u044c \\u0432\\u0441\\u0435"}', '1');
INSERT INTO `PREFIX_DB_setting` (`setting_id`, `store_id`, `code`, `key`, `value`, `serialized`) VALUES ('619447', '0', 'aurus', 'aurus_countvmenulv', '3', '0');
INSERT INTO `PREFIX_DB_setting` (`setting_id`, `store_id`, `code`, `key`, `value`, `serialized`) VALUES ('619448', '0', 'aurus', 'aurus_link_menucatalog', '', '0');
INSERT INTO `PREFIX_DB_setting` (`setting_id`, `store_id`, `code`, `key`, `value`, `serialized`) VALUES ('619445', '0', 'aurus', 'aurus_vmenu_menu', '{"1":"\\u0421\\u041f\\u0418\\u0421\\u041e\\u041a \\u041a\\u0410\\u0422\\u0415\\u0413\\u041e\\u0420\\u0418\\u0419","2":"\\u0421\\u041f\\u0418\\u0421\\u041e\\u041a \\u041a\\u0410\\u0422\\u0415\\u0413\\u041e\\u0420\\u0418\\u0419"}', '1');
INSERT INTO `PREFIX_DB_setting` (`setting_id`, `store_id`, `code`, `key`, `value`, `serialized`) VALUES ('619443', '0', 'aurus', 'aurus_seevmenuico', '0', '0');
INSERT INTO `PREFIX_DB_setting` (`setting_id`, `store_id`, `code`, `key`, `value`, `serialized`) VALUES ('610359', '0', 'config', 'config_langdata', '{"1":{"meta_title":"Aurus","meta_description":"Aurus","meta_keyword":"Aurus","name":"Aurus","owner":"mrz","address":"\\u0410\\u0434\\u0440\\u0435\\u0441","open":"\\u0441 10\\u0447 \\u0434\\u043e 18\\u0447\\u043e\\u0431\\u0435\\u0434 \\u0441 14\\u0447 \\u0434\\u043e 15\\u0447\\u0432\\u043e\\u0441\\u043a\\u0440\\u0435\\u0441\\u0435\\u043d\\u044c\\u0435 - \\u0432\\u044b\\u0445\\u043e\\u0434\\u043d\\u043e\\u0439","comment":""},"2":{"meta_title":"Aurus","meta_description":"Aurus","meta_keyword":"Aurus","name":"Aurus","owner":"mrz","address":"Address 1","open":"","comment":""}}', '1');
INSERT INTO `PREFIX_DB_setting` (`setting_id`, `store_id`, `code`, `key`, `value`, `serialized`) VALUES ('619444', '0', 'aurus', 'aurus_seevmenuw', '1', '0');
INSERT INTO `PREFIX_DB_setting` (`setting_id`, `store_id`, `code`, `key`, `value`, `serialized`) VALUES ('592362', '0', 'aridius_qckview', 'aridius_qckview_status', '1', '0');
INSERT INTO `PREFIX_DB_setting` (`setting_id`, `store_id`, `code`, `key`, `value`, `serialized`) VALUES ('592361', '0', 'aridius_qckview', 'aridius_qckview_show_stsale', '1', '0');
INSERT INTO `PREFIX_DB_setting` (`setting_id`, `store_id`, `code`, `key`, `value`, `serialized`) VALUES ('592360', '0', 'aridius_qckview', 'aridius_qckview_show_saving', '0', '0');
INSERT INTO `PREFIX_DB_setting` (`setting_id`, `store_id`, `code`, `key`, `value`, `serialized`) VALUES ('592359', '0', 'aridius_qckview', 'aridius_qckview_button_compare', '0', '0');
INSERT INTO `PREFIX_DB_setting` (`setting_id`, `store_id`, `code`, `key`, `value`, `serialized`) VALUES ('592358', '0', 'aridius_qckview', 'aridius_qckview_button_wish', '0', '0');
INSERT INTO `PREFIX_DB_setting` (`setting_id`, `store_id`, `code`, `key`, `value`, `serialized`) VALUES ('592357', '0', 'aridius_qckview', 'aridius_qckview_code_product', '0', '0');
INSERT INTO `PREFIX_DB_setting` (`setting_id`, `store_id`, `code`, `key`, `value`, `serialized`) VALUES ('592356', '0', 'aridius_qckview', 'aridius_qckview_stock', '0', '0');
INSERT INTO `PREFIX_DB_setting` (`setting_id`, `store_id`, `code`, `key`, `value`, `serialized`) VALUES ('592355', '0', 'aridius_qckview', 'aridius_qckview_manufacturer', '0', '0');
INSERT INTO `PREFIX_DB_setting` (`setting_id`, `store_id`, `code`, `key`, `value`, `serialized`) VALUES ('592354', '0', 'aridius_qckview', 'aridius_qckview_short_info', '0', '0');
INSERT INTO `PREFIX_DB_setting` (`setting_id`, `store_id`, `code`, `key`, `value`, `serialized`) VALUES ('592352', '0', 'aridius_qckview', 'aridius_qckview_tab_additional', '0', '0');
INSERT INTO `PREFIX_DB_setting` (`setting_id`, `store_id`, `code`, `key`, `value`, `serialized`) VALUES ('592353', '0', 'aridius_qckview', 'aridius_qckview_rating', '0', '0');
INSERT INTO `PREFIX_DB_setting` (`setting_id`, `store_id`, `code`, `key`, `value`, `serialized`) VALUES ('592351', '0', 'aridius_qckview', 'aridius_qckview_tab_reviews', '0', '0');
INSERT INTO `PREFIX_DB_setting` (`setting_id`, `store_id`, `code`, `key`, `value`, `serialized`) VALUES ('592350', '0', 'aridius_qckview', 'aridius_qckview_tab_character', '0', '0');
INSERT INTO `PREFIX_DB_setting` (`setting_id`, `store_id`, `code`, `key`, `value`, `serialized`) VALUES ('592349', '0', 'aridius_qckview', 'aridius_qckview_tab_description', '0', '0');
INSERT INTO `PREFIX_DB_setting` (`setting_id`, `store_id`, `code`, `key`, `value`, `serialized`) VALUES ('619437', '0', 'aurus', 'aurus_info_menu', '0', '0');
INSERT INTO `PREFIX_DB_setting` (`setting_id`, `store_id`, `code`, `key`, `value`, `serialized`) VALUES ('619438', '0', 'aurus', 'aurus_main_link_menu', '{"1":"","2":""}', '1');
INSERT INTO `PREFIX_DB_setting` (`setting_id`, `store_id`, `code`, `key`, `value`, `serialized`) VALUES ('619440', '0', 'aurus', 'aurus_top_links8', '{"1":{"title":{"1":"\\u041d\\u043e\\u0432\\u043e\\u0441\\u0442\\u0438","2":"News"},"faicons_top":"","link_top":{"1":"all-news","2":"all-news"}},"2":{"title":{"1":"FAQ","2":"FAQ"},"faicons_top":"","link_top":{"1":"faq","2":"faq"}},"3":{"title":{"1":"\\u041e\\u0442\\u0437\\u044b\\u0432\\u044b","2":"Reviews"},"faicons_top":"","link_top":{"1":"review","2":"review"}}}', '1');
INSERT INTO `PREFIX_DB_setting` (`setting_id`, `store_id`, `code`, `key`, `value`, `serialized`) VALUES ('619439', '0', 'aurus', 'aurus_main_link_href_menu', '{"1":"","2":""}', '1');
INSERT INTO `PREFIX_DB_setting` (`setting_id`, `store_id`, `code`, `key`, `value`, `serialized`) VALUES ('619436', '0', 'aurus', 'aurus_3lv_menu', '0', '0');
INSERT INTO `PREFIX_DB_setting` (`setting_id`, `store_id`, `code`, `key`, `value`, `serialized`) VALUES ('619435', '0', 'aurus', 'aurus_photos_height_image_main', '220', '0');
INSERT INTO `PREFIX_DB_setting` (`setting_id`, `store_id`, `code`, `key`, `value`, `serialized`) VALUES ('619434', '0', 'aurus', 'aurus_photos_width_image_main', '135', '0');
INSERT INTO `PREFIX_DB_setting` (`setting_id`, `store_id`, `code`, `key`, `value`, `serialized`) VALUES ('619433', '0', 'aurus', 'aurus_photos_menu_height', '106', '0');
INSERT INTO `PREFIX_DB_setting` (`setting_id`, `store_id`, `code`, `key`, `value`, `serialized`) VALUES ('619432', '0', 'aurus', 'aurus_photos_menu_width', '181', '0');
INSERT INTO `PREFIX_DB_setting` (`setting_id`, `store_id`, `code`, `key`, `value`, `serialized`) VALUES ('619431', '0', 'aurus', 'aurus_main_photos_menu', '0', '0');
INSERT INTO `PREFIX_DB_setting` (`setting_id`, `store_id`, `code`, `key`, `value`, `serialized`) VALUES ('619421', '0', 'aurus', 'aurus_contact_footer', '0', '0');
INSERT INTO `PREFIX_DB_setting` (`setting_id`, `store_id`, `code`, `key`, `value`, `serialized`) VALUES ('619422', '0', 'aurus', 'aurus_top_links2', '{"1":{"faicons_top":"fa fa-odnoklassniki","link_top":"https:\\/\\/ok.ru\\/","tooltipseti":"odnoklassniki"},"2":{"faicons_top":"fa fa-vk","link_top":"https:\\/\\/vk.com\\/","tooltipseti":"vk"},"3":{"faicons_top":"fa fa-skype","link_top":"https:\\/\\/www.skype.com\\/ru\\/","tooltipseti":"skype"},"4":{"faicons_top":"fa fa-instagram","link_top":"https:\\/\\/www.instagram.com\\/","tooltipseti":"instagram"}}', '1');
INSERT INTO `PREFIX_DB_setting` (`setting_id`, `store_id`, `code`, `key`, `value`, `serialized`) VALUES ('619430', '0', 'aurus', 'aurus_photos_menu', '0', '0');
INSERT INTO `PREFIX_DB_setting` (`setting_id`, `store_id`, `code`, `key`, `value`, `serialized`) VALUES ('619429', '0', 'aurus', 'aurus_ico_home', '0', '0');
INSERT INTO `PREFIX_DB_setting` (`setting_id`, `store_id`, `code`, `key`, `value`, `serialized`) VALUES ('619428', '0', 'aurus', 'aurus_col1_menu', '0', '0');
INSERT INTO `PREFIX_DB_setting` (`setting_id`, `store_id`, `code`, `key`, `value`, `serialized`) VALUES ('619427', '0', 'aurus', 'aurus_hover_menu', '0', '0');
INSERT INTO `PREFIX_DB_setting` (`setting_id`, `store_id`, `code`, `key`, `value`, `serialized`) VALUES ('619426', '0', 'aurus', 'aurus_color80', '1', '0');
INSERT INTO `PREFIX_DB_setting` (`setting_id`, `store_id`, `code`, `key`, `value`, `serialized`) VALUES ('619425', '0', 'aurus', 'aurus_sticky_menu', '0', '0');
INSERT INTO `PREFIX_DB_setting` (`setting_id`, `store_id`, `code`, `key`, `value`, `serialized`) VALUES ('619423', '0', 'aurus', 'aurus_footer_pay', 'catalog/1aurus/payment.png', '0');
INSERT INTO `PREFIX_DB_setting` (`setting_id`, `store_id`, `code`, `key`, `value`, `serialized`) VALUES ('619424', '0', 'aurus', 'aurus_license_text', '{"1":"\\u0420\\u0430\\u0431\\u043e\\u0442\\u0430\\u0435\\u0442 \\u043d\\u0430 &lt;a href=\'http:\\/\\/myopencart.com\\/\' target=\'_blank\'&gt;ocStore&lt;\\/a&gt;  Aurus &lt;a href=\'https:\\/\\/aridius.com\\/\' target=\'_blank\'&gt;Aridius&lt;\\/a&gt;","2":"\\u0420\\u0430\\u0431\\u043e\\u0442\\u0430\\u0435\\u0442 \\u043d\\u0430 &lt;a href=\'http:\\/\\/myopencart.com\\/\' target=\'_blank\'&gt;ocStore&lt;\\/a&gt;  Aurus &lt;a href=\'https:\\/\\/aridius.com\\/\' target=\'_blank\'&gt;Aridius&lt;\\/a&gt;"}', '1');
INSERT INTO `PREFIX_DB_setting` (`setting_id`, `store_id`, `code`, `key`, `value`, `serialized`) VALUES ('619407', '0', 'aurus', 'aurus_phone_footer', '0', '0');
INSERT INTO `PREFIX_DB_setting` (`setting_id`, `store_id`, `code`, `key`, `value`, `serialized`) VALUES ('619408', '0', 'aurus', 'aurus_time_footer', '0', '0');
INSERT INTO `PREFIX_DB_setting` (`setting_id`, `store_id`, `code`, `key`, `value`, `serialized`) VALUES ('619409', '0', 'aurus', 'aurus_mail_footer', '0', '0');
INSERT INTO `PREFIX_DB_setting` (`setting_id`, `store_id`, `code`, `key`, `value`, `serialized`) VALUES ('619410', '0', 'aurus', 'aurus_address_footer', '0', '0');
INSERT INTO `PREFIX_DB_setting` (`setting_id`, `store_id`, `code`, `key`, `value`, `serialized`) VALUES ('619411', '0', 'aurus', 'aurus_account_footer', '0', '0');
INSERT INTO `PREFIX_DB_setting` (`setting_id`, `store_id`, `code`, `key`, `value`, `serialized`) VALUES ('619412', '0', 'aurus', 'aurus_order_footer', '0', '0');
INSERT INTO `PREFIX_DB_setting` (`setting_id`, `store_id`, `code`, `key`, `value`, `serialized`) VALUES ('619413', '0', 'aurus', 'aurus_wishlist_footer', '0', '0');
INSERT INTO `PREFIX_DB_setting` (`setting_id`, `store_id`, `code`, `key`, `value`, `serialized`) VALUES ('619414', '0', 'aurus', 'aurus_newsletter_footer', '0', '0');
INSERT INTO `PREFIX_DB_setting` (`setting_id`, `store_id`, `code`, `key`, `value`, `serialized`) VALUES ('619415', '0', 'aurus', 'aurus_return_footer', '0', '0');
INSERT INTO `PREFIX_DB_setting` (`setting_id`, `store_id`, `code`, `key`, `value`, `serialized`) VALUES ('619416', '0', 'aurus', 'aurus_manufacturer_footer', '0', '0');
INSERT INTO `PREFIX_DB_setting` (`setting_id`, `store_id`, `code`, `key`, `value`, `serialized`) VALUES ('619417', '0', 'aurus', 'aurus_voucher_footer', '0', '0');
INSERT INTO `PREFIX_DB_setting` (`setting_id`, `store_id`, `code`, `key`, `value`, `serialized`) VALUES ('619418', '0', 'aurus', 'aurus_affiliate_footer', '0', '0');
INSERT INTO `PREFIX_DB_setting` (`setting_id`, `store_id`, `code`, `key`, `value`, `serialized`) VALUES ('619419', '0', 'aurus', 'aurus_sitemap_footer', '0', '0');
INSERT INTO `PREFIX_DB_setting` (`setting_id`, `store_id`, `code`, `key`, `value`, `serialized`) VALUES ('619420', '0', 'aurus', 'aurus_special_footer', '0', '0');
INSERT INTO `PREFIX_DB_setting` (`setting_id`, `store_id`, `code`, `key`, `value`, `serialized`) VALUES ('619405', '0', 'aurus', 'aurus_show_map_open', '1', '0');
INSERT INTO `PREFIX_DB_setting` (`setting_id`, `store_id`, `code`, `key`, `value`, `serialized`) VALUES ('619406', '0', 'aurus', 'aurus_mapcode', '{"1":"&lt;iframe src=&quot;https:\\/\\/www.google.com\\/maps\\/embed?pb=!1m14!1m8!1m3!1d7996.330289945489!2d30.352491000000004!3d59.930772!3m2!1i1024!2i768!4f13.1!3m3!1m2!1s0x469631a363db2255%3A0xe5424d4859319720!2z0KHQsNC90LrRgi3Qn9C10YLQtdGA0LHRg9GA0LMsINCg0L7RgdGB0LjRjywgMTkxMDI1!5e0!3m2!1sru!2sua!4v1548070964447&quot; width=&quot;600&quot; height=&quot;450&quot; frameborder=&quot;0&quot; style=&quot;border:0&quot; allowfullscreen&gt;&lt;\\/iframe&gt;","2":"&lt;iframe src=&quot;https:\\/\\/www.google.com\\/maps\\/embed?pb=!1m14!1m8!1m3!1d7996.330289945489!2d30.352491000000004!3d59.930772!3m2!1i1024!2i768!4f13.1!3m3!1m2!1s0x469631a363db2255%3A0xe5424d4859319720!2z0KHQsNC90LrRgi3Qn9C10YLQtdGA0LHRg9GA0LMsINCg0L7RgdGB0LjRjywgMTkxMDI1!5e0!3m2!1sru!2sua!4v1548070964447&quot; width=&quot;600&quot; height=&quot;450&quot; frameborder=&quot;0&quot; style=&quot;border:0&quot; allowfullscreen&gt;&lt;\\/iframe&gt;"}', '1');
INSERT INTO `PREFIX_DB_setting` (`setting_id`, `store_id`, `code`, `key`, `value`, `serialized`) VALUES ('619400', '0', 'aurus', 'aurus_show_info_marker_block', '0', '0');
INSERT INTO `PREFIX_DB_setting` (`setting_id`, `store_id`, `code`, `key`, `value`, `serialized`) VALUES ('619401', '0', 'aurus', 'aurus_fluid_map_zoom', '', '0');
INSERT INTO `PREFIX_DB_setting` (`setting_id`, `store_id`, `code`, `key`, `value`, `serialized`) VALUES ('619402', '0', 'aurus', 'aurus_map_noapi', '0', '0');
INSERT INTO `PREFIX_DB_setting` (`setting_id`, `store_id`, `code`, `key`, `value`, `serialized`) VALUES ('619403', '0', 'aurus', 'aurus_show_fluid_map_footer', '0', '0');
INSERT INTO `PREFIX_DB_setting` (`setting_id`, `store_id`, `code`, `key`, `value`, `serialized`) VALUES ('619404', '0', 'aurus', 'aurus_show_fluid_map_home', '1', '0');
INSERT INTO `PREFIX_DB_setting` (`setting_id`, `store_id`, `code`, `key`, `value`, `serialized`) VALUES ('619399', '0', 'aurus', 'aurus_description_map_logo', '{"1":"&lt;b&gt;Notice&lt;\\/b&gt;: Uninitialized string offset: 1 in &lt;b&gt;D:\\\\0OpenServer\\\\domains\\\\shablon\\\\admin\\\\view\\\template\\\\extension\\\theme\\\\aurus.tpl&lt;\\/b&gt; on line &lt;b&gt;816&lt;\\/b&gt;","2":"&lt;b&gt;Notice&lt;\\/b&gt;: Uninitialized string offset: 2 in &lt;b&gt;D:\\\\0OpenServer\\\\domains\\\\shablon\\\\admin\\\\view\\\template\\\\extension\\\theme\\\\aurus.tpl&lt;\\/b&gt; on line &lt;b&gt;816&lt;\\/b&gt;"}', '1');
INSERT INTO `PREFIX_DB_setting` (`setting_id`, `store_id`, `code`, `key`, `value`, `serialized`) VALUES ('619398', '0', 'aurus', 'aurus_longitude_fluid_map', '{"1":"30.3518969","2":"30.3518969"}', '1');
INSERT INTO `PREFIX_DB_setting` (`setting_id`, `store_id`, `code`, `key`, `value`, `serialized`) VALUES ('619395', '0', 'aurus', 'aurus_fluid_map_key', '', '0');
INSERT INTO `PREFIX_DB_setting` (`setting_id`, `store_id`, `code`, `key`, `value`, `serialized`) VALUES ('619396', '0', 'aurus', 'aurus_footer_imgico', '', '0');
INSERT INTO `PREFIX_DB_setting` (`setting_id`, `store_id`, `code`, `key`, `value`, `serialized`) VALUES ('619397', '0', 'aurus', 'aurus_latitude_fluid_map', '{"1":"59.9324357","2":"59.9324357"}', '1');
INSERT INTO `PREFIX_DB_setting` (`setting_id`, `store_id`, `code`, `key`, `value`, `serialized`) VALUES ('619394', '0', 'aurus', 'aurus_show_add_link', '0', '0');
INSERT INTO `PREFIX_DB_setting` (`setting_id`, `store_id`, `code`, `key`, `value`, `serialized`) VALUES ('619393', '0', 'aurus', 'aurus_download_top', '0', '0');
INSERT INTO `PREFIX_DB_setting` (`setting_id`, `store_id`, `code`, `key`, `value`, `serialized`) VALUES ('619391', '0', 'aurus', 'aurus_order_top', '0', '0');
INSERT INTO `PREFIX_DB_setting` (`setting_id`, `store_id`, `code`, `key`, `value`, `serialized`) VALUES ('619392', '0', 'aurus', 'aurus_transaction_top', '0', '0');
INSERT INTO `PREFIX_DB_setting` (`setting_id`, `store_id`, `code`, `key`, `value`, `serialized`) VALUES ('619390', '0', 'aurus', 'aurus_compare_top', '0', '0');
INSERT INTO `PREFIX_DB_setting` (`setting_id`, `store_id`, `code`, `key`, `value`, `serialized`) VALUES ('619389', '0', 'aurus', 'aurus_wishlist_top', '0', '0');
INSERT INTO `PREFIX_DB_setting` (`setting_id`, `store_id`, `code`, `key`, `value`, `serialized`) VALUES ('619385', '0', 'aurus', 'aurus_calltop', '0', '0');
INSERT INTO `PREFIX_DB_setting` (`setting_id`, `store_id`, `code`, `key`, `value`, `serialized`) VALUES ('619386', '0', 'aurus', 'aurus_show_set', '0', '0');
INSERT INTO `PREFIX_DB_setting` (`setting_id`, `store_id`, `code`, `key`, `value`, `serialized`) VALUES ('619387', '0', 'aurus', 'aurus_show_topmenu_set', '1', '0');
INSERT INTO `PREFIX_DB_setting` (`setting_id`, `store_id`, `code`, `key`, `value`, `serialized`) VALUES ('619388', '0', 'aurus', 'aurus_account_top', '1', '0');
INSERT INTO `PREFIX_DB_setting` (`setting_id`, `store_id`, `code`, `key`, `value`, `serialized`) VALUES ('619383', '0', 'aurus', 'aurus_show_topmenu', '1', '0');
INSERT INTO `PREFIX_DB_setting` (`setting_id`, `store_id`, `code`, `key`, `value`, `serialized`) VALUES ('619384', '0', 'aurus', 'aurus_logo_width', '0', '0');
INSERT INTO `PREFIX_DB_setting` (`setting_id`, `store_id`, `code`, `key`, `value`, `serialized`) VALUES ('619381', '0', 'aurus', 'aurus_header_var', '1', '0');
INSERT INTO `PREFIX_DB_setting` (`setting_id`, `store_id`, `code`, `key`, `value`, `serialized`) VALUES ('619382', '0', 'aurus', 'aurus_cart_img', 'catalog/1aurus/cart_b.png', '0');
INSERT INTO `PREFIX_DB_setting` (`setting_id`, `store_id`, `code`, `key`, `value`, `serialized`) VALUES ('619380', '0', 'aurus', 'aurus_image_location_height', '50', '0');
INSERT INTO `PREFIX_DB_setting` (`setting_id`, `store_id`, `code`, `key`, `value`, `serialized`) VALUES ('619379', '0', 'aurus', 'aurus_image_location_width', '268', '0');
INSERT INTO `PREFIX_DB_setting` (`setting_id`, `store_id`, `code`, `key`, `value`, `serialized`) VALUES ('619378', '0', 'aurus', 'aurus_image_cart_height', '95', '0');
INSERT INTO `PREFIX_DB_setting` (`setting_id`, `store_id`, `code`, `key`, `value`, `serialized`) VALUES ('619377', '0', 'aurus', 'aurus_image_cart_width', '95', '0');
INSERT INTO `PREFIX_DB_setting` (`setting_id`, `store_id`, `code`, `key`, `value`, `serialized`) VALUES ('619374', '0', 'aurus', 'aurus_image_compare_height', '90', '0');
INSERT INTO `PREFIX_DB_setting` (`setting_id`, `store_id`, `code`, `key`, `value`, `serialized`) VALUES ('619376', '0', 'aurus', 'aurus_image_wishlist_height', '47', '0');
INSERT INTO `PREFIX_DB_setting` (`setting_id`, `store_id`, `code`, `key`, `value`, `serialized`) VALUES ('619375', '0', 'aurus', 'aurus_image_wishlist_width', '47', '0');
INSERT INTO `PREFIX_DB_setting` (`setting_id`, `store_id`, `code`, `key`, `value`, `serialized`) VALUES ('619373', '0', 'aurus', 'aurus_image_compare_width', '90', '0');
INSERT INTO `PREFIX_DB_setting` (`setting_id`, `store_id`, `code`, `key`, `value`, `serialized`) VALUES ('619372', '0', 'aurus', 'aurus_image_related_height', '200', '0');
INSERT INTO `PREFIX_DB_setting` (`setting_id`, `store_id`, `code`, `key`, `value`, `serialized`) VALUES ('619371', '0', 'aurus', 'aurus_image_related_width', '200', '0');
INSERT INTO `PREFIX_DB_setting` (`setting_id`, `store_id`, `code`, `key`, `value`, `serialized`) VALUES ('619370', '0', 'aurus', 'aurus_image_additional_height', '75', '0');
INSERT INTO `PREFIX_DB_setting` (`setting_id`, `store_id`, `code`, `key`, `value`, `serialized`) VALUES ('619369', '0', 'aurus', 'aurus_image_additional_width', '75', '0');
INSERT INTO `PREFIX_DB_setting` (`setting_id`, `store_id`, `code`, `key`, `value`, `serialized`) VALUES ('619368', '0', 'aurus', 'aurus_image_product_height', '200', '0');
INSERT INTO `PREFIX_DB_setting` (`setting_id`, `store_id`, `code`, `key`, `value`, `serialized`) VALUES ('619367', '0', 'aurus', 'aurus_image_product_width', '200', '0');
INSERT INTO `PREFIX_DB_setting` (`setting_id`, `store_id`, `code`, `key`, `value`, `serialized`) VALUES ('619366', '0', 'aurus', 'aurus_image_popup_height', '860', '0');
INSERT INTO `PREFIX_DB_setting` (`setting_id`, `store_id`, `code`, `key`, `value`, `serialized`) VALUES ('619365', '0', 'aurus', 'aurus_image_popup_width', '860', '0');
INSERT INTO `PREFIX_DB_setting` (`setting_id`, `store_id`, `code`, `key`, `value`, `serialized`) VALUES ('619364', '0', 'aurus', 'aurus_image_thumb_height', '630', '0');
INSERT INTO `PREFIX_DB_setting` (`setting_id`, `store_id`, `code`, `key`, `value`, `serialized`) VALUES ('619363', '0', 'aurus', 'aurus_image_thumb_width', '680', '0');
INSERT INTO `PREFIX_DB_setting` (`setting_id`, `store_id`, `code`, `key`, `value`, `serialized`) VALUES ('619362', '0', 'aurus', 'aurus_image_category_height', '80', '0');
INSERT INTO `PREFIX_DB_setting` (`setting_id`, `store_id`, `code`, `key`, `value`, `serialized`) VALUES ('619361', '0', 'aurus', 'aurus_image_category_width', '80', '0');
INSERT INTO `PREFIX_DB_setting` (`setting_id`, `store_id`, `code`, `key`, `value`, `serialized`) VALUES ('619360', '0', 'aurus', 'aurus_product_description_length', '100', '0');
INSERT INTO `PREFIX_DB_setting` (`setting_id`, `store_id`, `code`, `key`, `value`, `serialized`) VALUES ('619359', '0', 'aurus', 'aurus_product_limit', '15', '0');
INSERT INTO `PREFIX_DB_setting` (`setting_id`, `store_id`, `code`, `key`, `value`, `serialized`) VALUES ('619358', '0', 'aurus', 'aurus_status', '1', '0');
INSERT INTO `PREFIX_DB_setting` (`setting_id`, `store_id`, `code`, `key`, `value`, `serialized`) VALUES ('619357', '0', 'aurus', 'aurus_directory', 'aurus', '0');


TRUNCATE TABLE `PREFIX_DB_stock_status`;

INSERT INTO `PREFIX_DB_stock_status` (`stock_status_id`, `language_id`, `name`) VALUES ('7', '1', 'В наличии');
INSERT INTO `PREFIX_DB_stock_status` (`stock_status_id`, `language_id`, `name`) VALUES ('8', '1', 'Предзаказ');
INSERT INTO `PREFIX_DB_stock_status` (`stock_status_id`, `language_id`, `name`) VALUES ('5', '1', 'Нет в наличии');
INSERT INTO `PREFIX_DB_stock_status` (`stock_status_id`, `language_id`, `name`) VALUES ('6', '1', 'Ожидание 2-3 дня');
INSERT INTO `PREFIX_DB_stock_status` (`stock_status_id`, `language_id`, `name`) VALUES ('7', '2', 'In Stock');
INSERT INTO `PREFIX_DB_stock_status` (`stock_status_id`, `language_id`, `name`) VALUES ('8', '2', 'Pre-Order');
INSERT INTO `PREFIX_DB_stock_status` (`stock_status_id`, `language_id`, `name`) VALUES ('5', '2', 'Out Of Stock');
INSERT INTO `PREFIX_DB_stock_status` (`stock_status_id`, `language_id`, `name`) VALUES ('6', '2', '2 - 3 Days');


TRUNCATE TABLE `PREFIX_DB_url_alias`;

INSERT INTO `PREFIX_DB_url_alias` (`url_alias_id`, `query`, `keyword`) VALUES ('601', 'account/voucher', 'vouchers');
INSERT INTO `PREFIX_DB_url_alias` (`url_alias_id`, `query`, `keyword`) VALUES ('602', 'account/wishlist', 'wishlist');
INSERT INTO `PREFIX_DB_url_alias` (`url_alias_id`, `query`, `keyword`) VALUES ('603', 'account/account', 'my-account');
INSERT INTO `PREFIX_DB_url_alias` (`url_alias_id`, `query`, `keyword`) VALUES ('604', 'checkout/cart', 'cart');
INSERT INTO `PREFIX_DB_url_alias` (`url_alias_id`, `query`, `keyword`) VALUES ('605', 'checkout/checkout', 'checkout');
INSERT INTO `PREFIX_DB_url_alias` (`url_alias_id`, `query`, `keyword`) VALUES ('606', 'account/login', 'login');
INSERT INTO `PREFIX_DB_url_alias` (`url_alias_id`, `query`, `keyword`) VALUES ('607', 'account/logout', 'logout');
INSERT INTO `PREFIX_DB_url_alias` (`url_alias_id`, `query`, `keyword`) VALUES ('608', 'account/order', 'order-history');
INSERT INTO `PREFIX_DB_url_alias` (`url_alias_id`, `query`, `keyword`) VALUES ('609', 'account/newsletter', 'newsletter');
INSERT INTO `PREFIX_DB_url_alias` (`url_alias_id`, `query`, `keyword`) VALUES ('610', 'product/special', 'specials');
INSERT INTO `PREFIX_DB_url_alias` (`url_alias_id`, `query`, `keyword`) VALUES ('611', 'affiliate/account', 'affiliates');
INSERT INTO `PREFIX_DB_url_alias` (`url_alias_id`, `query`, `keyword`) VALUES ('612', 'checkout/voucher', 'gift-vouchers');
INSERT INTO `PREFIX_DB_url_alias` (`url_alias_id`, `query`, `keyword`) VALUES ('613', 'product/manufacturer', 'brands');
INSERT INTO `PREFIX_DB_url_alias` (`url_alias_id`, `query`, `keyword`) VALUES ('614', 'information/contact', 'contact-us');
INSERT INTO `PREFIX_DB_url_alias` (`url_alias_id`, `query`, `keyword`) VALUES ('615', 'account/return/insert', 'request-return');
INSERT INTO `PREFIX_DB_url_alias` (`url_alias_id`, `query`, `keyword`) VALUES ('616', 'information/sitemap', 'sitemap');
INSERT INTO `PREFIX_DB_url_alias` (`url_alias_id`, `query`, `keyword`) VALUES ('617', 'account/forgotten', 'forgot-password');
INSERT INTO `PREFIX_DB_url_alias` (`url_alias_id`, `query`, `keyword`) VALUES ('618', 'account/download', 'downloads');
INSERT INTO `PREFIX_DB_url_alias` (`url_alias_id`, `query`, `keyword`) VALUES ('619', 'account/return', 'returns');
INSERT INTO `PREFIX_DB_url_alias` (`url_alias_id`, `query`, `keyword`) VALUES ('620', 'account/transaction', 'transactions');
INSERT INTO `PREFIX_DB_url_alias` (`url_alias_id`, `query`, `keyword`) VALUES ('621', 'account/register', 'create-account');
INSERT INTO `PREFIX_DB_url_alias` (`url_alias_id`, `query`, `keyword`) VALUES ('622', 'product/compare', 'compare-products');
INSERT INTO `PREFIX_DB_url_alias` (`url_alias_id`, `query`, `keyword`) VALUES ('623', 'product/search', 'search');
INSERT INTO `PREFIX_DB_url_alias` (`url_alias_id`, `query`, `keyword`) VALUES ('624', 'account/edit', 'edit-account');
INSERT INTO `PREFIX_DB_url_alias` (`url_alias_id`, `query`, `keyword`) VALUES ('625', 'account/password', 'change-password');
INSERT INTO `PREFIX_DB_url_alias` (`url_alias_id`, `query`, `keyword`) VALUES ('626', 'account/address', 'address-book');
INSERT INTO `PREFIX_DB_url_alias` (`url_alias_id`, `query`, `keyword`) VALUES ('627', 'account/reward', 'reward-points');
INSERT INTO `PREFIX_DB_url_alias` (`url_alias_id`, `query`, `keyword`) VALUES ('628', 'affiliate/edit', 'edit-affiliate-account');
INSERT INTO `PREFIX_DB_url_alias` (`url_alias_id`, `query`, `keyword`) VALUES ('629', 'affiliate/password', 'change-affiliate-password');
INSERT INTO `PREFIX_DB_url_alias` (`url_alias_id`, `query`, `keyword`) VALUES ('630', 'affiliate/payment', 'affiliate-payment-options');
INSERT INTO `PREFIX_DB_url_alias` (`url_alias_id`, `query`, `keyword`) VALUES ('631', 'affiliate/tracking', 'affiliate-tracking-code');
INSERT INTO `PREFIX_DB_url_alias` (`url_alias_id`, `query`, `keyword`) VALUES ('632', 'affiliate/transaction', 'affiliate-transactions');
INSERT INTO `PREFIX_DB_url_alias` (`url_alias_id`, `query`, `keyword`) VALUES ('633', 'affiliate/logout', 'affiliate-logout');
INSERT INTO `PREFIX_DB_url_alias` (`url_alias_id`, `query`, `keyword`) VALUES ('634', 'affiliate/forgotten', 'affiliate-forgot-password');
INSERT INTO `PREFIX_DB_url_alias` (`url_alias_id`, `query`, `keyword`) VALUES ('635', 'affiliate/register', 'create-affiliate-account');
INSERT INTO `PREFIX_DB_url_alias` (`url_alias_id`, `query`, `keyword`) VALUES ('636', 'affiliate/login', 'affiliate-login');
INSERT INTO `PREFIX_DB_url_alias` (`url_alias_id`, `query`, `keyword`) VALUES ('637', 'account/return/add', 'add-return');
INSERT INTO `PREFIX_DB_url_alias` (`url_alias_id`, `query`, `keyword`) VALUES ('638', 'common/home', '');
INSERT INTO `PREFIX_DB_url_alias` (`url_alias_id`, `query`, `keyword`) VALUES ('2198', 'product_id=48', 'ipod-classic');
INSERT INTO `PREFIX_DB_url_alias` (`url_alias_id`, `query`, `keyword`) VALUES ('2255', 'category_id=20', 'odegda');
INSERT INTO `PREFIX_DB_url_alias` (`url_alias_id`, `query`, `keyword`) VALUES ('834', 'category_id=26', 'pc');
INSERT INTO `PREFIX_DB_url_alias` (`url_alias_id`, `query`, `keyword`) VALUES ('835', 'category_id=27', 'mac');
INSERT INTO `PREFIX_DB_url_alias` (`url_alias_id`, `query`, `keyword`) VALUES ('2232', 'manufacturer_id=8', 'apple');
INSERT INTO `PREFIX_DB_url_alias` (`url_alias_id`, `query`, `keyword`) VALUES ('2044', 'information_id=4', 'about_us');
INSERT INTO `PREFIX_DB_url_alias` (`url_alias_id`, `query`, `keyword`) VALUES ('1756', 'category_id=130', '');
INSERT INTO `PREFIX_DB_url_alias` (`url_alias_id`, `query`, `keyword`) VALUES ('2249', 'category_id=34', 'mp3-players');
INSERT INTO `PREFIX_DB_url_alias` (`url_alias_id`, `query`, `keyword`) VALUES ('781', 'category_id=36', 'test2');
INSERT INTO `PREFIX_DB_url_alias` (`url_alias_id`, `query`, `keyword`) VALUES ('2221', 'category_id=18', 'laptop-notebook');
INSERT INTO `PREFIX_DB_url_alias` (`url_alias_id`, `query`, `keyword`) VALUES ('775', 'category_id=46', 'macs');
INSERT INTO `PREFIX_DB_url_alias` (`url_alias_id`, `query`, `keyword`) VALUES ('776', 'category_id=45', 'windows');
INSERT INTO `PREFIX_DB_url_alias` (`url_alias_id`, `query`, `keyword`) VALUES ('2247', 'category_id=25', 'desktops');
INSERT INTO `PREFIX_DB_url_alias` (`url_alias_id`, `query`, `keyword`) VALUES ('778', 'category_id=29', 'mouse');
INSERT INTO `PREFIX_DB_url_alias` (`url_alias_id`, `query`, `keyword`) VALUES ('779', 'category_id=28', 'monitor');
INSERT INTO `PREFIX_DB_url_alias` (`url_alias_id`, `query`, `keyword`) VALUES ('780', 'category_id=35', 'test1');
INSERT INTO `PREFIX_DB_url_alias` (`url_alias_id`, `query`, `keyword`) VALUES ('782', 'category_id=30', 'printer');
INSERT INTO `PREFIX_DB_url_alias` (`url_alias_id`, `query`, `keyword`) VALUES ('783', 'category_id=31', 'scanner');
INSERT INTO `PREFIX_DB_url_alias` (`url_alias_id`, `query`, `keyword`) VALUES ('784', 'category_id=32', 'web-camera');
INSERT INTO `PREFIX_DB_url_alias` (`url_alias_id`, `query`, `keyword`) VALUES ('785', 'category_id=57', 'tablet');
INSERT INTO `PREFIX_DB_url_alias` (`url_alias_id`, `query`, `keyword`) VALUES ('786', 'category_id=17', 'software');
INSERT INTO `PREFIX_DB_url_alias` (`url_alias_id`, `query`, `keyword`) VALUES ('2230', 'category_id=24', 'smartphone');
INSERT INTO `PREFIX_DB_url_alias` (`url_alias_id`, `query`, `keyword`) VALUES ('2226', 'category_id=33', 'casi');
INSERT INTO `PREFIX_DB_url_alias` (`url_alias_id`, `query`, `keyword`) VALUES ('790', 'category_id=43', 'test11');
INSERT INTO `PREFIX_DB_url_alias` (`url_alias_id`, `query`, `keyword`) VALUES ('791', 'category_id=44', 'test12');
INSERT INTO `PREFIX_DB_url_alias` (`url_alias_id`, `query`, `keyword`) VALUES ('792', 'category_id=47', 'test15');
INSERT INTO `PREFIX_DB_url_alias` (`url_alias_id`, `query`, `keyword`) VALUES ('793', 'category_id=48', 'test16');
INSERT INTO `PREFIX_DB_url_alias` (`url_alias_id`, `query`, `keyword`) VALUES ('794', 'category_id=49', 'test17');
INSERT INTO `PREFIX_DB_url_alias` (`url_alias_id`, `query`, `keyword`) VALUES ('795', 'category_id=50', 'test18');
INSERT INTO `PREFIX_DB_url_alias` (`url_alias_id`, `query`, `keyword`) VALUES ('796', 'category_id=51', 'test19');
INSERT INTO `PREFIX_DB_url_alias` (`url_alias_id`, `query`, `keyword`) VALUES ('797', 'category_id=52', 'test20');
INSERT INTO `PREFIX_DB_url_alias` (`url_alias_id`, `query`, `keyword`) VALUES ('798', 'category_id=58', 'test25');
INSERT INTO `PREFIX_DB_url_alias` (`url_alias_id`, `query`, `keyword`) VALUES ('799', 'category_id=53', 'test21');
INSERT INTO `PREFIX_DB_url_alias` (`url_alias_id`, `query`, `keyword`) VALUES ('800', 'category_id=54', 'test22');
INSERT INTO `PREFIX_DB_url_alias` (`url_alias_id`, `query`, `keyword`) VALUES ('801', 'category_id=55', 'test23');
INSERT INTO `PREFIX_DB_url_alias` (`url_alias_id`, `query`, `keyword`) VALUES ('802', 'category_id=56', 'test24');
INSERT INTO `PREFIX_DB_url_alias` (`url_alias_id`, `query`, `keyword`) VALUES ('803', 'category_id=38', 'test4');
INSERT INTO `PREFIX_DB_url_alias` (`url_alias_id`, `query`, `keyword`) VALUES ('804', 'category_id=37', 'test5');
INSERT INTO `PREFIX_DB_url_alias` (`url_alias_id`, `query`, `keyword`) VALUES ('805', 'category_id=39', 'test6');
INSERT INTO `PREFIX_DB_url_alias` (`url_alias_id`, `query`, `keyword`) VALUES ('806', 'category_id=40', 'test7');
INSERT INTO `PREFIX_DB_url_alias` (`url_alias_id`, `query`, `keyword`) VALUES ('807', 'category_id=41', 'test8');
INSERT INTO `PREFIX_DB_url_alias` (`url_alias_id`, `query`, `keyword`) VALUES ('808', 'category_id=42', 'test9');
INSERT INTO `PREFIX_DB_url_alias` (`url_alias_id`, `query`, `keyword`) VALUES ('2210', 'product_id=30', 'canon-eos-5d');
INSERT INTO `PREFIX_DB_url_alias` (`url_alias_id`, `query`, `keyword`) VALUES ('2208', 'product_id=47', 'hp-lp3065');
INSERT INTO `PREFIX_DB_url_alias` (`url_alias_id`, `query`, `keyword`) VALUES ('2211', 'product_id=28', 'htc-touch-hd');
INSERT INTO `PREFIX_DB_url_alias` (`url_alias_id`, `query`, `keyword`) VALUES ('2202', 'product_id=43', 'macbook');
INSERT INTO `PREFIX_DB_url_alias` (`url_alias_id`, `query`, `keyword`) VALUES ('2205', 'product_id=44', 'macbook-air');
INSERT INTO `PREFIX_DB_url_alias` (`url_alias_id`, `query`, `keyword`) VALUES ('2204', 'product_id=45', 'macbook-pro');
INSERT INTO `PREFIX_DB_url_alias` (`url_alias_id`, `query`, `keyword`) VALUES ('2214', 'product_id=31', 'nikon-d300');
INSERT INTO `PREFIX_DB_url_alias` (`url_alias_id`, `query`, `keyword`) VALUES ('2203', 'product_id=29', 'palm-treo-pro');
INSERT INTO `PREFIX_DB_url_alias` (`url_alias_id`, `query`, `keyword`) VALUES ('2199', 'product_id=49', 'samsung-galaxy-tab-10-1');
INSERT INTO `PREFIX_DB_url_alias` (`url_alias_id`, `query`, `keyword`) VALUES ('2201', 'product_id=33', 'samsung-syncmaster-941bw');
INSERT INTO `PREFIX_DB_url_alias` (`url_alias_id`, `query`, `keyword`) VALUES ('2213', 'product_id=46', 'sony-vaio');
INSERT INTO `PREFIX_DB_url_alias` (`url_alias_id`, `query`, `keyword`) VALUES ('2256', 'product_id=41', 'imac');
INSERT INTO `PREFIX_DB_url_alias` (`url_alias_id`, `query`, `keyword`) VALUES ('2207', 'product_id=40', 'iphone');
INSERT INTO `PREFIX_DB_url_alias` (`url_alias_id`, `query`, `keyword`) VALUES ('2209', 'product_id=36', 'ipod-nano');
INSERT INTO `PREFIX_DB_url_alias` (`url_alias_id`, `query`, `keyword`) VALUES ('2212', 'product_id=34', 'ipod-shuffle');
INSERT INTO `PREFIX_DB_url_alias` (`url_alias_id`, `query`, `keyword`) VALUES ('2206', 'product_id=32', 'ipod-touch');
INSERT INTO `PREFIX_DB_url_alias` (`url_alias_id`, `query`, `keyword`) VALUES ('2233', 'manufacturer_id=9', 'canon');
INSERT INTO `PREFIX_DB_url_alias` (`url_alias_id`, `query`, `keyword`) VALUES ('2237', 'manufacturer_id=5', 'htc');
INSERT INTO `PREFIX_DB_url_alias` (`url_alias_id`, `query`, `keyword`) VALUES ('2234', 'manufacturer_id=7', 'hewlett-packard');
INSERT INTO `PREFIX_DB_url_alias` (`url_alias_id`, `query`, `keyword`) VALUES ('2236', 'manufacturer_id=6', 'palm');
INSERT INTO `PREFIX_DB_url_alias` (`url_alias_id`, `query`, `keyword`) VALUES ('2235', 'manufacturer_id=10', 'sony');
INSERT INTO `PREFIX_DB_url_alias` (`url_alias_id`, `query`, `keyword`) VALUES ('2043', 'information_id=6', 'delivery');
INSERT INTO `PREFIX_DB_url_alias` (`url_alias_id`, `query`, `keyword`) VALUES ('2045', 'information_id=3', 'privacy');
INSERT INTO `PREFIX_DB_url_alias` (`url_alias_id`, `query`, `keyword`) VALUES ('2046', 'information_id=5', 'terms');
INSERT INTO `PREFIX_DB_url_alias` (`url_alias_id`, `query`, `keyword`) VALUES ('845', 'information/aridius_faq', 'faq');
INSERT INTO `PREFIX_DB_url_alias` (`url_alias_id`, `query`, `keyword`) VALUES ('847', 'information/aridius_news', 'all-news');
INSERT INTO `PREFIX_DB_url_alias` (`url_alias_id`, `query`, `keyword`) VALUES ('848', 'extension/module/aridius_store_review', 'review');
INSERT INTO `PREFIX_DB_url_alias` (`url_alias_id`, `query`, `keyword`) VALUES ('2227', 'category_id=129', 'sport');
INSERT INTO `PREFIX_DB_url_alias` (`url_alias_id`, `query`, `keyword`) VALUES ('2216', 'category_id=118', 'biguteria');
INSERT INTO `PREFIX_DB_url_alias` (`url_alias_id`, `query`, `keyword`) VALUES ('2036', 'aridius_news_id=6', 'comp_nout');
INSERT INTO `PREFIX_DB_url_alias` (`url_alias_id`, `query`, `keyword`) VALUES ('2038', 'information_id=7', 'person_danie');
INSERT INTO `PREFIX_DB_url_alias` (`url_alias_id`, `query`, `keyword`) VALUES ('1760', 'information/aridius_icons', 'icons');
INSERT INTO `PREFIX_DB_url_alias` (`url_alias_id`, `query`, `keyword`) VALUES ('1761', 'information/aridius_icons', 'icons');
INSERT INTO `PREFIX_DB_url_alias` (`url_alias_id`, `query`, `keyword`) VALUES ('2021', 'information/aridius_news', 'all-news');
INSERT INTO `PREFIX_DB_url_alias` (`url_alias_id`, `query`, `keyword`) VALUES ('2037', 'aridius_news_id=5', 'dizain_int');
INSERT INTO `PREFIX_DB_url_alias` (`url_alias_id`, `query`, `keyword`) VALUES ('2035', 'aridius_news_id=4', 'oxouno');
INSERT INTO `PREFIX_DB_url_alias` (`url_alias_id`, `query`, `keyword`) VALUES ('2024', 'extension/module/aridius_store_review', 'review');
INSERT INTO `PREFIX_DB_url_alias` (`url_alias_id`, `query`, `keyword`) VALUES ('2025', 'information/aridius_faq', 'faq');



