CREATE TABLE IF NOT EXISTS PREFIX_DB_aridiuscallback (order_id int(11) NOT NULL AUTO_INCREMENT, product_id int(11) NOT NULL, contact varchar(96) NOT NULL, firstname varchar(96) NOT NULL, email varchar(96) NOT NULL, comment text NOT NULL, comment_manager text NOT NULL, status tinyint(1) NOT NULL, time_in time NOT NULL DEFAULT '00:00:00', time_off time NOT NULL DEFAULT '00:00:00', date_added datetime NOT NULL DEFAULT '0000-00-00 00:00:00', PRIMARY KEY (order_id)) ENGINE=MyISAM DEFAULT CHARSET=utf8;
CREATE TABLE IF NOT EXISTS PREFIX_DB_aridiusfastorder (order_id int(11) NOT NULL AUTO_INCREMENT,product_id int(11) NOT NULL,product_option_value_id int(11) NOT NULL,contact varchar(96) NOT NULL,firstname varchar(96) NOT NULL,email varchar(96) NOT NULL,comment text NOT NULL,comment_manager text NOT NULL,product_name varchar(255) NOT NULL,quantity int(4) NOT NULL,status tinyint(1) NOT NULL,format_option varchar(255) NOT NULL,total decimal(15,4) NOT NULL DEFAULT '0.0000',date_added datetime NOT NULL DEFAULT '0000-00-00 00:00:00',currency_id int(11) NOT NULL,currency_code varchar(3) NOT NULL,currency_value decimal(15,8) NOT NULL DEFAULT '1.00000000',PRIMARY KEY (order_id)) ENGINE=MyISAM DEFAULT CHARSET=utf8;
CREATE TABLE IF NOT EXISTS PREFIX_DB_aridiusinstock (order_id int(11) NOT NULL AUTO_INCREMENT,product_id int(11) NOT NULL,contact varchar(96) NOT NULL,firstname varchar(96) NOT NULL,email varchar(96) NOT NULL,comment_manager text NOT NULL,product_name varchar(255) NOT NULL,status tinyint(1) NOT NULL,date_added datetime NOT NULL DEFAULT '0000-00-00 00:00:00',PRIMARY KEY (order_id)) ENGINE=MyISAM DEFAULT CHARSET=utf8;
CREATE TABLE IF NOT EXISTS PREFIX_DB_aridiusundersell (order_id int(11) NOT NULL AUTO_INCREMENT,product_id int(11) NOT NULL,contact varchar(96) NOT NULL,firstname varchar(96) NOT NULL,email varchar(96) NOT NULL,link text NOT NULL,comment text NOT NULL,comment_manager text NOT NULL,product_name varchar(255) NOT NULL,quantity int(4) NOT NULL,status tinyint(1) NOT NULL,format_option varchar(255) NOT NULL,total decimal(15,4) NOT NULL DEFAULT '0.0000',date_added datetime NOT NULL DEFAULT '0000-00-00 00:00:00',currency_id int(11) NOT NULL,currency_code varchar(3) NOT NULL,currency_value decimal(15,8) NOT NULL DEFAULT '1.00000000',PRIMARY KEY (order_id)) ENGINE=MyISAM DEFAULT CHARSET=utf8;
CREATE TABLE IF NOT EXISTS PREFIX_DB_aridius_letters (email_id int(11) NOT NULL AUTO_INCREMENT,email_user varchar(96) NOT NULL,email_date date NOT NULL,PRIMARY KEY (`email_id`)) ENGINE=MyISAM DEFAULT CHARSET=utf8;
CREATE TABLE IF NOT EXISTS PREFIX_DB_aridius_news (`aridius_news_id` int(11) NOT NULL AUTO_INCREMENT, `image` varchar(255) DEFAULT NULL, `video` varchar(255) DEFAULT NULL, `date_added` datetime NOT NULL,`viewed` int(11) NOT NULL DEFAULT '0', `sort_order` int(3) NOT NULL DEFAULT '0', `status` tinyint(1) NOT NULL, PRIMARY KEY (`aridius_news_id`)) ENGINE=MYISAM DEFAULT CHARSET=utf8 COLLATE=utf8_general_ci;
CREATE TABLE IF NOT EXISTS PREFIX_DB_aridius_news_description (`aridius_news_id` int(11) NOT NULL, `language_id` int(11) NOT NULL, `title` varchar(255) NOT NULL, `meta_description` VARCHAR(255) NOT NULL, `meta_title` VARCHAR(255) NOT NULL, `description` text CHARACTER SET utf8 NOT NULL, `meta_keyword` varchar(255) NOT NULL,  PRIMARY KEY (`aridius_news_id`,`language_id`)) ENGINE=MYISAM DEFAULT CHARSET=utf8 COLLATE=utf8_general_ci;
CREATE TABLE IF NOT EXISTS PREFIX_DB_aridius_news_to_store (`aridius_news_id` int(11) NOT NULL, `store_id` int(11) NOT NULL, PRIMARY KEY (`aridius_news_id`,`store_id`)) ENGINE=MYISAM DEFAULT CHARSET=utf8 COLLATE=utf8_general_ci;
CREATE TABLE IF NOT EXISTS PREFIX_DB_aridius_news_related (`aridius_news_id` int(11) NOT NULL, `related_aridius_news_id` int(11) NOT NULL, PRIMARY KEY (`aridius_news_id`,`related_aridius_news_id`)) ENGINE=MyISAM DEFAULT CHARSET=utf8 COLLATE=utf8_bin;
CREATE TABLE IF NOT EXISTS PREFIX_DB_aridius_news_product_related (`aridius_news_id` int(11) NOT NULL,`product_id` int(11) NOT NULL,PRIMARY KEY (`aridius_news_id`,`product_id`)) ENGINE=MyISAM DEFAULT CHARSET=utf8 COLLATE=utf8_bin;
CREATE TABLE IF NOT EXISTS PREFIX_DB_aridius_review_news (`review_id` int(11) NOT NULL AUTO_INCREMENT, `parent_id` int(11) NOT NULL, `customer_id` int(11) NOT NULL, `news_id` int(11) NOT NULL, `author` varchar(64) NOT NULL, `text` text NOT NULL, `status` tinyint(1) NOT NULL DEFAULT '0', `date_added` datetime NOT NULL, `date_modified` datetime NOT NULL, PRIMARY KEY (`review_id`)) ENGINE=MYISAM DEFAULT CHARSET=utf8 COLLATE=utf8_general_ci;
CREATE TABLE IF NOT EXISTS PREFIX_DB_aridius_review_store (`review_id` int(11) NOT NULL AUTO_INCREMENT, `parent` int(11) NOT NULL, `customer_id` int(11) NOT NULL, `author` varchar(64) NOT NULL, `text` text NOT NULL, `rating` int(1) NOT NULL, `status` tinyint(1) NOT NULL DEFAULT '0', `date_added` datetime NOT NULL, `date_modified` datetime NOT NULL, PRIMARY KEY (`review_id`)) ENGINE=MYISAM DEFAULT CHARSET=utf8 COLLATE=utf8_general_ci;
CREATE TABLE IF NOT EXISTS PREFIX_DB_license (`key` varchar(3) CHARACTER SET utf8,`value` text CHARACTER SET utf8,primary key (`key`)) ENGINE=MyISAM DEFAULT CHARSET=utf8;
CREATE TABLE IF NOT EXISTS PREFIX_DB_review_dig_lim (review_id int(11) NOT NULL AUTO_INCREMENT,dignity text NOT NULL,limitations text NOT NULL,PRIMARY KEY (review_id)) ENGINE=MyISAM DEFAULT CHARSET=utf8;
CREATE TABLE IF NOT EXISTS PREFIX_DB_aridius_customtab (`product_customtab_id` int(11) NOT NULL AUTO_INCREMENT, `product_id` int(11) NOT NULL, `sort_order` int(11) NOT NULL, PRIMARY KEY (`product_customtab_id`)) ENGINE=MYISAM DEFAULT CHARSET=utf8 COLLATE=utf8_general_ci;
CREATE TABLE IF NOT EXISTS PREFIX_DB_aridius_customtab_description (`product_customtab_id` int(11) NOT NULL, `product_id` int(11) NOT NULL, `language_id` int(11) NOT NULL, `title` VARCHAR(255) NOT NULL, `description` text CHARACTER SET utf8 NOT NULL) ENGINE=MYISAM DEFAULT CHARSET=utf8 COLLATE=utf8_general_ci;

CREATE TABLE IF NOT EXISTS PREFIX_DB_aridius_product_to_sticker (`product_id` int(11) NOT NULL, `sticker_id` int(11) NOT NULL) ENGINE=MyISAM DEFAULT CHARSET=utf8;
CREATE TABLE IF NOT EXISTS PREFIX_DB_aridius_sticker (`sticker_id` int(11) NOT NULL AUTO_INCREMENT, `sort_order` int(3) NOT NULL, `color` varchar(11) NOT NULL, `background` varchar(11) NOT NULL, PRIMARY KEY (`sticker_id`)) ENGINE=MyISAM DEFAULT CHARSET=utf8;
CREATE TABLE IF NOT EXISTS PREFIX_DB_aridius_sticker_description (`sticker_id` int(11) NOT NULL, `language_id` int(11) NOT NULL, `name` varchar(128) NOT NULL, PRIMARY KEY (`sticker_id`,`language_id`)) ENGINE=MyISAM DEFAULT CHARSET=utf8;
CREATE TABLE IF NOT EXISTS PREFIX_DB_aridius_size (`aridius_size_id` int(11) NOT NULL AUTO_INCREMENT, `status` tinyint(1) NOT NULL DEFAULT '1', PRIMARY KEY (`aridius_size_id`)) ENGINE=MyISAM DEFAULT CHARSET=utf8;
CREATE TABLE IF NOT EXISTS PREFIX_DB_aridius_size_description (`aridius_size_id` int(11) NOT NULL, `language_id` int(11) NOT NULL, `name` varchar(64) NOT NULL, `description` text NOT NULL, PRIMARY KEY (`aridius_size_id`,`language_id`)) ENGINE=MyISAM DEFAULT CHARSET=utf8;
CREATE TABLE IF NOT EXISTS PREFIX_DB_aridius_size_category (`aridius_size_id` int(11) NOT NULL, `category_id` int(11) NOT NULL ) ENGINE=MyISAM DEFAULT CHARSET=utf8;
CREATE TABLE IF NOT EXISTS PREFIX_DB_aridius_size_product (`aridius_size_id` int(11) NOT NULL, `product_id` int(11) NOT NULL) ENGINE=MyISAM DEFAULT CHARSET=utf8;

ALTER TABLE PREFIX_DB_banner_image ADD `description` text NOT NULL AFTER title;
ALTER TABLE PREFIX_DB_product ADD `popupsize` tinyint(1) NOT NULL AFTER stock_status_id;
ALTER TABLE PREFIX_DB_product ADD `stickers` tinyint(1) NOT NULL AFTER stock_status_id;
ALTER TABLE PREFIX_DB_category ADD `stickers` tinyint(1) NOT NULL AFTER status;
ALTER TABLE PREFIX_DB_product_option_value ADD `image_opt` varchar(255) NOT NULL AFTER price;
ALTER TABLE PREFIX_DB_category ADD `image_menu` VARCHAR(255) DEFAULT NULL AFTER image;
ALTER TABLE PREFIX_DB_category ADD `image_menu_width` int(11) NOT NULL AFTER image;
ALTER TABLE PREFIX_DB_category ADD `image_menu_height` int(11) NOT NULL AFTER image;


INSERT INTO `PREFIX_DB_information` (`information_id`, `bottom`, `sort_order`, `status`) VALUES ('700', '0', '100', '1');
INSERT INTO `PREFIX_DB_information_description` (`information_id`, `language_id`, `title`, `description`, `meta_title`, `meta_h1`, `meta_description`, `meta_keyword`) VALUES ('700', '1', 'Согласие на обработку персональных данных', '&lt;p&gt;Предоставляя свои персональные данные при регистрации на сайте, Покупатель даёт Продавцу своё согласие на обработку и использование своих персональных данных согласно ФЗ № 152-ФЗ «О персональных данных» от 27.07.2006 г. различными способами в целях, указанных в настоящих Правилах.&lt;/p&gt;&lt;p&gt;&lt;br&gt;&lt;/p&gt;', 'Согласие на обработку персональных данных', 'Согласие на обработку персональных данных', 'Согласие на обработку персональных данных', 'Согласие на обработку персональных данных');
INSERT INTO `PREFIX_DB_information_description` (`information_id`, `language_id`, `title`, `description`, `meta_title`, `meta_h1`, `meta_description`, `meta_keyword`) VALUES ('700', '2', 'Согласие на обработку персональных данных', '&lt;p&gt;Предоставляя свои персональные данные при регистрации на сайте, Покупатель даёт Продавцу своё согласие на обработку и использование своих персональных данных согласно ФЗ № 152-ФЗ «О персональных данных» от 27.07.2006 г. различными способами в целях, указанных в настоящих Правилах.&lt;/p&gt;&lt;p&gt;&lt;br&gt;&lt;/p&gt;&lt;p&gt;&lt;br&gt;&lt;/p&gt;&lt;p&gt;&lt;br&gt;&lt;/p&gt;', 'Согласие на обработку персональных данных', 'Согласие на обработку персональных данных', 'Согласие на обработку персональных данных', 'Согласие на обработку персональных данных');
INSERT INTO `PREFIX_DB_information_to_store` (`information_id`, `store_id`) VALUES ('700', '0');



TRUNCATE TABLE `PREFIX_DB_aridius_news`;

INSERT INTO `PREFIX_DB_aridius_news` (`aridius_news_id`, `image`, `date_added`, `viewed`, `sort_order`, `status`) VALUES ('1', 'catalog/1aurus/news/news_banner2-362x181-410x205.png', '2019-01-15 00:00:00', '4', '5', '1');
INSERT INTO `PREFIX_DB_aridius_news` (`aridius_news_id`, `image`, `date_added`, `viewed`, `sort_order`, `status`) VALUES ('2', 'catalog/1aurus/news/fenix_chronos-362x181-410x205.jpg', '2019-11-25 00:00:00', '19', '1', '1');
INSERT INTO `PREFIX_DB_aridius_news` (`aridius_news_id`, `image`, `date_added`, `viewed`, `sort_order`, `status`) VALUES ('4', 'catalog/1aurus/news/ban1-410x205.jpg', '2019-08-12 00:00:00', '5', '2', '1');
INSERT INTO `PREFIX_DB_aridius_news` (`aridius_news_id`, `image`, `date_added`, `viewed`, `sort_order`, `status`) VALUES ('5', 'catalog/1aurus/news/skandinavskiy_stil_v_interere_15_0-410x205.jpg', '2020-01-15 00:00:00', '5', '4', '1');
INSERT INTO `PREFIX_DB_aridius_news` (`aridius_news_id`, `image`, `date_added`, `viewed`, `sort_order`, `status`) VALUES ('6', 'catalog/1aurus/news/zagruzheno-5.jpg', '2019-06-05 00:00:00', '8', '3', '1');


TRUNCATE TABLE `PREFIX_DB_aridius_news_description`;

INSERT INTO `PREFIX_DB_aridius_news_description` (`aridius_news_id`, `language_id`, `title`, `meta_description`, `meta_title`, `description`, `meta_keyword`) VALUES ('1', '1', 'Домашний центр в вашем телевизоре', 'Домашний центр в вашем телевизоре', 'Домашний центр в вашем телевизоре', '&lt;p&gt;Исключительно красив, необычайно умен: подскажет тебе то, что нужно именно в этот момент, именно в этом месте.&lt;/p&gt;&lt;p&gt;&lt;br&gt;&lt;/p&gt;&lt;p&gt;Жизнь неповторима - живи по полной!&lt;/p&gt;&lt;p&gt;&lt;br&gt;&lt;/p&gt;&lt;p&gt;Двухцветный металлический корпус с зеркальной окантовкой. Скругленные углы и эргономичные формы – этот смартфон создан повторять контуры твоей руки и обеспечивать максимальный комфорт. Цельная задняя панель имеет изогнутую поверхность, ставшую визитной карточкой легендарных смартфонов серии HTC One.&lt;/p&gt;&lt;p&gt;&lt;br&gt;&lt;/p&gt;&lt;p&gt;Со смартфоном HTC One M9 возможности персонализации устройства выходят на принципиально новый уровень. Приложение HTC «Тема» позволяет оформить рабочие экраны по-своему – используй любимые фотографии и картинки с онлайн-ресурсов. Меняй форму и размер иконок, мелодии звонка и даже обои – теперь все в твоих руках! &lt;/p&gt;&lt;p&gt;&lt;br&gt;&lt;/p&gt;&lt;p&gt;Основная камера 20 МП и фронтальная камера с технологией HTC UltraPixel™ позволят тебе контролировать съемочный процесс «от» и «до».  Мощные инструменты из HTC Eye Experience позволят тебе снимать двумя камерами одновременно, делать селфи при помощи голосовых команд, ещё до момента съемки – в процессе визирования – использовать фильтры для ретуши и многое другое. А приложение Zoe позволит монтировать видеоролики, комбинируя свои материалы с фотографиями и видео, снятыми друзьями.&lt;/p&gt;&lt;p&gt;Наслаждайся потрясающими фото – с любой камерой HTC One M9.&lt;br&gt;&lt;/p&gt;&lt;p&gt;Смартфон HTC One M9 создавался в сотрудничестве с лабораторией Dolby, благодаря которому теперь ты будешь слышать объемный звук – как в настоящем кинотеатре. HTC BoomSound™ с Dolby Audio прекрасно справляется с музыкой любой сложности и любого жанра - ему по силам даже многоканальные треки с YouTube.&lt;/p&gt;&lt;p&gt;Твои игры и фильмы звучат потрясающе как через встроенные динамики, так и в наушниках. Такого ты ещё не слышал!источник: http://htc.com/&lt;br&gt;&lt;/p&gt;', 'Домашний центр в вашем телевизоре');
INSERT INTO `PREFIX_DB_aridius_news_description` (`aridius_news_id`, `language_id`, `title`, `meta_description`, `meta_title`, `description`, `meta_keyword`) VALUES ('1', '2', 'Домашний центр в вашем телевизоре', 'Домашний центр в вашем телевизоре', 'Домашний центр в вашем телевизоре', '&lt;p&gt;Исключительно красив, необычайно умен: подскажет тебе то, что нужно именно в этот момент, именно в этом месте.&lt;/p&gt;&lt;p&gt;&lt;br&gt;&lt;/p&gt;&lt;p&gt;Жизнь неповторима - живи по полной!&lt;/p&gt;&lt;p&gt;&lt;br&gt;&lt;/p&gt;&lt;p&gt;Двухцветный металлический корпус с зеркальной окантовкой. Скругленные углы и эргономичные формы – этот смартфон создан повторять контуры твоей руки и обеспечивать максимальный комфорт. Цельная задняя панель имеет изогнутую поверхность, ставшую визитной карточкой легендарных смартфонов серии HTC One.&lt;/p&gt;&lt;p&gt;&lt;br&gt;&lt;/p&gt;&lt;p&gt;Со смартфоном HTC One M9 возможности персонализации устройства выходят на принципиально новый уровень. Приложение HTC «Тема» позволяет оформить рабочие экраны по-своему – используй любимые фотографии и картинки с онлайн-ресурсов. Меняй форму и размер иконок, мелодии звонка и даже обои – теперь все в твоих руках! &lt;/p&gt;&lt;p&gt;&lt;br&gt;&lt;/p&gt;&lt;p&gt;Основная камера 20 МП и фронтальная камера с технологией HTC UltraPixel™ позволят тебе контролировать съемочный процесс «от» и «до».  Мощные инструменты из HTC Eye Experience позволят тебе снимать двумя камерами одновременно, делать селфи при помощи голосовых команд, ещё до момента съемки – в процессе визирования – использовать фильтры для ретуши и многое другое. А приложение Zoe позволит монтировать видеоролики, комбинируя свои материалы с фотографиями и видео, снятыми друзьями.&lt;/p&gt;&lt;p&gt;Наслаждайся потрясающими фото – с любой камерой HTC One M9.&lt;br&gt;&lt;/p&gt;&lt;p&gt;Смартфон HTC One M9 создавался в сотрудничестве с лабораторией Dolby, благодаря которому теперь ты будешь слышать объемный звук – как в настоящем кинотеатре. HTC BoomSound™ с Dolby Audio прекрасно справляется с музыкой любой сложности и любого жанра - ему по силам даже многоканальные треки с YouTube.&lt;/p&gt;&lt;p&gt;Твои игры и фильмы звучат потрясающе как через встроенные динамики, так и в наушниках. Такого ты ещё не слышал!источник: http://htc.com/&lt;br&gt;&lt;/p&gt;', 'Домашний центр в вашем телевизоре');
INSERT INTO `PREFIX_DB_aridius_news_description` (`aridius_news_id`, `language_id`, `title`, `meta_description`, `meta_title`, `description`, `meta_keyword`) VALUES ('2', '1', 'Продажи новинок Galaxy Watch Active2', 'Продажи новинок Galaxy Watch Active2', 'Продажи новинок Galaxy Watch Active2', '&lt;p&gt;Модели нового поколения смарт-часов Samsung Galaxy Watch Active2 уже находятся на складе Юг-контракта и доступны для заказа.&lt;/p&gt;&lt;p&gt;&lt;br&gt;&lt;/p&gt;&lt;p&gt;Новые смарт-часы Samsung Galaxy Watch Active2 получили большой настраиваемый экран, обновленный стильный дизайн и усовершенствованный функционал, направленный на заботу о здоровье. Новинки доступны в вариантах с диаметром циферблата 44 мм и 40 мм, а также в двух вариантах отделки корпуса: легком алюминиевом с практичным ремешком из фторэластомера (FKM) и премиальном стальном с кожаным ремешком. Съемный браслет может быть с легкостью заменен на любой другой, подходящий под стиль одежды и настроение. Изображение на дисплее можно настроить автоматически с помощью алгоритма подбора цвета My Style1, для чего достаточно загрузить фото своего образа в приложение Galaxy Wearable и выбрать один из пяти цветовых стилей.&lt;/p&gt;&lt;p&gt;&lt;br&gt;&lt;/p&gt;&lt;p&gt;Изюминка новинки – цифровой сенсорный безель, при помощи которого можно легко и удобно перемещаться по меню и управлять функциями часов. Super AMOLED дисплей с разрешением 360 x 360 точек защищен ударопрочным стеклом Corning Gorilla Glass DX+. Коммуникационные возможности данных смарт-часов определяются наличием интерфейсов Bluetooth, Wi-Fi b/g/n, NFC, A-GPS. На тыльной стороне Galaxy Watch Active2 установлены усовершенствованные датчики, способные считывать данные еще быстрее, благодаря чему пользователь моментально получает актуальную информацию о физиологических показателях своего организма.&lt;/p&gt;&lt;p&gt;&lt;br&gt;&lt;/p&gt;&lt;p&gt;Смарт-часы Galaxy Watch Active2 позволяют отслеживать более 39 типов тренировок, семь из которых активируются автоматически – в том числе бег, ходьба, езда на велосипеде, плавание, гребля, эллиптический тренажер и динамические тренировки. С обновленной функцией Running Coach пользователь может определять скорость бега в режиме реального времени и выбирать любую из семи различных программ для занятия. Кроме того, часы Galaxy Watch Active2 способны отслеживать уровень стресса и анализировать сон, помогая сбалансировать режим засыпания и пробуждения.&lt;/p&gt;', 'Продажи новинок Galaxy Watch Active2');
INSERT INTO `PREFIX_DB_aridius_news_description` (`aridius_news_id`, `language_id`, `title`, `meta_description`, `meta_title`, `description`, `meta_keyword`) VALUES ('2', '2', 'Продажи новинок Galaxy Watch Active2', 'Продажи новинок Galaxy Watch Active2', 'Продажи новинок Galaxy Watch Active2', '&lt;p&gt;Модели нового поколения смарт-часов Samsung Galaxy Watch Active2 уже находятся на складе Юг-контракта и доступны для заказа.&lt;/p&gt;&lt;p&gt;&lt;br&gt;&lt;/p&gt;&lt;p&gt;Новые смарт-часы Samsung Galaxy Watch Active2 получили большой настраиваемый экран, обновленный стильный дизайн и усовершенствованный функционал, направленный на заботу о здоровье. Новинки доступны в вариантах с диаметром циферблата 44 мм и 40 мм, а также в двух вариантах отделки корпуса: легком алюминиевом с практичным ремешком из фторэластомера (FKM) и премиальном стальном с кожаным ремешком. Съемный браслет может быть с легкостью заменен на любой другой, подходящий под стиль одежды и настроение. Изображение на дисплее можно настроить автоматически с помощью алгоритма подбора цвета My Style1, для чего достаточно загрузить фото своего образа в приложение Galaxy Wearable и выбрать один из пяти цветовых стилей.&lt;/p&gt;&lt;p&gt;&lt;br&gt;&lt;/p&gt;&lt;p&gt;Изюминка новинки – цифровой сенсорный безель, при помощи которого можно легко и удобно перемещаться по меню и управлять функциями часов. Super AMOLED дисплей с разрешением 360 x 360 точек защищен ударопрочным стеклом Corning Gorilla Glass DX+. Коммуникационные возможности данных смарт-часов определяются наличием интерфейсов Bluetooth, Wi-Fi b/g/n, NFC, A-GPS. На тыльной стороне Galaxy Watch Active2 установлены усовершенствованные датчики, способные считывать данные еще быстрее, благодаря чему пользователь моментально получает актуальную информацию о физиологических показателях своего организма.&lt;/p&gt;&lt;p&gt;&lt;br&gt;&lt;/p&gt;&lt;p&gt;Смарт-часы Galaxy Watch Active2 позволяют отслеживать более 39 типов тренировок, семь из которых активируются автоматически – в том числе бег, ходьба, езда на велосипеде, плавание, гребля, эллиптический тренажер и динамические тренировки. С обновленной функцией Running Coach пользователь может определять скорость бега в режиме реального времени и выбирать любую из семи различных программ для занятия. Кроме того, часы Galaxy Watch Active2 способны отслеживать уровень стресса и анализировать сон, помогая сбалансировать режим засыпания и пробуждения.&lt;/p&gt;&lt;p&gt;&lt;br&gt;&lt;/p&gt;&lt;p&gt;&lt;br&gt;&lt;/p&gt;', 'Продажи новинок Galaxy Watch Active2');
INSERT INTO `PREFIX_DB_aridius_news_description` (`aridius_news_id`, `language_id`, `title`, `meta_description`, `meta_title`, `description`, `meta_keyword`) VALUES ('4', '1', 'Одежда под брендом Oxouno', 'Одежда под брендом Oxouno', 'Одежда под брендом Oxouno', '&lt;p&gt;Сегодняшний легпром пестрит самыми разными проектами в одежной, обувной, текстильной отраслях — производить в России наконец стало выгодно, и малый и средний бизнес начал активно развивать новые продукты. Тем более что и рыночная обстановка этому способствует: из-за экономической стагнации, антироссийских санкций, роста курса доллара и прочих факторов целый ряд крупных иностранных операторов, выпускающих простую, недорогую и качественную одежду, ушли с российского рынка или сократили свое присутствие. К тому же потребитель устал от однотипного и не всегда качественного предложения международных розничных сетей, что дало возможность российским предпринимателям заявить о себе. Появились как отдельные модные дизайнерские проекты, так и производства, стремящиеся занять нишу индустриальных игроков. Причем новые предприятия создаются не только в Москве, где самый большой рынок сбыта в стране, но и в регионах. Как правило, конкурентные преимущества последних — гибкость, попытка создать уникальную и качественную продукцию за небольшие деньги, что и привлекает потребителей.&lt;/p&gt;&lt;p&gt;Одна из таких компаний нового типа — Sartoria uno, базирующаяся в Таганроге Ростовской области и выпускающая одежду под брендом Oxouno. В основе ее стратегии — японская технологичность: компанию привлекает опыт одной из наиболее технологичных компаний на одежном мировом рынке — японской Uniqlo, производство оснащено суперсовременным японским оборудованием, а в основе идеологии бизнеса — японская философия: «качество плюс трудолюбие».&lt;/p&gt;&lt;p&gt;На сегодняшний день Sartoria uno создает базовые вещи — нижний и верхний трикотаж, от трусов и термобелья до спортивных костюмов. Она не пытается конкурировать по цене с турецкими и китайскими фабриками, а во главу угла ставит качество. В компании рассказывают, что не изобретают велосипед, а собирают лучшие технологии со всего мира. Смотрят на лучшие образцы, дорабатывают их и в результате предлагают покупателям товар европейского качества по приемлемым ценам.&lt;/p&gt;&lt;p&gt;Сегодняшние амбиции бренда Oxouno, несмотря на его всего лишь двухлетнюю историю, высоки — стать лидерами рынка домашней одежды в среднем ценовом сегменте. «Мы планируем выстроить крупную компанию. Для этого создали команду, всю инфраструктуру, которая необходима для организации производства, от раскроя до складов. Причем мы видим, что вопрос масштабирования не потребует больших затрат. Нам достаточно добавить швей, и мы в короткие сроки можем кратно нарастить производство. Мы идем от продаж и при увеличении спроса не видим пределов своего роста», — уверен основатель Sartoria uno &lt;strong&gt;Алексей Едуш&lt;/strong&gt;.&lt;/p&gt;', 'Одежда под брендом Oxouno');
INSERT INTO `PREFIX_DB_aridius_news_description` (`aridius_news_id`, `language_id`, `title`, `meta_description`, `meta_title`, `description`, `meta_keyword`) VALUES ('4', '2', 'Одежда под брендом Oxouno', 'Одежда под брендом Oxouno', 'Одежда под брендом Oxouno', '&lt;p&gt;Сегодняшний легпром пестрит самыми разными проектами в одежной, обувной, текстильной отраслях — производить в России наконец стало выгодно, и малый и средний бизнес начал активно развивать новые продукты. Тем более что и рыночная обстановка этому способствует: из-за экономической стагнации, антироссийских санкций, роста курса доллара и прочих факторов целый ряд крупных иностранных операторов, выпускающих простую, недорогую и качественную одежду, ушли с российского рынка или сократили свое присутствие. К тому же потребитель устал от однотипного и не всегда качественного предложения международных розничных сетей, что дало возможность российским предпринимателям заявить о себе. Появились как отдельные модные дизайнерские проекты, так и производства, стремящиеся занять нишу индустриальных игроков. Причем новые предприятия создаются не только в Москве, где самый большой рынок сбыта в стране, но и в регионах. Как правило, конкурентные преимущества последних — гибкость, попытка создать уникальную и качественную продукцию за небольшие деньги, что и привлекает потребителей.&lt;/p&gt;&lt;p&gt;Одна из таких компаний нового типа — Sartoria uno, базирующаяся в Таганроге Ростовской области и выпускающая одежду под брендом Oxouno. В основе ее стратегии — японская технологичность: компанию привлекает опыт одной из наиболее технологичных компаний на одежном мировом рынке — японской Uniqlo, производство оснащено суперсовременным японским оборудованием, а в основе идеологии бизнеса — японская философия: «качество плюс трудолюбие».&lt;/p&gt;&lt;p&gt;На сегодняшний день Sartoria uno создает базовые вещи — нижний и верхний трикотаж, от трусов и термобелья до спортивных костюмов. Она не пытается конкурировать по цене с турецкими и китайскими фабриками, а во главу угла ставит качество. В компании рассказывают, что не изобретают велосипед, а собирают лучшие технологии со всего мира. Смотрят на лучшие образцы, дорабатывают их и в результате предлагают покупателям товар европейского качества по приемлемым ценам.&lt;/p&gt;&lt;p&gt;Сегодняшние амбиции бренда Oxouno, несмотря на его всего лишь двухлетнюю историю, высоки — стать лидерами рынка домашней одежды в среднем ценовом сегменте. «Мы планируем выстроить крупную компанию. Для этого создали команду, всю инфраструктуру, которая необходима для организации производства, от раскроя до складов. Причем мы видим, что вопрос масштабирования не потребует больших затрат. Нам достаточно добавить швей, и мы в короткие сроки можем кратно нарастить производство. Мы идем от продаж и при увеличении спроса не видим пределов своего роста», — уверен основатель Sartoria uno &lt;strong&gt;Алексей Едуш&lt;/strong&gt;.&lt;/p&gt;', 'Одежда под брендом Oxouno');
INSERT INTO `PREFIX_DB_aridius_news_description` (`aridius_news_id`, `language_id`, `title`, `meta_description`, `meta_title`, `description`, `meta_keyword`) VALUES ('5', '2', '14 вещей, которые делают интерьер морально устаревшим', '14 вещей, которые делают интерьер морально устаревшим', '14 вещей, которые делают интерьер морально устаревшим', '&lt;p&gt;За годы работы я нашла «свое» определение уникальным интерьерам. Лично я называю уникальностью то, к чему ваш глаз в интерьере все еще не привык. Что вам хочется рассматривать, сравнивать, к чему хочется чувствовать свою сопричастность и через пол года после окончания ремонта. Модные вещи через пару сезонов превращаются в шаржи для следующих поколений. «Проверенные временем» приемы вызывают тягучее ощущение «ничего нового» (а ваших сил, времени и денег при том было потрачено до обидного много).&lt;br&gt;&lt;br&gt;Так перестаньте понимать буквально дизайнерские аксиомы. В этой статье я расскажу, что с ними не так.            &lt;/p&gt;&lt;p&gt;&lt;b&gt;Гарнитуры — разбиваем&lt;/b&gt;&lt;br&gt;Дизайн-блоги отлично объяснили нам, чем плохи гарнитуры: кресла и одинаковый с ними диван, стол и стулья, люстра и настенные светильники не должны быть из одной коллекции. Такой подход напоминает филиал шоу-рума — предсказуемо и неинтересно до боли: предметы не «разговаривают» друг с другом, они сосуществуют, как машины в пробке.&lt;br&gt;&lt;br&gt;Но мало кто понимает, что относится это правило не только к мебельным наборам из одной коллекции. То же верно в отношении предметов одной фабрики / одной эпохи / одной страны — это не так явно, но, поверьте, вещи имеют единый культурный код, и со временем это будет вами прочитано и заучено. Самый большой декораторский секрет — заставить благородные предметы разных марок, стран, эпох и цветов сработать вместе.&lt;/p&gt;&lt;p&gt;&lt;b&gt;Люстре — быть&lt;/b&gt;&lt;br&gt;Что дает свет в нашей квартире или доме? Самый вероятный ответ — люстра. Я бы сказала, одна из самых недооцененных фигур в интерьере. Перестаньте воспринимать люстру (а следовательно — выбирать)  как основной источник света в комнате. Устарела морально не люстра, а вот это ваше к ней отношение. Люстра — это, в определенном смысле, арт-объект, который, конечно, дает свет, но это вторично. Необходимого уровня освещенности можно добиться с помощью технического света. Тогда как люстра — это, скорее, «про красоту». &lt;br&gt;&lt;br&gt;&lt;b&gt;Совет:&lt;/b&gt; не стоит заливать ярким светом комнаты, достаточно выделить акценты — там, где свет будет действительно нужен, исходя из вашего образа жизни, В помощь вам есть торшеры, бра, настольные лампы, различные виды подсветок&lt;/p&gt;&lt;p&gt;&lt;b&gt;Дерево в интерьере — не только дуб&lt;/b&gt;&lt;br&gt;Подавляющее большинство деревянных и псевдодеревянных поверхностей в нашей стране имеют дубовый рисунок и текстуру, и это  не только паркетные и массивные доски, но и поверхности столов, рисунки ламинатов, шпоны дверей. Этот рисунок на генетическом уровне пропитал нас. А значит, итог — скука и предсказуемость: «это мы уже видели». При этом практически у любого производителя есть фактуры других пород дерева. Даже в сетевых строительных магазинах присутствуют паркеты и паркетные / инженерные доски из ясеня, ореха, клена и др. по цене, соразмерной цене дуба. Многие производители дверей имеют двери в актуальных шпонах ясеня, ореха, вишни.&lt;br&gt;&lt;/p&gt;', '14 вещей, которые делают интерьер морально устаревшим');
INSERT INTO `PREFIX_DB_aridius_news_description` (`aridius_news_id`, `language_id`, `title`, `meta_description`, `meta_title`, `description`, `meta_keyword`) VALUES ('6', '2', 'Новинки Microsoft: компьютеры и наушники', 'Новинки Microsoft: компьютеры и наушники', 'Новинки Microsoft: компьютеры и наушники', '&lt;p&gt;Microsoft провела большую презентацию, на которой представила ряд своих новинок — моноблок Surface Studio 2, ноутбук Surface Laptop 2, планшет Surface Pro 6 и беспроводные наушники Surface Headphones.&lt;/p&gt;&lt;p&gt;&lt;strong&gt;Surface Studio 2&lt;/strong&gt;&lt;/p&gt;&lt;p&gt;Новый моноблок получил 28-дюймовый сенсорный дисплей с разрешением 4500×3000 пикселей. Он поддерживает до десяти одновременный касаний и работу с первом Surface Pen, которое входит в комплект вместе с беспроводной клавиатурой и мышью.&lt;/p&gt;&lt;p&gt;По железу новинка включает в себя процессор Intel Core i7-7820HQ, до 32 ГБ оперативной памяти, SSD объемом до 2 ТБ и видеокарту Nvidia GeForce GTX 1060 с 6 ГБ видеопамяти или GeForce GTX 1070 с 8 ГБ.&lt;/p&gt;&lt;p&gt;По разъемам имеются четыре USB 3.0, слот для SD-карт и разъем USB Type-C. Стоимость Surface Studio 2 начинается от $3 499. Точная дата старта продаж пока не объявлена.&lt;/p&gt;&lt;p&gt;&lt;strong&gt;Surface Laptop 2&lt;/strong&gt;&lt;/p&gt;&lt;p&gt;Ноутбук Surface Laptop 2 оснастили 13,5-дюймовым сенсорным экраном с разрешение 2256×1504 пикселей и контрастностью 1500:1.&lt;/p&gt;&lt;p&gt;Младшая версия включает в себя процессор Intel Core i5 восьмого поколения, 8 ГБ оперативки и SSD на 128 ГБ. Старшая модель обладает процессором Intel Core i7, 16 ГБ оперативки и SSD до 1 ТБ.&lt;/p&gt;&lt;p&gt;Ноутбук оснащен разъемом USB 3.0, гнездом для наушников и выходом Mini DisplayPort. Время работы на одной зарядки составит до 14,5 часов.&lt;/p&gt;&lt;p&gt;Купить Surface Laptop 2 можно будет с 16 октября по цене от $999.&lt;/p&gt;&lt;p&gt;&lt;strong&gt;Surface Pro 6&lt;/strong&gt;&lt;/p&gt;&lt;p&gt;Планшет оснастили 12,3-дюймовым сенсорным экраном с разрешением 2736×1824 пикселей. Он может распознавать до десяти одновременных нажатий. При желании можно подключить фирменную клавиатуру Type Cover.&lt;/p&gt;&lt;p&gt;Surface Pro 6, в зависимости от конфигурации, обладает процессорами Intel Core i5 или i7 восьмого поколения. Объем оперативной памяти составляет 8/16 ГБ, а для хранения данных предусмотрен SSD-накопитель емкостью от 128 до 1 ТБ.&lt;/p&gt;&lt;p&gt;Что касается разъемов, то на корпусе есть один USB 3.0, 3,5-мм аудиоджек, слот для SD-карт и Mini DisplayPort. Время автономной работы заявлено на уровне до 13,5 часов. Цена на Surface Pro 6 начинается от $899. Старт продаж запланирован на 16 октября.&lt;/p&gt;&lt;p&gt;&lt;strong&gt;Surface Headphones&lt;/strong&gt;&lt;/p&gt;&lt;p&gt;Это первые беспроводные наушники, выпущенные компанией Microsoft. Они обладают 40-мм динамиками, четырьмя микрофонами и системой шумоподавления. Уровень шумодава можно регулировать.&lt;/p&gt;&lt;p&gt;&lt;br&gt;&lt;/p&gt;', 'Новинки MiНовинки Microsoft: компьютеры и наушники');
INSERT INTO `PREFIX_DB_aridius_news_description` (`aridius_news_id`, `language_id`, `title`, `meta_description`, `meta_title`, `description`, `meta_keyword`) VALUES ('6', '1', 'Новинки Microsoft: компьютеры и наушники', 'Новинки Microsoft: компьютеры и наушники', 'Новинки Microsoft: компьютеры и наушники', '&lt;p&gt;Microsoft провела большую презентацию, на которой представила ряд своих новинок — моноблок Surface Studio 2, ноутбук Surface Laptop 2, планшет Surface Pro 6 и беспроводные наушники Surface Headphones.&lt;/p&gt;&lt;p&gt;&lt;strong&gt;Surface Studio 2&lt;/strong&gt;&lt;/p&gt;&lt;p&gt;Новый моноблок получил 28-дюймовый сенсорный дисплей с разрешением 4500×3000 пикселей. Он поддерживает до десяти одновременный касаний и работу с первом Surface Pen, которое входит в комплект вместе с беспроводной клавиатурой и мышью.&lt;/p&gt;&lt;p&gt;По железу новинка включает в себя процессор Intel Core i7-7820HQ, до 32 ГБ оперативной памяти, SSD объемом до 2 ТБ и видеокарту Nvidia GeForce GTX 1060 с 6 ГБ видеопамяти или GeForce GTX 1070 с 8 ГБ.&lt;/p&gt;&lt;p&gt;По разъемам имеются четыре USB 3.0, слот для SD-карт и разъем USB Type-C. Стоимость Surface Studio 2 начинается от $3 499. Точная дата старта продаж пока не объявлена.&lt;/p&gt;&lt;p&gt;&lt;strong&gt;Surface Laptop 2&lt;/strong&gt;&lt;/p&gt;&lt;p&gt;Ноутбук Surface Laptop 2 оснастили 13,5-дюймовым сенсорным экраном с разрешение 2256×1504 пикселей и контрастностью 1500:1.&lt;/p&gt;&lt;p&gt;Младшая версия включает в себя процессор Intel Core i5 восьмого поколения, 8 ГБ оперативки и SSD на 128 ГБ. Старшая модель обладает процессором Intel Core i7, 16 ГБ оперативки и SSD до 1 ТБ.&lt;/p&gt;&lt;p&gt;Ноутбук оснащен разъемом USB 3.0, гнездом для наушников и выходом Mini DisplayPort. Время работы на одной зарядки составит до 14,5 часов.&lt;/p&gt;&lt;p&gt;Купить Surface Laptop 2 можно будет с 16 октября по цене от $999.&lt;/p&gt;&lt;p&gt;&lt;strong&gt;Surface Pro 6&lt;/strong&gt;&lt;/p&gt;&lt;p&gt;Планшет оснастили 12,3-дюймовым сенсорным экраном с разрешением 2736×1824 пикселей. Он может распознавать до десяти одновременных нажатий. При желании можно подключить фирменную клавиатуру Type Cover.&lt;/p&gt;&lt;p&gt;Surface Pro 6, в зависимости от конфигурации, обладает процессорами Intel Core i5 или i7 восьмого поколения. Объем оперативной памяти составляет 8/16 ГБ, а для хранения данных предусмотрен SSD-накопитель емкостью от 128 до 1 ТБ.&lt;/p&gt;&lt;p&gt;Что касается разъемов, то на корпусе есть один USB 3.0, 3,5-мм аудиоджек, слот для SD-карт и Mini DisplayPort. Время автономной работы заявлено на уровне до 13,5 часов. Цена на Surface Pro 6 начинается от $899. Старт продаж запланирован на 16 октября.&lt;/p&gt;&lt;p&gt;&lt;strong&gt;Surface Headphones&lt;/strong&gt;&lt;/p&gt;&lt;p&gt;Это первые беспроводные наушники, выпущенные компанией Microsoft. Они обладают 40-мм динамиками, четырьмя микрофонами и системой шумоподавления. Уровень шумодава можно регулировать.&lt;/p&gt;&lt;p&gt;&lt;br&gt;&lt;/p&gt;', 'Новинки Microsoft: компьютеры и наушники');
INSERT INTO `PREFIX_DB_aridius_news_description` (`aridius_news_id`, `language_id`, `title`, `meta_description`, `meta_title`, `description`, `meta_keyword`) VALUES ('5', '1', '14 вещей, которые делают интерьер морально устаревшим', '14 вещей, которые делают интерьер морально устаревшим', '14 вещей, которые делают интерьер морально устаревшим', '&lt;p&gt;За годы работы я нашла «свое» определение уникальным интерьерам. Лично я называю уникальностью то, к чему ваш глаз в интерьере все еще не привык. Что вам хочется рассматривать, сравнивать, к чему хочется чувствовать свою сопричастность и через пол года после окончания ремонта. Модные вещи через пару сезонов превращаются в шаржи для следующих поколений. «Проверенные временем» приемы вызывают тягучее ощущение «ничего нового» (а ваших сил, времени и денег при том было потрачено до обидного много).&lt;br&gt;&lt;br&gt;Так перестаньте понимать буквально дизайнерские аксиомы. В этой статье я расскажу, что с ними не так.            &lt;/p&gt;&lt;p&gt;&lt;br&gt;&lt;/p&gt;&lt;p&gt;&lt;b&gt;Гарнитуры — разбиваем&lt;/b&gt;&lt;br&gt;Дизайн-блоги отлично объяснили нам, чем плохи гарнитуры: кресла и одинаковый с ними диван, стол и стулья, люстра и настенные светильники не должны быть из одной коллекции. Такой подход напоминает филиал шоу-рума — предсказуемо и неинтересно до боли: предметы не «разговаривают» друг с другом, они сосуществуют, как машины в пробке.&lt;br&gt;&lt;br&gt;Но мало кто понимает, что относится это правило не только к мебельным наборам из одной коллекции. То же верно в отношении предметов одной фабрики / одной эпохи / одной страны — это не так явно, но, поверьте, вещи имеют единый культурный код, и со временем это будет вами прочитано и заучено. Самый большой декораторский секрет — заставить благородные предметы разных марок, стран, эпох и цветов сработать вместе.&lt;/p&gt;&lt;p&gt;&lt;br&gt;&lt;/p&gt;&lt;p&gt;&lt;b&gt;Люстре — быть&lt;/b&gt;&lt;br&gt;Что дает свет в нашей квартире или доме? Самый вероятный ответ — люстра. Я бы сказала, одна из самых недооцененных фигур в интерьере. Перестаньте воспринимать люстру (а следовательно — выбирать)  как основной источник света в комнате. Устарела морально не люстра, а вот это ваше к ней отношение. Люстра — это, в определенном смысле, арт-объект, который, конечно, дает свет, но это вторично. Необходимого уровня освещенности можно добиться с помощью технического света. Тогда как люстра — это, скорее, «про красоту». &lt;br&gt;&lt;br&gt;&lt;b&gt;Совет:&lt;/b&gt; не стоит заливать ярким светом комнаты, достаточно выделить акценты — там, где свет будет действительно нужен, исходя из вашего образа жизни, В помощь вам есть торшеры, бра, настольные лампы, различные виды подсветок&lt;/p&gt;&lt;p&gt;&lt;br&gt;&lt;/p&gt;&lt;p&gt;&lt;b&gt;Дерево в интерьере — не только дуб&lt;/b&gt;&lt;br&gt;Подавляющее большинство деревянных и псевдодеревянных поверхностей в нашей стране имеют дубовый рисунок и текстуру, и это  не только паркетные и массивные доски, но и поверхности столов, рисунки ламинатов, шпоны дверей. Этот рисунок на генетическом уровне пропитал нас. А значит, итог — скука и предсказуемость: «это мы уже видели». При этом практически у любого производителя есть фактуры других пород дерева. Даже в сетевых строительных магазинах присутствуют паркеты и паркетные / инженерные доски из ясеня, ореха, клена и др. по цене, соразмерной цене дуба. Многие производители дверей имеют двери в актуальных шпонах ясеня, ореха, вишни.&lt;br&gt;&lt;/p&gt;&lt;p&gt;&lt;br&gt;&lt;/p&gt;', '14 вещей, которые делают интерьер морально устаревшим');


TRUNCATE TABLE `PREFIX_DB_aridius_news_product_related`;

INSERT INTO `PREFIX_DB_aridius_news_product_related` (`aridius_news_id`, `product_id`) VALUES ('1', '29');
INSERT INTO `PREFIX_DB_aridius_news_product_related` (`aridius_news_id`, `product_id`) VALUES ('1', '33');
INSERT INTO `PREFIX_DB_aridius_news_product_related` (`aridius_news_id`, `product_id`) VALUES ('1', '40');
INSERT INTO `PREFIX_DB_aridius_news_product_related` (`aridius_news_id`, `product_id`) VALUES ('1', '41');
INSERT INTO `PREFIX_DB_aridius_news_product_related` (`aridius_news_id`, `product_id`) VALUES ('1', '43');
INSERT INTO `PREFIX_DB_aridius_news_product_related` (`aridius_news_id`, `product_id`) VALUES ('1', '44');
INSERT INTO `PREFIX_DB_aridius_news_product_related` (`aridius_news_id`, `product_id`) VALUES ('1', '48');
INSERT INTO `PREFIX_DB_aridius_news_product_related` (`aridius_news_id`, `product_id`) VALUES ('1', '49');
INSERT INTO `PREFIX_DB_aridius_news_product_related` (`aridius_news_id`, `product_id`) VALUES ('2', '29');
INSERT INTO `PREFIX_DB_aridius_news_product_related` (`aridius_news_id`, `product_id`) VALUES ('2', '33');
INSERT INTO `PREFIX_DB_aridius_news_product_related` (`aridius_news_id`, `product_id`) VALUES ('2', '40');
INSERT INTO `PREFIX_DB_aridius_news_product_related` (`aridius_news_id`, `product_id`) VALUES ('2', '41');
INSERT INTO `PREFIX_DB_aridius_news_product_related` (`aridius_news_id`, `product_id`) VALUES ('2', '43');
INSERT INTO `PREFIX_DB_aridius_news_product_related` (`aridius_news_id`, `product_id`) VALUES ('2', '44');
INSERT INTO `PREFIX_DB_aridius_news_product_related` (`aridius_news_id`, `product_id`) VALUES ('2', '48');
INSERT INTO `PREFIX_DB_aridius_news_product_related` (`aridius_news_id`, `product_id`) VALUES ('2', '49');
INSERT INTO `PREFIX_DB_aridius_news_product_related` (`aridius_news_id`, `product_id`) VALUES ('4', '29');
INSERT INTO `PREFIX_DB_aridius_news_product_related` (`aridius_news_id`, `product_id`) VALUES ('4', '33');
INSERT INTO `PREFIX_DB_aridius_news_product_related` (`aridius_news_id`, `product_id`) VALUES ('4', '40');
INSERT INTO `PREFIX_DB_aridius_news_product_related` (`aridius_news_id`, `product_id`) VALUES ('4', '41');
INSERT INTO `PREFIX_DB_aridius_news_product_related` (`aridius_news_id`, `product_id`) VALUES ('4', '43');
INSERT INTO `PREFIX_DB_aridius_news_product_related` (`aridius_news_id`, `product_id`) VALUES ('4', '44');
INSERT INTO `PREFIX_DB_aridius_news_product_related` (`aridius_news_id`, `product_id`) VALUES ('4', '48');
INSERT INTO `PREFIX_DB_aridius_news_product_related` (`aridius_news_id`, `product_id`) VALUES ('4', '49');
INSERT INTO `PREFIX_DB_aridius_news_product_related` (`aridius_news_id`, `product_id`) VALUES ('5', '29');
INSERT INTO `PREFIX_DB_aridius_news_product_related` (`aridius_news_id`, `product_id`) VALUES ('5', '33');
INSERT INTO `PREFIX_DB_aridius_news_product_related` (`aridius_news_id`, `product_id`) VALUES ('5', '40');
INSERT INTO `PREFIX_DB_aridius_news_product_related` (`aridius_news_id`, `product_id`) VALUES ('5', '41');
INSERT INTO `PREFIX_DB_aridius_news_product_related` (`aridius_news_id`, `product_id`) VALUES ('5', '43');
INSERT INTO `PREFIX_DB_aridius_news_product_related` (`aridius_news_id`, `product_id`) VALUES ('5', '44');
INSERT INTO `PREFIX_DB_aridius_news_product_related` (`aridius_news_id`, `product_id`) VALUES ('5', '48');
INSERT INTO `PREFIX_DB_aridius_news_product_related` (`aridius_news_id`, `product_id`) VALUES ('5', '49');
INSERT INTO `PREFIX_DB_aridius_news_product_related` (`aridius_news_id`, `product_id`) VALUES ('6', '29');
INSERT INTO `PREFIX_DB_aridius_news_product_related` (`aridius_news_id`, `product_id`) VALUES ('6', '33');
INSERT INTO `PREFIX_DB_aridius_news_product_related` (`aridius_news_id`, `product_id`) VALUES ('6', '40');
INSERT INTO `PREFIX_DB_aridius_news_product_related` (`aridius_news_id`, `product_id`) VALUES ('6', '41');
INSERT INTO `PREFIX_DB_aridius_news_product_related` (`aridius_news_id`, `product_id`) VALUES ('6', '43');
INSERT INTO `PREFIX_DB_aridius_news_product_related` (`aridius_news_id`, `product_id`) VALUES ('6', '44');
INSERT INTO `PREFIX_DB_aridius_news_product_related` (`aridius_news_id`, `product_id`) VALUES ('6', '48');
INSERT INTO `PREFIX_DB_aridius_news_product_related` (`aridius_news_id`, `product_id`) VALUES ('6', '49');


TRUNCATE TABLE `PREFIX_DB_aridius_news_related`;

INSERT INTO `PREFIX_DB_aridius_news_related` (`aridius_news_id`, `related_aridius_news_id`) VALUES ('1', '1');
INSERT INTO `PREFIX_DB_aridius_news_related` (`aridius_news_id`, `related_aridius_news_id`) VALUES ('1', '2');
INSERT INTO `PREFIX_DB_aridius_news_related` (`aridius_news_id`, `related_aridius_news_id`) VALUES ('1', '4');
INSERT INTO `PREFIX_DB_aridius_news_related` (`aridius_news_id`, `related_aridius_news_id`) VALUES ('1', '5');
INSERT INTO `PREFIX_DB_aridius_news_related` (`aridius_news_id`, `related_aridius_news_id`) VALUES ('1', '6');
INSERT INTO `PREFIX_DB_aridius_news_related` (`aridius_news_id`, `related_aridius_news_id`) VALUES ('2', '1');
INSERT INTO `PREFIX_DB_aridius_news_related` (`aridius_news_id`, `related_aridius_news_id`) VALUES ('2', '2');
INSERT INTO `PREFIX_DB_aridius_news_related` (`aridius_news_id`, `related_aridius_news_id`) VALUES ('2', '4');
INSERT INTO `PREFIX_DB_aridius_news_related` (`aridius_news_id`, `related_aridius_news_id`) VALUES ('2', '5');
INSERT INTO `PREFIX_DB_aridius_news_related` (`aridius_news_id`, `related_aridius_news_id`) VALUES ('2', '6');
INSERT INTO `PREFIX_DB_aridius_news_related` (`aridius_news_id`, `related_aridius_news_id`) VALUES ('4', '1');
INSERT INTO `PREFIX_DB_aridius_news_related` (`aridius_news_id`, `related_aridius_news_id`) VALUES ('4', '2');
INSERT INTO `PREFIX_DB_aridius_news_related` (`aridius_news_id`, `related_aridius_news_id`) VALUES ('4', '4');
INSERT INTO `PREFIX_DB_aridius_news_related` (`aridius_news_id`, `related_aridius_news_id`) VALUES ('4', '5');
INSERT INTO `PREFIX_DB_aridius_news_related` (`aridius_news_id`, `related_aridius_news_id`) VALUES ('4', '6');
INSERT INTO `PREFIX_DB_aridius_news_related` (`aridius_news_id`, `related_aridius_news_id`) VALUES ('5', '1');
INSERT INTO `PREFIX_DB_aridius_news_related` (`aridius_news_id`, `related_aridius_news_id`) VALUES ('5', '2');
INSERT INTO `PREFIX_DB_aridius_news_related` (`aridius_news_id`, `related_aridius_news_id`) VALUES ('5', '4');
INSERT INTO `PREFIX_DB_aridius_news_related` (`aridius_news_id`, `related_aridius_news_id`) VALUES ('5', '5');
INSERT INTO `PREFIX_DB_aridius_news_related` (`aridius_news_id`, `related_aridius_news_id`) VALUES ('5', '6');
INSERT INTO `PREFIX_DB_aridius_news_related` (`aridius_news_id`, `related_aridius_news_id`) VALUES ('6', '1');
INSERT INTO `PREFIX_DB_aridius_news_related` (`aridius_news_id`, `related_aridius_news_id`) VALUES ('6', '2');
INSERT INTO `PREFIX_DB_aridius_news_related` (`aridius_news_id`, `related_aridius_news_id`) VALUES ('6', '4');
INSERT INTO `PREFIX_DB_aridius_news_related` (`aridius_news_id`, `related_aridius_news_id`) VALUES ('6', '5');
INSERT INTO `PREFIX_DB_aridius_news_related` (`aridius_news_id`, `related_aridius_news_id`) VALUES ('6', '6');


TRUNCATE TABLE `PREFIX_DB_aridius_news_to_store`;

INSERT INTO `PREFIX_DB_aridius_news_to_store` (`aridius_news_id`, `store_id`) VALUES ('1', '0');
INSERT INTO `PREFIX_DB_aridius_news_to_store` (`aridius_news_id`, `store_id`) VALUES ('2', '0');
INSERT INTO `PREFIX_DB_aridius_news_to_store` (`aridius_news_id`, `store_id`) VALUES ('4', '0');
INSERT INTO `PREFIX_DB_aridius_news_to_store` (`aridius_news_id`, `store_id`) VALUES ('5', '0');
INSERT INTO `PREFIX_DB_aridius_news_to_store` (`aridius_news_id`, `store_id`) VALUES ('6', '0');





TRUNCATE TABLE `PREFIX_DB_banner`;

INSERT INTO `PREFIX_DB_banner` (`banner_id`, `name`, `status`) VALUES ('7', 'Слайдшоу слева', '1');
INSERT INTO `PREFIX_DB_banner` (`banner_id`, `name`, `status`) VALUES ('8', 'Производители', '1');
INSERT INTO `PREFIX_DB_banner` (`banner_id`, `name`, `status`) VALUES ('9', 'баннер правый 1', '1');
INSERT INTO `PREFIX_DB_banner` (`banner_id`, `name`, `status`) VALUES ('10', 'баннер правый 2', '1');
INSERT INTO `PREFIX_DB_banner` (`banner_id`, `name`, `status`) VALUES ('12', 'баннер средина 1', '1');
INSERT INTO `PREFIX_DB_banner` (`banner_id`, `name`, `status`) VALUES ('13', 'баннер средина 2', '1');
INSERT INTO `PREFIX_DB_banner` (`banner_id`, `name`, `status`) VALUES ('14', 'баннер средина 3', '1');
INSERT INTO `PREFIX_DB_banner` (`banner_id`, `name`, `status`) VALUES ('15', 'баннер низ', '1');
INSERT INTO `PREFIX_DB_banner` (`banner_id`, `name`, `status`) VALUES ('16', 'слайдер на всю ширину', '1');
INSERT INTO `PREFIX_DB_banner` (`banner_id`, `name`, `status`) VALUES ('17', 'баннер левая колонка', '1');
INSERT INTO `PREFIX_DB_banner` (`banner_id`, `name`, `status`) VALUES ('19', 'баннер вверх', '1');
INSERT INTO `PREFIX_DB_banner` (`banner_id`, `name`, `status`) VALUES ('20', 'Слайдшоу слева если есть левая колонка', '1');
INSERT INTO `PREFIX_DB_banner` (`banner_id`, `name`, `status`) VALUES ('22', 'баннер правый 1 если включена левая колонка', '1');
INSERT INTO `PREFIX_DB_banner` (`banner_id`, `name`, `status`) VALUES ('23', 'баннер правый 2 если включена левая колонка', '1');
INSERT INTO `PREFIX_DB_banner` (`banner_id`, `name`, `status`) VALUES ('24', 'слайдер с шапкой', '1');


TRUNCATE TABLE `PREFIX_DB_banner_image`;

INSERT INTO `PREFIX_DB_banner_image` (`banner_image_id`, `banner_id`, `language_id`, `title`, `description`, `link`, `image`, `sort_order`) VALUES ('723', '8', '1', 'lakailer', '', 'laptop-notebook/ipod-classic', 'catalog/tovar/man/man2.jpg', '0');
INSERT INTO `PREFIX_DB_banner_image` (`banner_image_id`, `banner_id`, `language_id`, `title`, `description`, `link`, `image`, `sort_order`) VALUES ('722', '8', '1', 'harvest', '', 'laptop-notebook/ipod-classic', 'catalog/tovar/man/man3.jpg', '0');
INSERT INTO `PREFIX_DB_banner_image` (`banner_image_id`, `banner_id`, `language_id`, `title`, `description`, `link`, `image`, `sort_order`) VALUES ('721', '8', '1', 'landlock', '', 'laptop-notebook/ipod-classic', 'catalog/tovar/man/man4.jpg', '0');
INSERT INTO `PREFIX_DB_banner_image` (`banner_image_id`, `banner_id`, `language_id`, `title`, `description`, `link`, `image`, `sort_order`) VALUES ('703', '17', '2', 'sale', '', 'laptop-notebook/ipod-classic', 'catalog/banners_aurus/banner_1-362x175.png', '0');
INSERT INTO `PREFIX_DB_banner_image` (`banner_image_id`, `banner_id`, `language_id`, `title`, `description`, `link`, `image`, `sort_order`) VALUES ('720', '8', '1', 'spectrum', '', 'laptop-notebook/ipod-classic', 'catalog/tovar/man/man5.jpg', '0');
INSERT INTO `PREFIX_DB_banner_image` (`banner_image_id`, `banner_id`, `language_id`, `title`, `description`, `link`, `image`, `sort_order`) VALUES ('770', '7', '2', 'apple', '&lt;div class=&quot;text-slider1 ef-slider1&quot;&gt;Новая линейка&lt;/div&gt;&lt;div class=&quot;text-slider2 ef-slider2&quot;&gt;Водонепроницаемых часов&lt;/div&gt;&lt;div class=&quot;text-slider3 ef-slider3&quot;&gt;От Apple&lt;/div&gt;&lt;div class=&quot;text-slider4 ef-slider4&quot;&gt;&lt;a class=&quot;btn-slider&quot; href=&quot;laptop-notebook/ipod-classic&quot; role=&quot;button&quot;&gt;Подробнее&lt;/a&gt;&lt;/div&gt;', 'desktops/', 'catalog/banners_aurus/left2.jpg', '0');
INSERT INTO `PREFIX_DB_banner_image` (`banner_image_id`, `banner_id`, `language_id`, `title`, `description`, `link`, `image`, `sort_order`) VALUES ('771', '7', '2', 'apple', '&lt;div class=&quot;text-slider1&quot;&gt;Новая линейка&lt;/div&gt;&lt;div class=&quot;text-slider2&quot;&gt;Золотых изделий&lt;/div&gt;&lt;div class=&quot;text-slider3&quot;&gt;популярных брендов по доступным ценам&lt;/div&gt;&lt;div class=&quot;text-slider4 ef-slider4&quot;&gt;&lt;a class=&quot;btn-slider&quot; href=&quot;laptop-notebook/ipod-classic&quot; role=&quot;button&quot;&gt;Подробнее&lt;/a&gt;&lt;/div&gt;', 'desktops/', 'catalog/banners_aurus/left1.jpg', '1');
INSERT INTO `PREFIX_DB_banner_image` (`banner_image_id`, `banner_id`, `language_id`, `title`, `description`, `link`, `image`, `sort_order`) VALUES ('701', '19', '2', 'iphone', '', 'laptop-notebook/ipod-classic', 'catalog/banners_aurus/top-1920x30.jpg', '0');
INSERT INTO `PREFIX_DB_banner_image` (`banner_image_id`, `banner_id`, `language_id`, `title`, `description`, `link`, `image`, `sort_order`) VALUES ('713', '23', '2', 'sale', '&lt;a class=&quot;btn btn-bannerright1&quot; href=&quot;desktops/&quot; role=&quot;button&quot;&gt;Смотреть&lt;/a&gt;', 'desktops/', 'catalog/banners_aurus/right_col_left2.jpg', '0');
INSERT INTO `PREFIX_DB_banner_image` (`banner_image_id`, `banner_id`, `language_id`, `title`, `description`, `link`, `image`, `sort_order`) VALUES ('707', '9', '2', 'мебель', '&lt;span class = &quot;bannerright-text&quot;&gt;новая линейка &lt;/span&gt;', 'desktops/', 'catalog/banners_aurus/right1.jpg', '0');
INSERT INTO `PREFIX_DB_banner_image` (`banner_image_id`, `banner_id`, `language_id`, `title`, `description`, `link`, `image`, `sort_order`) VALUES ('709', '22', '2', 'lg', '&lt;span class = &quot;bannerright-text&quot;&gt;новая линейка &lt;/span&gt;', 'desktops/', 'catalog/banners_aurus/right_col_left1.jpg', '0');
INSERT INTO `PREFIX_DB_banner_image` (`banner_image_id`, `banner_id`, `language_id`, `title`, `description`, `link`, `image`, `sort_order`) VALUES ('710', '10', '1', 'мебель', '&lt;a class=&quot;btn btn-bannerright1&quot; href=&quot;laptop-notebook/ipod-classic&quot; role=&quot;button&quot;&gt;Смотреть&lt;/a&gt;', 'laptop-notebook/ipod-classic', 'catalog/banners_aurus/right2.jpg', '0');
INSERT INTO `PREFIX_DB_banner_image` (`banner_image_id`, `banner_id`, `language_id`, `title`, `description`, `link`, `image`, `sort_order`) VALUES ('715', '12', '2', 'apple', '&lt;span class = &quot;bannercenter-text&quot;&gt;новинка&lt;/span&gt;', 'desktops/', 'catalog/banners_aurus/md1.jpg', '0');
INSERT INTO `PREFIX_DB_banner_image` (`banner_image_id`, `banner_id`, `language_id`, `title`, `description`, `link`, `image`, `sort_order`) VALUES ('716', '13', '1', 'apple', '&lt;a class=&quot;btn btn-bannercenter&quot; href=&quot;laptop-notebook/ipod-classic&quot; role=&quot;button&quot;&gt;Смотреть&lt;/a&gt;', 'laptop-notebook/ipod-classic', 'catalog/banners_aurus/md3.jpg', '0');
INSERT INTO `PREFIX_DB_banner_image` (`banner_image_id`, `banner_id`, `language_id`, `title`, `description`, `link`, `image`, `sort_order`) VALUES ('719', '14', '2', 'apple', '&lt;a class=&quot;btn btn-bannercenter2&quot; href=&quot;desktops/&quot; role=&quot;button&quot;&gt;Смотреть&lt;/a&gt;', 'desktops/', 'catalog/banners_aurus/md2.jpg', '0');
INSERT INTO `PREFIX_DB_banner_image` (`banner_image_id`, `banner_id`, `language_id`, `title`, `description`, `link`, `image`, `sort_order`) VALUES ('705', '15', '2', 'sale', '&lt;a class=&quot;btn btn-bannerbottom&quot; href=&quot;laptop-notebook/ipod-classic&quot; role=&quot;button&quot;&gt;Смотреть&lt;/a&gt;', 'laptop-notebook/ipod-classic', 'catalog/banners_aurus/bot.jpg', '0');
INSERT INTO `PREFIX_DB_banner_image` (`banner_image_id`, `banner_id`, `language_id`, `title`, `description`, `link`, `image`, `sort_order`) VALUES ('761', '16', '2', 'apple', '', 'desktops/', 'catalog/banners_aurus/ful1.jpg', '0');
INSERT INTO `PREFIX_DB_banner_image` (`banner_image_id`, `banner_id`, `language_id`, `title`, `description`, `link`, `image`, `sort_order`) VALUES ('762', '16', '2', 'apple', '', 'desktops/', 'catalog/banners_aurus/ful2.jpg', '0');
INSERT INTO `PREFIX_DB_banner_image` (`banner_image_id`, `banner_id`, `language_id`, `title`, `description`, `link`, `image`, `sort_order`) VALUES ('758', '16', '1', 'apple', '&lt;div class=&quot;text-slider1 ef-slider1&quot;&gt;Новая линейка&lt;/div&gt;&lt;div class=&quot;text-slider2 ef-slider2&quot;&gt;Водонепроницаемых часов&lt;/div&gt;&lt;div class=&quot;text-slider3 ef-slider3&quot;&gt;От Apple&lt;/div&gt;&lt;div class=&quot;text-slider4 ef-slider4&quot;&gt;&lt;a class=&quot;btn-slider&quot; href=&quot;laptop-notebook/ipod-classic&quot; role=&quot;button&quot;&gt;Подробнее&lt;/a&gt;&lt;/div&gt;', 'laptop-notebook/ipod-classic', 'catalog/banners_aurus/ful1.jpg', '0');
INSERT INTO `PREFIX_DB_banner_image` (`banner_image_id`, `banner_id`, `language_id`, `title`, `description`, `link`, `image`, `sort_order`) VALUES ('759', '16', '1', 'apple', '&lt;div class=&quot;text-slider1&quot;&gt;Ароматизаторы и освежители воздуха&lt;/div&gt;&lt;div class=&quot;text-slider2 ef-slider2&quot;&gt;Только оригинальная продукция!&lt;/div&gt;&lt;div class=&quot;text-slider3 ef-slider3&quot;&gt;По лучшей цене&lt;/div&gt;&lt;div class=&quot;text-slider4 ef-slider4&quot;&gt;&lt;a class=&quot;btn-slider&quot; href=&quot;laptop-notebook/ipod-classic&quot; role=&quot;button&quot;&gt;Подробнее&lt;/a&gt;&lt;/div&gt;', 'laptop-notebook/ipod-classic', 'catalog/banners_aurus/ful2.jpg', '1');
INSERT INTO `PREFIX_DB_banner_image` (`banner_image_id`, `banner_id`, `language_id`, `title`, `description`, `link`, `image`, `sort_order`) VALUES ('768', '7', '1', 'apple', '&lt;div class=&quot;text-slider1 ef-slider1&quot;&gt;Новая линейка&lt;/div&gt;&lt;div class=&quot;text-slider2 ef-slider2&quot;&gt;Водонепроницаемых часов&lt;/div&gt;&lt;div class=&quot;text-slider3 ef-slider3&quot;&gt;От Apple&lt;/div&gt;&lt;div class=&quot;text-slider4 ef-slider4&quot;&gt;&lt;a class=&quot;btn-slider&quot; href=&quot;laptop-notebook/ipod-classic&quot; role=&quot;button&quot;&gt;Подробнее&lt;/a&gt;&lt;/div&gt;', 'laptop-notebook/ipod-classic', 'catalog/banners_aurus/left2.jpg', '0');
INSERT INTO `PREFIX_DB_banner_image` (`banner_image_id`, `banner_id`, `language_id`, `title`, `description`, `link`, `image`, `sort_order`) VALUES ('714', '12', '1', 'apple', '&lt;span class = &quot;bannercenter-text&quot;&gt;новинка&lt;/span&gt;', 'laptop-notebook/ipod-classic', 'catalog/banners_aurus/md1.jpg', '0');
INSERT INTO `PREFIX_DB_banner_image` (`banner_image_id`, `banner_id`, `language_id`, `title`, `description`, `link`, `image`, `sort_order`) VALUES ('763', '16', '2', 'apple', '', 'desktops/', 'catalog/banners_aurus/ful3.jpg', '0');
INSERT INTO `PREFIX_DB_banner_image` (`banner_image_id`, `banner_id`, `language_id`, `title`, `description`, `link`, `image`, `sort_order`) VALUES ('760', '16', '1', 'adidas', '&lt;div class=&quot;text-slider1&quot;&gt;Купить мужские кроссовки&lt;/div&gt;&lt;div class=&quot;text-slider2 ef-slider2&quot;&gt;Nike и Air Jordan&lt;/div&gt;&lt;div class=&quot;text-slider3 ef-slider3&quot;&gt;По лучшей цене&lt;/div&gt;&lt;div class=&quot;text-slider4 ef-slider4&quot;&gt;&lt;a class=&quot;btn-slider&quot; href=&quot;laptop-notebook/ipod-classic&quot; role=&quot;button&quot;&gt;Подробнее&lt;/a&gt;&lt;/div&gt;', 'laptop-notebook/ipod-classic', 'catalog/banners_aurus/ful3.jpg', '2');
INSERT INTO `PREFIX_DB_banner_image` (`banner_image_id`, `banner_id`, `language_id`, `title`, `description`, `link`, `image`, `sort_order`) VALUES ('769', '7', '1', 'apple', '&lt;div class=&quot;text-slider1&quot;&gt;Новая линейка&lt;/div&gt;&lt;div class=&quot;text-slider2&quot;&gt;Золотых изделий&lt;/div&gt;&lt;div class=&quot;text-slider3&quot;&gt;популярных брендов по доступным ценам&lt;/div&gt;&lt;div class=&quot;text-slider4 ef-slider4&quot;&gt;&lt;a class=&quot;btn-slider&quot; href=&quot;laptop-notebook/ipod-classic&quot; role=&quot;button&quot;&gt;Подробнее&lt;/a&gt;&lt;/div&gt;', 'laptop-notebook/ipod-classic', 'catalog/banners_aurus/left1.jpg', '1');
INSERT INTO `PREFIX_DB_banner_image` (`banner_image_id`, `banner_id`, `language_id`, `title`, `description`, `link`, `image`, `sort_order`) VALUES ('700', '19', '1', 'iphone', '', 'laptop-notebook/ipod-classic', 'catalog/banners_aurus/top-1920x30.jpg', '0');
INSERT INTO `PREFIX_DB_banner_image` (`banner_image_id`, `banner_id`, `language_id`, `title`, `description`, `link`, `image`, `sort_order`) VALUES ('711', '10', '2', 'мебель', '&lt;a class=&quot;btn btn-bannerright1&quot; href=&quot;desktops/&quot; role=&quot;button&quot;&gt;Смотреть&lt;/a&gt;', 'desktops/', 'catalog/banners_aurus/right2.jpg', '0');
INSERT INTO `PREFIX_DB_banner_image` (`banner_image_id`, `banner_id`, `language_id`, `title`, `description`, `link`, `image`, `sort_order`) VALUES ('706', '9', '1', 'техника', '&lt;span class = &quot;bannerright-text&quot;&gt;новая линейка &lt;/span&gt;', 'laptop-notebook/ipod-classic', 'catalog/banners_aurus/right1.jpg', '0');
INSERT INTO `PREFIX_DB_banner_image` (`banner_image_id`, `banner_id`, `language_id`, `title`, `description`, `link`, `image`, `sort_order`) VALUES ('717', '13', '2', 'apple', '&lt;a class=&quot;btn btn-bannercenter&quot; href=&quot;desktops/&quot; role=&quot;button&quot;&gt;Смотреть&lt;/a&gt;', 'desktops/', 'catalog/banners_aurus/md3.jpg', '0');
INSERT INTO `PREFIX_DB_banner_image` (`banner_image_id`, `banner_id`, `language_id`, `title`, `description`, `link`, `image`, `sort_order`) VALUES ('718', '14', '1', 'apple', '&lt;a class=&quot;btn btn-bannercenter2&quot; href=&quot;laptop-notebook/ipod-classic&quot; role=&quot;button&quot;&gt;Смотреть&lt;/a&gt;', 'laptop-notebook/ipod-classic', 'catalog/banners_aurus/md2.jpg', '0');
INSERT INTO `PREFIX_DB_banner_image` (`banner_image_id`, `banner_id`, `language_id`, `title`, `description`, `link`, `image`, `sort_order`) VALUES ('708', '22', '1', 'lg', '&lt;span class = &quot;bannerright-text&quot;&gt;новая линейка &lt;/span&gt;', 'laptop-notebook/ipod-classic', 'catalog/banners_aurus/right_col_left1.jpg', '0');
INSERT INTO `PREFIX_DB_banner_image` (`banner_image_id`, `banner_id`, `language_id`, `title`, `description`, `link`, `image`, `sort_order`) VALUES ('702', '17', '1', 'sale', '', 'laptop-notebook/ipod-classic', 'catalog/banners_aurus/banner_1-362x175.png', '0');
INSERT INTO `PREFIX_DB_banner_image` (`banner_image_id`, `banner_id`, `language_id`, `title`, `description`, `link`, `image`, `sort_order`) VALUES ('712', '23', '1', 'sale', '&lt;a class=&quot;btn btn-bannerright1&quot; href=&quot;laptop-notebook/ipod-classic&quot; role=&quot;button&quot;&gt;Смотреть&lt;/a&gt;', 'laptop-notebook/ipod-classic', 'catalog/banners_aurus/right_col_left2.jpg', '0');
INSERT INTO `PREFIX_DB_banner_image` (`banner_image_id`, `banner_id`, `language_id`, `title`, `description`, `link`, `image`, `sort_order`) VALUES ('704', '15', '1', 'sale', '&lt;a class=&quot;btn btn-bannerbottom&quot; href=&quot;desktops/&quot; role=&quot;button&quot;&gt;Смотреть&lt;/a&gt;', 'laptop-notebook/ipod-classic', 'catalog/banners_aurus/bot.jpg', '0');
INSERT INTO `PREFIX_DB_banner_image` (`banner_image_id`, `banner_id`, `language_id`, `title`, `description`, `link`, `image`, `sort_order`) VALUES ('741', '20', '2', 'apple', '&lt;div class=&quot;text-slider1&quot;&gt;Новая линейка&lt;/div&gt;&lt;div class=&quot;text-slider2&quot;&gt;Золотых изделий&lt;/div&gt;&lt;div class=&quot;text-slider3&quot;&gt;популярных брендов по доступным ценам&lt;/div&gt;&lt;div class=&quot;text-slider4 ef-slider4&quot;&gt;&lt;a class=&quot;btn-slider&quot; href=&quot;laptop-notebook/ipod-classic&quot; role=&quot;button&quot;&gt;Подробнее&lt;/a&gt;&lt;/div&gt;', 'desktops/', 'catalog/banners_aurus/left_col_left1.jpg', '0');
INSERT INTO `PREFIX_DB_banner_image` (`banner_image_id`, `banner_id`, `language_id`, `title`, `description`, `link`, `image`, `sort_order`) VALUES ('740', '20', '2', 'apple', '&lt;div class=&quot;text-slider1 ef-slider1&quot;&gt;Новая линейка&lt;/div&gt;&lt;div class=&quot;text-slider2 ef-slider2&quot;&gt;Водонепроницаемых часов&lt;/div&gt;&lt;div class=&quot;text-slider3 ef-slider3&quot;&gt;От Apple&lt;/div&gt;&lt;div class=&quot;text-slider4 ef-slider4&quot;&gt;&lt;a class=&quot;btn-slider&quot; href=&quot;laptop-notebook/ipod-classic&quot; role=&quot;button&quot;&gt;Подробнее&lt;/a&gt;&lt;/div&gt;', 'desktops/', 'catalog/banners_aurus/left2_col_left.jpg', '0');
INSERT INTO `PREFIX_DB_banner_image` (`banner_image_id`, `banner_id`, `language_id`, `title`, `description`, `link`, `image`, `sort_order`) VALUES ('739', '20', '1', 'apple', '&lt;div class=&quot;text-slider1&quot;&gt;Новая линейка&lt;/div&gt;&lt;div class=&quot;text-slider2&quot;&gt;Золотых изделий&lt;/div&gt;&lt;div class=&quot;text-slider3&quot;&gt;популярных брендов по доступным ценам&lt;/div&gt;&lt;div class=&quot;text-slider4 ef-slider4&quot;&gt;&lt;a class=&quot;btn-slider&quot; href=&quot;laptop-notebook/ipod-classic&quot; role=&quot;button&quot;&gt;Подробнее&lt;/a&gt;&lt;/div&gt;', 'laptop-notebook/ipod-classic', 'catalog/banners_aurus/left_col_left1.jpg', '1');
INSERT INTO `PREFIX_DB_banner_image` (`banner_image_id`, `banner_id`, `language_id`, `title`, `description`, `link`, `image`, `sort_order`) VALUES ('738', '20', '1', 'apple', '&lt;div class=&quot;text-slider1 ef-slider1&quot;&gt;Новая линейка&lt;/div&gt;&lt;div class=&quot;text-slider2 ef-slider2&quot;&gt;Водонепроницаемых часов&lt;/div&gt;&lt;div class=&quot;text-slider3 ef-slider3&quot;&gt;От Apple&lt;/div&gt;&lt;div class=&quot;text-slider4 ef-slider4&quot;&gt;&lt;a class=&quot;btn-slider&quot; href=&quot;laptop-notebook/ipod-classic&quot; role=&quot;button&quot;&gt;Подробнее&lt;/a&gt;&lt;/div&gt;', 'laptop-notebook/ipod-classic', 'catalog/banners_aurus/left2_col_left.jpg', '0');
INSERT INTO `PREFIX_DB_banner_image` (`banner_image_id`, `banner_id`, `language_id`, `title`, `description`, `link`, `image`, `sort_order`) VALUES ('724', '8', '1', 'bakery', '', 'laptop-notebook/ipod-classic', 'catalog/tovar/man/man1.jpg', '0');
INSERT INTO `PREFIX_DB_banner_image` (`banner_image_id`, `banner_id`, `language_id`, `title`, `description`, `link`, `image`, `sort_order`) VALUES ('725', '8', '1', 'xpel', '', 'laptop-notebook/ipod-classic', 'catalog/tovar/man/man7.jpg', '0');
INSERT INTO `PREFIX_DB_banner_image` (`banner_image_id`, `banner_id`, `language_id`, `title`, `description`, `link`, `image`, `sort_order`) VALUES ('726', '8', '1', 'stone', '', 'laptop-notebook/ipod-classic', 'catalog/tovar/man/man9.jpg', '0');
INSERT INTO `PREFIX_DB_banner_image` (`banner_image_id`, `banner_id`, `language_id`, `title`, `description`, `link`, `image`, `sort_order`) VALUES ('727', '8', '1', 'atf', '', 'laptop-notebook/ipod-classic', 'catalog/tovar/man/man11.jpg', '0');
INSERT INTO `PREFIX_DB_banner_image` (`banner_image_id`, `banner_id`, `language_id`, `title`, `description`, `link`, `image`, `sort_order`) VALUES ('775', '24', '2', 'apple', '&lt;div class=&quot;text-slider1&quot;&gt;Новая линейка&lt;/div&gt;&lt;div class=&quot;text-slider2 ef-slider2&quot;&gt;Водонепроницаемых часов&lt;/div&gt;&lt;div class=&quot;text-slider3 ef-slider3&quot;&gt;От Apple&lt;/div&gt;&lt;div class=&quot;text-slider4 ef-slider4&quot;&gt;&lt;a class=&quot;btn-slider&quot; href=&quot;laptop-notebook/ipod-classic&quot; role=&quot;button&quot;&gt;Подробнее&lt;/a&gt;&lt;/div&gt;', 'laptop-notebook/ipod-classic', 'catalog/banners_aurus/22222.jpg', '1');
INSERT INTO `PREFIX_DB_banner_image` (`banner_image_id`, `banner_id`, `language_id`, `title`, `description`, `link`, `image`, `sort_order`) VALUES ('774', '24', '2', 'apple', '&lt;div class=&quot;text-slider1 ef-slider1&quot;&gt;Новая линейка&lt;/div&gt;&lt;div class=&quot;text-slider2 ef-slider2&quot;&gt;Водонепроницаемых часов&lt;/div&gt;&lt;div class=&quot;text-slider3 ef-slider3&quot;&gt;От Apple&lt;/div&gt;&lt;div class=&quot;text-slider4 ef-slider4&quot;&gt;&lt;a class=&quot;btn-slider&quot; href=&quot;laptop-notebook/ipod-classic&quot; role=&quot;button&quot;&gt;Подробнее&lt;/a&gt;&lt;/div&gt;', 'laptop-notebook/ipod-classic', 'catalog/banners_aurus/1111.jpg', '0');
INSERT INTO `PREFIX_DB_banner_image` (`banner_image_id`, `banner_id`, `language_id`, `title`, `description`, `link`, `image`, `sort_order`) VALUES ('772', '24', '1', 'apple', '&lt;div class=&quot;text-slider1 ef-slider1&quot;&gt;Новая линейка&lt;/div&gt;&lt;div class=&quot;text-slider2 ef-slider2&quot;&gt;Smart телевизоров&lt;/div&gt;&lt;div class=&quot;text-slider3 ef-slider3&quot;&gt;По лучшей цене&lt;/div&gt;&lt;div class=&quot;text-slider4 ef-slider4&quot;&gt;&lt;a class=&quot;btn-slider&quot; href=&quot;laptop-notebook/ipod-classic&quot; role=&quot;button&quot;&gt;Подробнее&lt;/a&gt;&lt;/div&gt;', 'laptop-notebook/ipod-classic', 'catalog/banners_aurus/22222.jpg', '0');
INSERT INTO `PREFIX_DB_banner_image` (`banner_image_id`, `banner_id`, `language_id`, `title`, `description`, `link`, `image`, `sort_order`) VALUES ('773', '24', '1', 'apple', '&lt;div class=&quot;text-slider1&quot;&gt;Новая линейка&lt;/div&gt;&lt;div class=&quot;text-slider2 ef-slider2&quot;&gt;Водонепроницаемых часов&lt;/div&gt;&lt;div class=&quot;text-slider3 ef-slider3&quot;&gt;От Apple&lt;/div&gt;&lt;div class=&quot;text-slider4 ef-slider4&quot;&gt;&lt;a class=&quot;btn-slider&quot; href=&quot;laptop-notebook/ipod-classic&quot; role=&quot;button&quot;&gt;Подробнее&lt;/a&gt;&lt;/div&gt;', 'laptop-notebook/ipod-classic', 'catalog/banners_aurus/1111.jpg', '1');







REPLACE INTO `PREFIX_DB_extension` (`extension_id`, `type`, `code`) VALUES ('1', 'payment', 'cod');
REPLACE INTO `PREFIX_DB_extension` (`extension_id`, `type`, `code`) VALUES ('2', 'total', 'shipping');
REPLACE INTO `PREFIX_DB_extension` (`extension_id`, `type`, `code`) VALUES ('3', 'total', 'sub_total');
REPLACE INTO `PREFIX_DB_extension` (`extension_id`, `type`, `code`) VALUES ('4', 'total', 'tax');
REPLACE INTO `PREFIX_DB_extension` (`extension_id`, `type`, `code`) VALUES ('5', 'total', 'total');
REPLACE INTO `PREFIX_DB_extension` (`extension_id`, `type`, `code`) VALUES ('6', 'module', 'banner');
REPLACE INTO `PREFIX_DB_extension` (`extension_id`, `type`, `code`) VALUES ('7', 'module', 'carousel');
REPLACE INTO `PREFIX_DB_extension` (`extension_id`, `type`, `code`) VALUES ('8', 'total', 'credit');
REPLACE INTO `PREFIX_DB_extension` (`extension_id`, `type`, `code`) VALUES ('9', 'shipping', 'flat');
REPLACE INTO `PREFIX_DB_extension` (`extension_id`, `type`, `code`) VALUES ('10', 'total', 'handling');
REPLACE INTO `PREFIX_DB_extension` (`extension_id`, `type`, `code`) VALUES ('11', 'total', 'low_order_fee');
REPLACE INTO `PREFIX_DB_extension` (`extension_id`, `type`, `code`) VALUES ('12', 'total', 'coupon');
REPLACE INTO `PREFIX_DB_extension` (`extension_id`, `type`, `code`) VALUES ('13', 'module', 'category');
REPLACE INTO `PREFIX_DB_extension` (`extension_id`, `type`, `code`) VALUES ('14', 'module', 'account');
REPLACE INTO `PREFIX_DB_extension` (`extension_id`, `type`, `code`) VALUES ('15', 'total', 'reward');
REPLACE INTO `PREFIX_DB_extension` (`extension_id`, `type`, `code`) VALUES ('16', 'total', 'voucher');
REPLACE INTO `PREFIX_DB_extension` (`extension_id`, `type`, `code`) VALUES ('17', 'payment', 'free_checkout');
REPLACE INTO `PREFIX_DB_extension` (`extension_id`, `type`, `code`) VALUES ('37', 'module', 'featured');
REPLACE INTO `PREFIX_DB_extension` (`extension_id`, `type`, `code`) VALUES ('19', 'module', 'slideshow');
REPLACE INTO `PREFIX_DB_extension` (`extension_id`, `type`, `code`) VALUES ('81', 'theme', 'aurus');
REPLACE INTO `PREFIX_DB_extension` (`extension_id`, `type`, `code`) VALUES ('21', 'dashboard', 'activity');
REPLACE INTO `PREFIX_DB_extension` (`extension_id`, `type`, `code`) VALUES ('22', 'dashboard', 'sale');
REPLACE INTO `PREFIX_DB_extension` (`extension_id`, `type`, `code`) VALUES ('23', 'dashboard', 'recent');
REPLACE INTO `PREFIX_DB_extension` (`extension_id`, `type`, `code`) VALUES ('24', 'dashboard', 'order');
REPLACE INTO `PREFIX_DB_extension` (`extension_id`, `type`, `code`) VALUES ('25', 'dashboard', 'online');
REPLACE INTO `PREFIX_DB_extension` (`extension_id`, `type`, `code`) VALUES ('26', 'dashboard', 'map');
REPLACE INTO `PREFIX_DB_extension` (`extension_id`, `type`, `code`) VALUES ('27', 'dashboard', 'customer');
REPLACE INTO `PREFIX_DB_extension` (`extension_id`, `type`, `code`) VALUES ('28', 'dashboard', 'chart');
REPLACE INTO `PREFIX_DB_extension` (`extension_id`, `type`, `code`) VALUES ('95', 'module', 'aridiusinstock');
REPLACE INTO `PREFIX_DB_extension` (`extension_id`, `type`, `code`) VALUES ('91', 'module', 'aridius_category_footer');
REPLACE INTO `PREFIX_DB_extension` (`extension_id`, `type`, `code`) VALUES ('92', 'module', 'aridius_review_category');
REPLACE INTO `PREFIX_DB_extension` (`extension_id`, `type`, `code`) VALUES ('93', 'module', 'aridius_store_review');
REPLACE INTO `PREFIX_DB_extension` (`extension_id`, `type`, `code`) VALUES ('94', 'module', 'aridius_letters');
REPLACE INTO `PREFIX_DB_extension` (`extension_id`, `type`, `code`) VALUES ('38', 'module', 'special');
REPLACE INTO `PREFIX_DB_extension` (`extension_id`, `type`, `code`) VALUES ('96', 'module', 'aridius_faq');
REPLACE INTO `PREFIX_DB_extension` (`extension_id`, `type`, `code`) VALUES ('97', 'module', 'aridius_icons');
REPLACE INTO `PREFIX_DB_extension` (`extension_id`, `type`, `code`) VALUES ('55', 'module', 'bestseller');
REPLACE INTO `PREFIX_DB_extension` (`extension_id`, `type`, `code`) VALUES ('56', 'module', 'latest');
REPLACE INTO `PREFIX_DB_extension` (`extension_id`, `type`, `code`) VALUES ('86', 'module', 'aridiuscallback');
REPLACE INTO `PREFIX_DB_extension` (`extension_id`, `type`, `code`) VALUES ('87', 'module', 'aridiusfastorder');
REPLACE INTO `PREFIX_DB_extension` (`extension_id`, `type`, `code`) VALUES ('88', 'module', 'aridius_livesearch');
REPLACE INTO `PREFIX_DB_extension` (`extension_id`, `type`, `code`) VALUES ('89', 'module', 'aridiusundersell');
REPLACE INTO `PREFIX_DB_extension` (`extension_id`, `type`, `code`) VALUES ('90', 'module', 'aridius_category_accordion');
REPLACE INTO `PREFIX_DB_extension` (`extension_id`, `type`, `code`) VALUES ('75', 'module', 'filter');
REPLACE INTO `PREFIX_DB_extension` (`extension_id`, `type`, `code`) VALUES ('85', 'module', 'aridius_news');
REPLACE INTO `PREFIX_DB_extension` (`extension_id`, `type`, `code`) VALUES ('98', 'module', 'aridius_tab');
REPLACE INTO `PREFIX_DB_extension` (`extension_id`, `type`, `code`) VALUES ('99', 'module', 'aridius_catwall');
REPLACE INTO `PREFIX_DB_extension` (`extension_id`, `type`, `code`) VALUES ('100', 'module', 'aridius_special');
REPLACE INTO `PREFIX_DB_extension` (`extension_id`, `type`, `code`) VALUES ('101', 'module', 'aridius_pr_review');
REPLACE INTO `PREFIX_DB_extension` (`extension_id`, `type`, `code`) VALUES ('102', 'module', 'aridius_text_home');
REPLACE INTO `PREFIX_DB_extension` (`extension_id`, `type`, `code`) VALUES ('103', 'module', 'aridius_news_category');
REPLACE INTO `PREFIX_DB_extension` (`extension_id`, `type`, `code`) VALUES ('104', 'module', 'aridius_viewed');
REPLACE INTO `PREFIX_DB_extension` (`extension_id`, `type`, `code`) VALUES ('105', 'module', 'aridius_popupmail');
REPLACE INTO `PREFIX_DB_extension` (`extension_id`, `type`, `code`) VALUES ('107', 'module', 'aridius_qckview');








TRUNCATE TABLE `PREFIX_DB_layout`;

INSERT INTO `PREFIX_DB_layout` (`layout_id`, `name`) VALUES ('1', 'Главная');
INSERT INTO `PREFIX_DB_layout` (`layout_id`, `name`) VALUES ('2', 'Продукт');
INSERT INTO `PREFIX_DB_layout` (`layout_id`, `name`) VALUES ('3', 'Категория');
INSERT INTO `PREFIX_DB_layout` (`layout_id`, `name`) VALUES ('4', 'По умолчанию');
INSERT INTO `PREFIX_DB_layout` (`layout_id`, `name`) VALUES ('5', 'Производитель');
INSERT INTO `PREFIX_DB_layout` (`layout_id`, `name`) VALUES ('6', 'Аккаунт');
INSERT INTO `PREFIX_DB_layout` (`layout_id`, `name`) VALUES ('7', 'Оформление заказ');
INSERT INTO `PREFIX_DB_layout` (`layout_id`, `name`) VALUES ('8', 'Контакты');
INSERT INTO `PREFIX_DB_layout` (`layout_id`, `name`) VALUES ('9', 'Карта сайта');
INSERT INTO `PREFIX_DB_layout` (`layout_id`, `name`) VALUES ('10', 'Партнерская программа');
INSERT INTO `PREFIX_DB_layout` (`layout_id`, `name`) VALUES ('11', 'Информация');
INSERT INTO `PREFIX_DB_layout` (`layout_id`, `name`) VALUES ('12', 'Сравнение');
INSERT INTO `PREFIX_DB_layout` (`layout_id`, `name`) VALUES ('13', 'Поиск');
INSERT INTO `PREFIX_DB_layout` (`layout_id`, `name`) VALUES ('14', 'News');
INSERT INTO `PREFIX_DB_layout` (`layout_id`, `name`) VALUES ('15', 'Faq');
INSERT INTO `PREFIX_DB_layout` (`layout_id`, `name`) VALUES ('16', 'Review');


TRUNCATE TABLE `PREFIX_DB_layout_module`;

INSERT INTO `PREFIX_DB_layout_module` (`layout_module_id`, `layout_id`, `code`, `position`, `sort_order`) VALUES ('11402', '5', 'aridius_letters', 'content_mail', '0');
INSERT INTO `PREFIX_DB_layout_module` (`layout_module_id`, `layout_id`, `code`, `position`, `sort_order`) VALUES ('10642', '6', 'aridiusfastorder', 'content_bottom', '0');
INSERT INTO `PREFIX_DB_layout_module` (`layout_module_id`, `layout_id`, `code`, `position`, `sort_order`) VALUES ('10668', '10', 'aridiuscallback', 'content_bottom', '0');
INSERT INTO `PREFIX_DB_layout_module` (`layout_module_id`, `layout_id`, `code`, `position`, `sort_order`) VALUES ('11407', '13', 'aridius_special.82', 'content_bottom', '3');
INSERT INTO `PREFIX_DB_layout_module` (`layout_module_id`, `layout_id`, `code`, `position`, `sort_order`) VALUES ('10701', '2', 'aridius_livesearch', 'content_bottom', '5');
INSERT INTO `PREFIX_DB_layout_module` (`layout_module_id`, `layout_id`, `code`, `position`, `sort_order`) VALUES ('11293', '3', 'aridius_category_footer', 'content_top3', '0');
INSERT INTO `PREFIX_DB_layout_module` (`layout_module_id`, `layout_id`, `code`, `position`, `sort_order`) VALUES ('11292', '3', 'aridius_letters', 'content_mail', '0');
INSERT INTO `PREFIX_DB_layout_module` (`layout_module_id`, `layout_id`, `code`, `position`, `sort_order`) VALUES ('11291', '3', 'aridius_livesearch', 'content_bottom', '2');
INSERT INTO `PREFIX_DB_layout_module` (`layout_module_id`, `layout_id`, `code`, `position`, `sort_order`) VALUES ('11785', '1', 'aridiuscallback', 'content_bottom', '3');
INSERT INTO `PREFIX_DB_layout_module` (`layout_module_id`, `layout_id`, `code`, `position`, `sort_order`) VALUES ('11784', '1', 'aridius_news', 'content_bottom', '2');
INSERT INTO `PREFIX_DB_layout_module` (`layout_module_id`, `layout_id`, `code`, `position`, `sort_order`) VALUES ('11403', '5', 'aridius_category_footer', 'content_top3', '0');
INSERT INTO `PREFIX_DB_layout_module` (`layout_module_id`, `layout_id`, `code`, `position`, `sort_order`) VALUES ('11783', '1', 'carousel.29', 'content_bottom', '1');
INSERT INTO `PREFIX_DB_layout_module` (`layout_module_id`, `layout_id`, `code`, `position`, `sort_order`) VALUES ('11290', '3', 'aridiusinstock', 'content_bottom', '1');
INSERT INTO `PREFIX_DB_layout_module` (`layout_module_id`, `layout_id`, `code`, `position`, `sort_order`) VALUES ('11289', '3', 'aridiuscallback', 'content_bottom', '0');
INSERT INTO `PREFIX_DB_layout_module` (`layout_module_id`, `layout_id`, `code`, `position`, `sort_order`) VALUES ('11288', '3', 'banner.71', 'content_topfl', '0');
INSERT INTO `PREFIX_DB_layout_module` (`layout_module_id`, `layout_id`, `code`, `position`, `sort_order`) VALUES ('11287', '3', 'banner.46', 'column_left', '5');
INSERT INTO `PREFIX_DB_layout_module` (`layout_module_id`, `layout_id`, `code`, `position`, `sort_order`) VALUES ('11286', '3', 'aridius_viewed.85', 'column_left', '4');
INSERT INTO `PREFIX_DB_layout_module` (`layout_module_id`, `layout_id`, `code`, `position`, `sort_order`) VALUES ('11285', '3', 'special.43', 'column_left', '3');
INSERT INTO `PREFIX_DB_layout_module` (`layout_module_id`, `layout_id`, `code`, `position`, `sort_order`) VALUES ('11284', '3', 'aridius_news_category.84', 'column_left', '2');
INSERT INTO `PREFIX_DB_layout_module` (`layout_module_id`, `layout_id`, `code`, `position`, `sort_order`) VALUES ('10700', '2', 'aridiusundersell', 'content_bottom', '4');
INSERT INTO `PREFIX_DB_layout_module` (`layout_module_id`, `layout_id`, `code`, `position`, `sort_order`) VALUES ('10699', '2', 'aridiusinstock', 'content_bottom', '3');
INSERT INTO `PREFIX_DB_layout_module` (`layout_module_id`, `layout_id`, `code`, `position`, `sort_order`) VALUES ('10698', '2', 'aridiusfastorder', 'content_bottom', '2');
INSERT INTO `PREFIX_DB_layout_module` (`layout_module_id`, `layout_id`, `code`, `position`, `sort_order`) VALUES ('10697', '2', 'aridiuscallback', 'content_bottom', '1');
INSERT INTO `PREFIX_DB_layout_module` (`layout_module_id`, `layout_id`, `code`, `position`, `sort_order`) VALUES ('10696', '2', 'aridius_viewed.86', 'content_bottom', '0');
INSERT INTO `PREFIX_DB_layout_module` (`layout_module_id`, `layout_id`, `code`, `position`, `sort_order`) VALUES ('10695', '2', 'banner.71', 'content_topfl', '0');
INSERT INTO `PREFIX_DB_layout_module` (`layout_module_id`, `layout_id`, `code`, `position`, `sort_order`) VALUES ('11283', '3', 'aridius_faq', 'column_left', '1');
INSERT INTO `PREFIX_DB_layout_module` (`layout_module_id`, `layout_id`, `code`, `position`, `sort_order`) VALUES ('11282', '3', 'aridius_category_accordion', 'column_left', '0');
INSERT INTO `PREFIX_DB_layout_module` (`layout_module_id`, `layout_id`, `code`, `position`, `sort_order`) VALUES ('10627', '15', 'aridiuscallback', 'content_bottom', '0');
INSERT INTO `PREFIX_DB_layout_module` (`layout_module_id`, `layout_id`, `code`, `position`, `sort_order`) VALUES ('10628', '15', 'aridiusinstock', 'content_bottom', '1');
INSERT INTO `PREFIX_DB_layout_module` (`layout_module_id`, `layout_id`, `code`, `position`, `sort_order`) VALUES ('10629', '15', 'aridius_livesearch', 'content_bottom', '2');
INSERT INTO `PREFIX_DB_layout_module` (`layout_module_id`, `layout_id`, `code`, `position`, `sort_order`) VALUES ('10630', '15', 'aridius_letters', 'content_mail', '0');
INSERT INTO `PREFIX_DB_layout_module` (`layout_module_id`, `layout_id`, `code`, `position`, `sort_order`) VALUES ('10631', '15', 'aridius_category_footer', 'content_top3', '0');
INSERT INTO `PREFIX_DB_layout_module` (`layout_module_id`, `layout_id`, `code`, `position`, `sort_order`) VALUES ('10632', '14', 'aridiuscallback', 'content_bottom', '0');
INSERT INTO `PREFIX_DB_layout_module` (`layout_module_id`, `layout_id`, `code`, `position`, `sort_order`) VALUES ('10633', '14', 'aridiusinstock', 'content_bottom', '1');
INSERT INTO `PREFIX_DB_layout_module` (`layout_module_id`, `layout_id`, `code`, `position`, `sort_order`) VALUES ('10634', '14', 'aridius_livesearch', 'content_bottom', '2');
INSERT INTO `PREFIX_DB_layout_module` (`layout_module_id`, `layout_id`, `code`, `position`, `sort_order`) VALUES ('10635', '14', 'aridius_letters', 'content_mail', '0');
INSERT INTO `PREFIX_DB_layout_module` (`layout_module_id`, `layout_id`, `code`, `position`, `sort_order`) VALUES ('10636', '14', 'aridius_category_footer', 'content_top3', '0');
INSERT INTO `PREFIX_DB_layout_module` (`layout_module_id`, `layout_id`, `code`, `position`, `sort_order`) VALUES ('10637', '16', 'aridiuscallback', 'content_bottom', '0');
INSERT INTO `PREFIX_DB_layout_module` (`layout_module_id`, `layout_id`, `code`, `position`, `sort_order`) VALUES ('10638', '16', 'aridiusinstock', 'content_bottom', '1');
INSERT INTO `PREFIX_DB_layout_module` (`layout_module_id`, `layout_id`, `code`, `position`, `sort_order`) VALUES ('10639', '16', 'aridius_livesearch', 'content_bottom', '2');
INSERT INTO `PREFIX_DB_layout_module` (`layout_module_id`, `layout_id`, `code`, `position`, `sort_order`) VALUES ('10640', '16', 'aridius_letters', 'content_mail', '0');
INSERT INTO `PREFIX_DB_layout_module` (`layout_module_id`, `layout_id`, `code`, `position`, `sort_order`) VALUES ('10641', '16', 'aridius_category_footer', 'content_top3', '0');
INSERT INTO `PREFIX_DB_layout_module` (`layout_module_id`, `layout_id`, `code`, `position`, `sort_order`) VALUES ('10643', '6', 'aridiuscallback', 'content_bottom', '1');
INSERT INTO `PREFIX_DB_layout_module` (`layout_module_id`, `layout_id`, `code`, `position`, `sort_order`) VALUES ('10644', '6', 'aridius_livesearch', 'content_bottom', '2');
INSERT INTO `PREFIX_DB_layout_module` (`layout_module_id`, `layout_id`, `code`, `position`, `sort_order`) VALUES ('10645', '6', 'aridius_letters', 'content_mail', '0');
INSERT INTO `PREFIX_DB_layout_module` (`layout_module_id`, `layout_id`, `code`, `position`, `sort_order`) VALUES ('10646', '6', 'aridius_category_footer', 'content_top3', '0');
INSERT INTO `PREFIX_DB_layout_module` (`layout_module_id`, `layout_id`, `code`, `position`, `sort_order`) VALUES ('10647', '6', 'account', 'column_right', '1');
INSERT INTO `PREFIX_DB_layout_module` (`layout_module_id`, `layout_id`, `code`, `position`, `sort_order`) VALUES ('11113', '11', 'aridius_livesearch', 'content_bottom', '2');
INSERT INTO `PREFIX_DB_layout_module` (`layout_module_id`, `layout_id`, `code`, `position`, `sort_order`) VALUES ('11112', '11', 'aridiusinstock', 'content_bottom', '1');
INSERT INTO `PREFIX_DB_layout_module` (`layout_module_id`, `layout_id`, `code`, `position`, `sort_order`) VALUES ('11111', '11', 'aridiuscallback', 'content_bottom', '0');
INSERT INTO `PREFIX_DB_layout_module` (`layout_module_id`, `layout_id`, `code`, `position`, `sort_order`) VALUES ('10653', '9', 'aridiuscallback', 'content_bottom', '0');
INSERT INTO `PREFIX_DB_layout_module` (`layout_module_id`, `layout_id`, `code`, `position`, `sort_order`) VALUES ('10654', '9', 'aridiusinstock', 'content_bottom', '1');
INSERT INTO `PREFIX_DB_layout_module` (`layout_module_id`, `layout_id`, `code`, `position`, `sort_order`) VALUES ('10655', '9', 'aridius_livesearch', 'content_bottom', '2');
INSERT INTO `PREFIX_DB_layout_module` (`layout_module_id`, `layout_id`, `code`, `position`, `sort_order`) VALUES ('10656', '9', 'aridius_letters', 'content_mail', '0');
INSERT INTO `PREFIX_DB_layout_module` (`layout_module_id`, `layout_id`, `code`, `position`, `sort_order`) VALUES ('10657', '9', 'aridius_category_footer', 'content_top3', '0');
INSERT INTO `PREFIX_DB_layout_module` (`layout_module_id`, `layout_id`, `code`, `position`, `sort_order`) VALUES ('10658', '8', 'aridiuscallback', 'content_bottom', '0');
INSERT INTO `PREFIX_DB_layout_module` (`layout_module_id`, `layout_id`, `code`, `position`, `sort_order`) VALUES ('10659', '8', 'aridiusinstock', 'content_bottom', '1');
INSERT INTO `PREFIX_DB_layout_module` (`layout_module_id`, `layout_id`, `code`, `position`, `sort_order`) VALUES ('10660', '8', 'aridius_livesearch', 'content_bottom', '2');
INSERT INTO `PREFIX_DB_layout_module` (`layout_module_id`, `layout_id`, `code`, `position`, `sort_order`) VALUES ('10661', '8', 'aridius_letters', 'content_mail', '0');
INSERT INTO `PREFIX_DB_layout_module` (`layout_module_id`, `layout_id`, `code`, `position`, `sort_order`) VALUES ('10662', '8', 'aridius_category_footer', 'content_top3', '0');
INSERT INTO `PREFIX_DB_layout_module` (`layout_module_id`, `layout_id`, `code`, `position`, `sort_order`) VALUES ('10663', '7', 'aridiuscallback', 'content_bottom', '0');
INSERT INTO `PREFIX_DB_layout_module` (`layout_module_id`, `layout_id`, `code`, `position`, `sort_order`) VALUES ('10664', '7', 'aridiusinstock', 'content_bottom', '1');
INSERT INTO `PREFIX_DB_layout_module` (`layout_module_id`, `layout_id`, `code`, `position`, `sort_order`) VALUES ('10665', '7', 'aridius_livesearch', 'content_bottom', '2');
INSERT INTO `PREFIX_DB_layout_module` (`layout_module_id`, `layout_id`, `code`, `position`, `sort_order`) VALUES ('10666', '7', 'aridius_letters', 'content_mail', '0');
INSERT INTO `PREFIX_DB_layout_module` (`layout_module_id`, `layout_id`, `code`, `position`, `sort_order`) VALUES ('10667', '7', 'aridius_category_footer', 'content_top3', '0');
INSERT INTO `PREFIX_DB_layout_module` (`layout_module_id`, `layout_id`, `code`, `position`, `sort_order`) VALUES ('10669', '10', 'aridiusinstock', 'content_bottom', '1');
INSERT INTO `PREFIX_DB_layout_module` (`layout_module_id`, `layout_id`, `code`, `position`, `sort_order`) VALUES ('10670', '10', 'aridius_livesearch', 'content_bottom', '2');
INSERT INTO `PREFIX_DB_layout_module` (`layout_module_id`, `layout_id`, `code`, `position`, `sort_order`) VALUES ('10671', '10', 'aridius_letters', 'content_mail', '0');
INSERT INTO `PREFIX_DB_layout_module` (`layout_module_id`, `layout_id`, `code`, `position`, `sort_order`) VALUES ('10672', '10', 'aridius_category_footer', 'content_top3', '0');
INSERT INTO `PREFIX_DB_layout_module` (`layout_module_id`, `layout_id`, `code`, `position`, `sort_order`) VALUES ('10673', '10', 'account', 'column_right', '1');
INSERT INTO `PREFIX_DB_layout_module` (`layout_module_id`, `layout_id`, `code`, `position`, `sort_order`) VALUES ('10674', '4', 'aridiuscallback', 'content_bottom', '0');
INSERT INTO `PREFIX_DB_layout_module` (`layout_module_id`, `layout_id`, `code`, `position`, `sort_order`) VALUES ('10675', '4', 'aridiusinstock', 'content_bottom', '1');
INSERT INTO `PREFIX_DB_layout_module` (`layout_module_id`, `layout_id`, `code`, `position`, `sort_order`) VALUES ('10676', '4', 'aridius_livesearch', 'content_bottom', '2');
INSERT INTO `PREFIX_DB_layout_module` (`layout_module_id`, `layout_id`, `code`, `position`, `sort_order`) VALUES ('10677', '4', 'aridius_letters', 'content_mail', '0');
INSERT INTO `PREFIX_DB_layout_module` (`layout_module_id`, `layout_id`, `code`, `position`, `sort_order`) VALUES ('10678', '4', 'aridius_category_footer', 'content_top3', '0');
INSERT INTO `PREFIX_DB_layout_module` (`layout_module_id`, `layout_id`, `code`, `position`, `sort_order`) VALUES ('11406', '13', 'aridius_livesearch', 'content_bottom', '2');
INSERT INTO `PREFIX_DB_layout_module` (`layout_module_id`, `layout_id`, `code`, `position`, `sort_order`) VALUES ('11405', '13', 'aridiusinstock', 'content_bottom', '1');
INSERT INTO `PREFIX_DB_layout_module` (`layout_module_id`, `layout_id`, `code`, `position`, `sort_order`) VALUES ('11404', '13', 'aridiuscallback', 'content_bottom', '0');
INSERT INTO `PREFIX_DB_layout_module` (`layout_module_id`, `layout_id`, `code`, `position`, `sort_order`) VALUES ('11401', '5', 'aridius_livesearch', 'content_bottom', '2');
INSERT INTO `PREFIX_DB_layout_module` (`layout_module_id`, `layout_id`, `code`, `position`, `sort_order`) VALUES ('11400', '5', 'aridiusinstock', 'content_bottom', '1');
INSERT INTO `PREFIX_DB_layout_module` (`layout_module_id`, `layout_id`, `code`, `position`, `sort_order`) VALUES ('11399', '5', 'aridiuscallback', 'content_bottom', '0');
INSERT INTO `PREFIX_DB_layout_module` (`layout_module_id`, `layout_id`, `code`, `position`, `sort_order`) VALUES ('11412', '12', 'aridius_livesearch', 'content_bottom', '2');
INSERT INTO `PREFIX_DB_layout_module` (`layout_module_id`, `layout_id`, `code`, `position`, `sort_order`) VALUES ('11411', '12', 'aridiusinstock', 'content_bottom', '1');
INSERT INTO `PREFIX_DB_layout_module` (`layout_module_id`, `layout_id`, `code`, `position`, `sort_order`) VALUES ('11410', '12', 'aridiuscallback', 'content_bottom', '0');
INSERT INTO `PREFIX_DB_layout_module` (`layout_module_id`, `layout_id`, `code`, `position`, `sort_order`) VALUES ('10702', '2', 'aridius_letters', 'content_mail', '0');
INSERT INTO `PREFIX_DB_layout_module` (`layout_module_id`, `layout_id`, `code`, `position`, `sort_order`) VALUES ('10703', '2', 'aridius_category_footer', 'content_top3', '0');
INSERT INTO `PREFIX_DB_layout_module` (`layout_module_id`, `layout_id`, `code`, `position`, `sort_order`) VALUES ('11782', '1', 'aridius_pr_review.83', 'content_bottom', '0');
INSERT INTO `PREFIX_DB_layout_module` (`layout_module_id`, `layout_id`, `code`, `position`, `sort_order`) VALUES ('11781', '1', 'aridius_review_category', 'content_slrig2', '2');
INSERT INTO `PREFIX_DB_layout_module` (`layout_module_id`, `layout_id`, `code`, `position`, `sort_order`) VALUES ('11114', '11', 'aridius_special.82', 'content_bottom', '3');
INSERT INTO `PREFIX_DB_layout_module` (`layout_module_id`, `layout_id`, `code`, `position`, `sort_order`) VALUES ('11115', '11', 'aridius_letters', 'content_mail', '0');
INSERT INTO `PREFIX_DB_layout_module` (`layout_module_id`, `layout_id`, `code`, `position`, `sort_order`) VALUES ('11116', '11', 'aridius_category_footer', 'content_top3', '0');
INSERT INTO `PREFIX_DB_layout_module` (`layout_module_id`, `layout_id`, `code`, `position`, `sort_order`) VALUES ('11780', '1', 'aridius_special.82', 'content_slrig2', '1');
INSERT INTO `PREFIX_DB_layout_module` (`layout_module_id`, `layout_id`, `code`, `position`, `sort_order`) VALUES ('11779', '1', 'aridius_text_home', 'content_slrig2', '0');
INSERT INTO `PREFIX_DB_layout_module` (`layout_module_id`, `layout_id`, `code`, `position`, `sort_order`) VALUES ('11778', '1', 'banner.36', 'content_slrig1', '0');
INSERT INTO `PREFIX_DB_layout_module` (`layout_module_id`, `layout_id`, `code`, `position`, `sort_order`) VALUES ('11777', '1', 'banner.35', 'content_bot3', '0');
INSERT INTO `PREFIX_DB_layout_module` (`layout_module_id`, `layout_id`, `code`, `position`, `sort_order`) VALUES ('11776', '1', 'banner.34', 'content_bot2', '0');
INSERT INTO `PREFIX_DB_layout_module` (`layout_module_id`, `layout_id`, `code`, `position`, `sort_order`) VALUES ('11775', '1', 'banner.33', 'content_bot1', '0');
INSERT INTO `PREFIX_DB_layout_module` (`layout_module_id`, `layout_id`, `code`, `position`, `sort_order`) VALUES ('11774', '1', 'aridius_tab.81', 'content_top', '2');
INSERT INTO `PREFIX_DB_layout_module` (`layout_module_id`, `layout_id`, `code`, `position`, `sort_order`) VALUES ('11773', '1', 'aridius_catwall.80', 'content_top', '1');
INSERT INTO `PREFIX_DB_layout_module` (`layout_module_id`, `layout_id`, `code`, `position`, `sort_order`) VALUES ('11408', '13', 'aridius_letters', 'content_mail', '0');
INSERT INTO `PREFIX_DB_layout_module` (`layout_module_id`, `layout_id`, `code`, `position`, `sort_order`) VALUES ('11409', '13', 'aridius_category_footer', 'content_top3', '0');
INSERT INTO `PREFIX_DB_layout_module` (`layout_module_id`, `layout_id`, `code`, `position`, `sort_order`) VALUES ('11413', '12', 'aridius_special.82', 'content_bottom', '3');
INSERT INTO `PREFIX_DB_layout_module` (`layout_module_id`, `layout_id`, `code`, `position`, `sort_order`) VALUES ('11414', '12', 'aridius_letters', 'content_mail', '0');
INSERT INTO `PREFIX_DB_layout_module` (`layout_module_id`, `layout_id`, `code`, `position`, `sort_order`) VALUES ('11415', '12', 'aridius_category_footer', 'content_top3', '0');
INSERT INTO `PREFIX_DB_layout_module` (`layout_module_id`, `layout_id`, `code`, `position`, `sort_order`) VALUES ('11772', '1', 'aridius_icons', 'content_top', '0');
INSERT INTO `PREFIX_DB_layout_module` (`layout_module_id`, `layout_id`, `code`, `position`, `sort_order`) VALUES ('11771', '1', 'slideshow.45', 'content_fluid', '0');
INSERT INTO `PREFIX_DB_layout_module` (`layout_module_id`, `layout_id`, `code`, `position`, `sort_order`) VALUES ('11786', '1', 'aridiusinstock', 'content_bottom', '4');
INSERT INTO `PREFIX_DB_layout_module` (`layout_module_id`, `layout_id`, `code`, `position`, `sort_order`) VALUES ('11787', '1', 'aridius_livesearch', 'content_bottom', '5');
INSERT INTO `PREFIX_DB_layout_module` (`layout_module_id`, `layout_id`, `code`, `position`, `sort_order`) VALUES ('11788', '1', 'aridius_letters', 'content_mail', '0');
INSERT INTO `PREFIX_DB_layout_module` (`layout_module_id`, `layout_id`, `code`, `position`, `sort_order`) VALUES ('11789', '1', 'aridius_category_footer', 'content_top3', '0');


TRUNCATE TABLE `PREFIX_DB_layout_route`;

INSERT INTO `PREFIX_DB_layout_route` (`layout_route_id`, `layout_id`, `store_id`, `route`) VALUES ('888', '6', '0', 'account/%');
INSERT INTO `PREFIX_DB_layout_route` (`layout_route_id`, `layout_id`, `store_id`, `route`) VALUES ('893', '10', '0', 'affiliate/%');
INSERT INTO `PREFIX_DB_layout_route` (`layout_route_id`, `layout_id`, `store_id`, `route`) VALUES ('954', '1', '0', 'common/home');
INSERT INTO `PREFIX_DB_layout_route` (`layout_route_id`, `layout_id`, `store_id`, `route`) VALUES ('918', '11', '0', 'information/information');
INSERT INTO `PREFIX_DB_layout_route` (`layout_route_id`, `layout_id`, `store_id`, `route`) VALUES ('892', '7', '0', 'checkout/%');
INSERT INTO `PREFIX_DB_layout_route` (`layout_route_id`, `layout_id`, `store_id`, `route`) VALUES ('891', '8', '0', 'information/contact');
INSERT INTO `PREFIX_DB_layout_route` (`layout_route_id`, `layout_id`, `store_id`, `route`) VALUES ('890', '9', '0', 'information/sitemap');
INSERT INTO `PREFIX_DB_layout_route` (`layout_route_id`, `layout_id`, `store_id`, `route`) VALUES ('894', '4', '0', '');
INSERT INTO `PREFIX_DB_layout_route` (`layout_route_id`, `layout_id`, `store_id`, `route`) VALUES ('933', '5', '0', 'product/manufacturer');
INSERT INTO `PREFIX_DB_layout_route` (`layout_route_id`, `layout_id`, `store_id`, `route`) VALUES ('935', '12', '0', 'product/compare');
INSERT INTO `PREFIX_DB_layout_route` (`layout_route_id`, `layout_id`, `store_id`, `route`) VALUES ('934', '13', '0', 'product/search');
INSERT INTO `PREFIX_DB_layout_route` (`layout_route_id`, `layout_id`, `store_id`, `route`) VALUES ('884', '15', '0', 'information/aridius_faq');
INSERT INTO `PREFIX_DB_layout_route` (`layout_route_id`, `layout_id`, `store_id`, `route`) VALUES ('886', '16', '0', 'extension/module/aridius_store_review');
INSERT INTO `PREFIX_DB_layout_route` (`layout_route_id`, `layout_id`, `store_id`, `route`) VALUES ('927', '3', '0', 'product/category');
INSERT INTO `PREFIX_DB_layout_route` (`layout_route_id`, `layout_id`, `store_id`, `route`) VALUES ('898', '2', '0', 'product/product');
INSERT INTO `PREFIX_DB_layout_route` (`layout_route_id`, `layout_id`, `store_id`, `route`) VALUES ('885', '14', '0', 'information/aridius_news');
INSERT INTO `PREFIX_DB_layout_route` (`layout_route_id`, `layout_id`, `store_id`, `route`) VALUES ('887', '16', '0', 'module/aridius_store_review');








REPLACE INTO `PREFIX_DB_module` (`module_id`, `name`, `code`, `setting`) VALUES ('30', 'Баннер правый 2', 'banner', '{"name":"\\u0411\\u0430\\u043d\\u043d\\u0435\\u0440 \\u043f\\u0440\\u0430\\u0432\\u044b\\u0439 2","banner_id":"10","width":"493","height":"203","status":"1"}');
REPLACE INTO `PREFIX_DB_module` (`module_id`, `name`, `code`, `setting`) VALUES ('29', 'Карусель производители', 'carousel', '{"name":"\\u041a\\u0430\\u0440\\u0443\\u0441\\u0435\\u043b\\u044c \\u043f\\u0440\\u043e\\u0438\\u0437\\u0432\\u043e\\u0434\\u0438\\u0442\\u0435\\u043b\\u0438","banner_id":"8","width":"130","height":"100","status":"1"}');
REPLACE INTO `PREFIX_DB_module` (`module_id`, `name`, `code`, `setting`) VALUES ('42', 'Рекомендуемые левая колонка', 'featured', '{"name":"\\u0420\\u0435\\u043a\\u043e\\u043c\\u0435\\u043d\\u0434\\u0443\\u0435\\u043c\\u044b\\u0435 \\u043b\\u0435\\u0432\\u0430\\u044f \\u043a\\u043e\\u043b\\u043e\\u043d\\u043a\\u0430","product_name":"","product":["42","30","47"],"limit":"3","width":"95","height":"95","status":"1"}');
REPLACE INTO `PREFIX_DB_module` (`module_id`, `name`, `code`, `setting`) VALUES ('27', 'Слайдшоу слева (2 баннера справа)', 'slideshow', '{"name":"\\u0421\\u043b\\u0430\\u0439\\u0434\\u0448\\u043e\\u0443 \\u0441\\u043b\\u0435\\u0432\\u0430 (2 \\u0431\\u0430\\u043d\\u043d\\u0435\\u0440\\u0430 \\u0441\\u043f\\u0440\\u0430\\u0432\\u0430)","banner_id":"7","transitionStyle":"1","width":"1017","height":"420","status":"1"}');
REPLACE INTO `PREFIX_DB_module` (`module_id`, `name`, `code`, `setting`) VALUES ('31', 'Баннер правый 1', 'banner', '{"name":"\\u0411\\u0430\\u043d\\u043d\\u0435\\u0440 \\u043f\\u0440\\u0430\\u0432\\u044b\\u0439 1","banner_id":"9","width":"493","height":"203","status":"1"}');
REPLACE INTO `PREFIX_DB_module` (`module_id`, `name`, `code`, `setting`) VALUES ('33', 'Баннер средина 1', 'banner', '{"name":"\\u0411\\u0430\\u043d\\u043d\\u0435\\u0440 \\u0441\\u0440\\u0435\\u0434\\u0438\\u043d\\u0430 1","banner_id":"12","width":"457","height":"316","status":"1"}');
REPLACE INTO `PREFIX_DB_module` (`module_id`, `name`, `code`, `setting`) VALUES ('34', 'Баннер средина 2', 'banner', '{"name":"\\u0411\\u0430\\u043d\\u043d\\u0435\\u0440 \\u0441\\u0440\\u0435\\u0434\\u0438\\u043d\\u0430 2","banner_id":"13","width":"954","height":"316","status":"1"}');
REPLACE INTO `PREFIX_DB_module` (`module_id`, `name`, `code`, `setting`) VALUES ('35', 'Баннер средина 3', 'banner', '{"name":"\\u0411\\u0430\\u043d\\u043d\\u0435\\u0440 \\u0441\\u0440\\u0435\\u0434\\u0438\\u043d\\u0430 3","banner_id":"14","width":"457","height":"316","status":"1"}');
REPLACE INTO `PREFIX_DB_module` (`module_id`, `name`, `code`, `setting`) VALUES ('36', 'Баннер низ', 'banner', '{"name":"\\u0411\\u0430\\u043d\\u043d\\u0435\\u0440 \\u043d\\u0438\\u0437","banner_id":"15","width":"1540","height":"176","status":"1"}');
REPLACE INTO `PREFIX_DB_module` (`module_id`, `name`, `code`, `setting`) VALUES ('71', 'баннер топ', 'banner', '{"name":"\\u0431\\u0430\\u043d\\u043d\\u0435\\u0440 \\u0442\\u043e\\u043f","banner_id":"19","width":"1920","height":"30","status":"1"}');
REPLACE INTO `PREFIX_DB_module` (`module_id`, `name`, `code`, `setting`) VALUES ('43', '  Товары со скидкой левая колонка', 'special', '{"name":"  \\u0422\\u043e\\u0432\\u0430\\u0440\\u044b \\u0441\\u043e \\u0441\\u043a\\u0438\\u0434\\u043a\\u043e\\u0439 \\u043b\\u0435\\u0432\\u0430\\u044f \\u043a\\u043e\\u043b\\u043e\\u043d\\u043a\\u0430","limit":"3","width":"95","height":"95","status":"1"}');
REPLACE INTO `PREFIX_DB_module` (`module_id`, `name`, `code`, `setting`) VALUES ('45', 'Слайдшоу на всю ширину', 'slideshow', '{"name":"\\u0421\\u043b\\u0430\\u0439\\u0434\\u0448\\u043e\\u0443 \\u043d\\u0430 \\u0432\\u0441\\u044e \\u0448\\u0438\\u0440\\u0438\\u043d\\u0443","banner_id":"16","transitionStyle":"1","width":"1920","height":"420","status":"1"}');
REPLACE INTO `PREFIX_DB_module` (`module_id`, `name`, `code`, `setting`) VALUES ('46', 'баннер левая колонка', 'banner', '{"name":"\\u0431\\u0430\\u043d\\u043d\\u0435\\u0440 \\u043b\\u0435\\u0432\\u0430\\u044f \\u043a\\u043e\\u043b\\u043e\\u043d\\u043a\\u0430","banner_id":"17","width":"362","height":"175","status":"1"}');
REPLACE INTO `PREFIX_DB_module` (`module_id`, `name`, `code`, `setting`) VALUES ('47', 'Хиты продаж левая колонка', 'bestseller', '{"name":"\\u0425\\u0438\\u0442\\u044b \\u043f\\u0440\\u043e\\u0434\\u0430\\u0436 \\u043b\\u0435\\u0432\\u0430\\u044f \\u043a\\u043e\\u043b\\u043e\\u043d\\u043a\\u0430","limit":"3","width":"95","height":"95","status":"1"}');
REPLACE INTO `PREFIX_DB_module` (`module_id`, `name`, `code`, `setting`) VALUES ('48', 'Последние левая колонка', 'latest', '{"name":"\\u041f\\u043e\\u0441\\u043b\\u0435\\u0434\\u043d\\u0438\\u0435 \\u043b\\u0435\\u0432\\u0430\\u044f \\u043a\\u043e\\u043b\\u043e\\u043d\\u043a\\u0430","limit":"3","width":"95","height":"95","status":"1"}');
REPLACE INTO `PREFIX_DB_module` (`module_id`, `name`, `code`, `setting`) VALUES ('87', 'баннер правый 1 если включена левая колонка', 'banner', '{"name":"\\u0431\\u0430\\u043d\\u043d\\u0435\\u0440 \\u043f\\u0440\\u0430\\u0432\\u044b\\u0439 1 \\u0435\\u0441\\u043b\\u0438 \\u0432\\u043a\\u043b\\u044e\\u0447\\u0435\\u043d\\u0430 \\u043b\\u0435\\u0432\\u0430\\u044f \\u043a\\u043e\\u043b\\u043e\\u043d\\u043a\\u0430","banner_id":"22","width":"457","height":"181","status":"1"}');
REPLACE INTO `PREFIX_DB_module` (`module_id`, `name`, `code`, `setting`) VALUES ('80', 'Стена категорий', 'aridius_catwall', '{"name":"\\u0421\\u0442\\u0435\\u043d\\u0430 \\u043a\\u0430\\u0442\\u0435\\u0433\\u043e\\u0440\\u0438\\u0439","aridius_catwall_cat":["118","20","18","25","24","33","34","129"],"width":"150","height":"150","variant":"0","child_visible":"1","add_img":"1","limit_child":"4","col_xs":"12","col_sm":"6","col_md":"4","col_lg":"4","slides1":"2","slides2":"4","slides3":"5","slides4":"6","status":"1","apply":"1"}');
REPLACE INTO `PREFIX_DB_module` (`module_id`, `name`, `code`, `setting`) VALUES ('81', 'Табы 5 в 1 ', 'aridius_tab', '{"name":"\\u0422\\u0430\\u0431\\u044b 5 \\u0432 1 ","product":["48","36","30","40","45","32","29","28","47","34","31","41"],"limit":"12","width":"200","height":"200","rat":"1","wish":"1","comp":"1","quickview":"1","carusel":"0","navigation":"1","autoplay_on":"0","autoplay":"4000","items":"6","rew_speed":"1000","stophover":"1","status":"1","apply":"1","special_products":0,"latest_products":0,"featured_products":0,"bestseller_products":0}');
REPLACE INTO `PREFIX_DB_module` (`module_id`, `name`, `code`, `setting`) VALUES ('82', 'Aridius (Aurus)  Товары со скидкой', 'aridius_special', '{"name":"Aridius (Aurus)  \\u0422\\u043e\\u0432\\u0430\\u0440\\u044b \\u0441\\u043e \\u0441\\u043a\\u0438\\u0434\\u043a\\u043e\\u0439","limit":"10","width":"200","height":"200","rat":"1","wish":"1","comp":"1","quickview":"1","carusel":"0","navigation":"1","autoplay_on":"0","autoplay":"4000","items":"5","rew_speed":"1000","stophover":"1","status":"1"}');
REPLACE INTO `PREFIX_DB_module` (`module_id`, `name`, `code`, `setting`) VALUES ('83', 'Последние отзывы о товарах(карусель)', 'aridius_pr_review', '{"name":"\\u041f\\u043e\\u0441\\u043b\\u0435\\u0434\\u043d\\u0438\\u0435 \\u043e\\u0442\\u0437\\u044b\\u0432\\u044b \\u043e \\u0442\\u043e\\u0432\\u0430\\u0440\\u0430\\u0445(\\u043a\\u0430\\u0440\\u0443\\u0441\\u0435\\u043b\\u044c)","limit":"5","width":"95","height":"95","navigation":"1","autoplay_on":"0","autoplay":"4000","items":"3","pag_speed":"3000","stophover":"1","rat":"1","colleft":"0","status":"1"}');
REPLACE INTO `PREFIX_DB_module` (`module_id`, `name`, `code`, `setting`) VALUES ('84', 'Список новостей', 'aridius_news_category', '{"name":"\\u0421\\u043f\\u0438\\u0441\\u043e\\u043a \\u043d\\u043e\\u0432\\u043e\\u0441\\u0442\\u0435\\u0439","aridius_news_category2":["1","2"],"width":"95","height":"95","status":"1"}');
REPLACE INTO `PREFIX_DB_module` (`module_id`, `name`, `code`, `setting`) VALUES ('85', 'Просмотренные товары - левая колонка', 'aridius_viewed', '{"name":"\\u041f\\u0440\\u043e\\u0441\\u043c\\u043e\\u0442\\u0440\\u0435\\u043d\\u043d\\u044b\\u0435 \\u0442\\u043e\\u0432\\u0430\\u0440\\u044b - \\u043b\\u0435\\u0432\\u0430\\u044f \\u043a\\u043e\\u043b\\u043e\\u043d\\u043a\\u0430","limit":"3","width":"90","height":"90","rat":"1","wish":"1","comp":"1","quickview":"1","colleft":"1","carusel":"1","navigation":"1","autoplay_on":"1","autoplay":"4000","items":"5","rew_speed":"1000","stophover":"1","status":"1"}');
REPLACE INTO `PREFIX_DB_module` (`module_id`, `name`, `code`, `setting`) VALUES ('86', 'Просмотренные товары (карусель) топ', 'aridius_viewed', '{"name":"\\u041f\\u0440\\u043e\\u0441\\u043c\\u043e\\u0442\\u0440\\u0435\\u043d\\u043d\\u044b\\u0435 \\u0442\\u043e\\u0432\\u0430\\u0440\\u044b (\\u043a\\u0430\\u0440\\u0443\\u0441\\u0435\\u043b\\u044c) \\u0442\\u043e\\u043f","limit":"10","width":"200","height":"200","rat":"1","wish":"1","comp":"1","quickview":"1","colleft":"0","carusel":"0","navigation":"1","autoplay_on":"0","autoplay":"4000","items":"4","rew_speed":"1000","stophover":"1","status":"1"}');
REPLACE INTO `PREFIX_DB_module` (`module_id`, `name`, `code`, `setting`) VALUES ('88', 'баннер правый 2 если включена левая колонка', 'banner', '{"name":"\\u0431\\u0430\\u043d\\u043d\\u0435\\u0440 \\u043f\\u0440\\u0430\\u0432\\u044b\\u0439 2 \\u0435\\u0441\\u043b\\u0438 \\u0432\\u043a\\u043b\\u044e\\u0447\\u0435\\u043d\\u0430 \\u043b\\u0435\\u0432\\u0430\\u044f \\u043a\\u043e\\u043b\\u043e\\u043d\\u043a\\u0430","banner_id":"23","width":"457","height":"181","status":"1"}');
REPLACE INTO `PREFIX_DB_module` (`module_id`, `name`, `code`, `setting`) VALUES ('89', 'Слайдшоу слева  (2 баннера справа) если есть левая колонка', 'slideshow', '{"name":"\\u0421\\u043b\\u0430\\u0439\\u0434\\u0448\\u043e\\u0443 \\u0441\\u043b\\u0435\\u0432\\u0430  (2 \\u0431\\u0430\\u043d\\u043d\\u0435\\u0440\\u0430 \\u0441\\u043f\\u0440\\u0430\\u0432\\u0430) \\u0435\\u0441\\u043b\\u0438 \\u0435\\u0441\\u0442\\u044c \\u043b\\u0435\\u0432\\u0430\\u044f \\u043a\\u043e\\u043b\\u043e\\u043d\\u043a\\u0430","banner_id":"20","transitionStyle":"0","width":"974","height":"400","status":"1"}');
REPLACE INTO `PREFIX_DB_module` (`module_id`, `name`, `code`, `setting`) VALUES ('90', 'слайдер с шапкой', 'slideshow', '{"name":"\\u0441\\u043b\\u0430\\u0439\\u0434\\u0435\\u0440 \\u0441 \\u0448\\u0430\\u043f\\u043a\\u043e\\u0439","banner_id":"24","transitionStyle":"0","width":"1920","height":"700","status":"1"}');




INSERT INTO `PREFIX_DB_setting` (`store_id`, `code`, `key`, `value`, `serialized`) VALUES ('0', 'aridiusinstock', 'aridiusinstock_description2', '{"1":"&lt;p&gt;\\u0421\\u043f\\u0430\\u0441\\u0438\\u0431\\u043e, \\u043f\\u043e\\u0441\\u043b\\u0435 \\u043f\\u043e\\u043b\\u0443\\u0447\\u0435\\u043d\\u0438\\u044f \\u0442\\u043e\\u0432\\u0430\\u0440\\u0430 \\u043c\\u044b \\u0441\\u0432\\u044f\\u0436\\u0435\\u043c\\u0441\\u044f \\u0441 \\u0432\\u0430\\u043c\\u0438!&lt;br&gt;&lt;\\/p&gt;","2":"&lt;p&gt;\\u0421\\u043f\\u0430\\u0441\\u0438\\u0431\\u043e, \\u043f\\u043e\\u0441\\u043b\\u0435 \\u043f\\u043e\\u043b\\u0443\\u0447\\u0435\\u043d\\u0438\\u044f \\u0442\\u043e\\u0432\\u0430\\u0440\\u0430 \\u043c\\u044b \\u0441\\u0432\\u044f\\u0436\\u0435\\u043c\\u0441\\u044f \\u0441 \\u0432\\u0430\\u043c\\u0438!&lt;br&gt;&lt;\\/p&gt;"}', '1');
INSERT INTO `PREFIX_DB_setting` (`store_id`, `code`, `key`, `value`, `serialized`) VALUES ('0', 'aurus', 'aurus_color74', '#ffffff', '0');
INSERT INTO `PREFIX_DB_setting` (`store_id`, `code`, `key`, `value`, `serialized`) VALUES ('0', 'aurus', 'aurus_color73', '#96C4F2', '0');
INSERT INTO `PREFIX_DB_setting` (`store_id`, `code`, `key`, `value`, `serialized`) VALUES ('0', 'aridiusinstock', 'aridiusinstock_placeholderemail', '{"1":"E-mail","2":"E-mail"}', '1');
INSERT INTO `PREFIX_DB_setting` (`store_id`, `code`, `key`, `value`, `serialized`) VALUES ('0', 'aridiusinstock', 'aridiusinstock_status', '1', '0');
INSERT INTO `PREFIX_DB_setting` (`store_id`, `code`, `key`, `value`, `serialized`) VALUES ('0', 'aridiusinstock', 'aridiusinstock_description', '{"1":"&lt;span style=&quot;font-size: 12px;&quot;&gt;\\u041d\\u0430\\u0436\\u0438\\u043c\\u0430\\u044f \\u043d\\u0430 \\u043a\\u043d\\u043e\\u043f\\u043a\\u0443 \\u00ab\\u041e\\u0442\\u043f\\u0440\\u0430\\u0432\\u0438\\u0442\\u044c\\u00bb, \\u044f \\u0434\\u0430\\u044e c\\u043e\\u0433\\u043b\\u0430\\u0441\\u0438\\u0435 \\u043d\\u0430 &lt;a href=&quot;person_danie&quot; target=&quot;_blank&quot;&gt;\\u043e\\u0431\\u0440\\u0430\\u0431\\u043e\\u0442\\u043a\\u0443 \\u043f\\u0435\\u0440\\u0441\\u043e\\u043d\\u0430\\u043b\\u044c\\u043d\\u044b\\u0445 \\u0434\\u0430\\u043d\\u043d\\u044b\\u0445.&lt;\\/a&gt;&lt;\\/span&gt;","2":"&lt;span style=&quot;font-size: 12px;&quot;&gt;\\u041d\\u0430\\u0436\\u0438\\u043c\\u0430\\u044f \\u043d\\u0430 \\u043a\\u043d\\u043e\\u043f\\u043a\\u0443 \\u00ab\\u041e\\u0442\\u043f\\u0440\\u0430\\u0432\\u0438\\u0442\\u044c\\u00bb, \\u044f \\u0434\\u0430\\u044e c\\u043e\\u0433\\u043b\\u0430\\u0441\\u0438\\u0435 \\u043d\\u0430 &lt;a href=&quot;person_danie&quot; target=&quot;_blank&quot;&gt;\\u043e\\u0431\\u0440\\u0430\\u0431\\u043e\\u0442\\u043a\\u0443 \\u043f\\u0435\\u0440\\u0441\\u043e\\u043d\\u0430\\u043b\\u044c\\u043d\\u044b\\u0445 \\u0434\\u0430\\u043d\\u043d\\u044b\\u0445.&lt;\\/a&gt;&lt;\\/span&gt;"}', '1');
INSERT INTO `PREFIX_DB_setting` (`store_id`, `code`, `key`, `value`, `serialized`) VALUES ('0', 'aridiusinstock', 'aridiusinstock_emailvalid', '0', '0');
INSERT INTO `PREFIX_DB_setting` (`store_id`, `code`, `key`, `value`, `serialized`) VALUES ('0', 'aridiusinstock', 'aridiusinstock_mail_send', '0', '0');
INSERT INTO `PREFIX_DB_setting` (`store_id`, `code`, `key`, `value`, `serialized`) VALUES ('0', 'aridiusinstock', 'aridiusinstock_descriptionshow', '0', '0');
INSERT INTO `PREFIX_DB_setting` (`store_id`, `code`, `key`, `value`, `serialized`) VALUES ('0', 'aridiusinstock', 'aridiusinstock_img', '0', '0');
INSERT INTO `PREFIX_DB_setting` (`store_id`, `code`, `key`, `value`, `serialized`) VALUES ('0', 'aridiusinstock', 'aridiusinstock_imgw', '125', '0');
INSERT INTO `PREFIX_DB_setting` (`store_id`, `code`, `key`, `value`, `serialized`) VALUES ('0', 'aridiusinstock', 'aridiusinstock_imgh', '125', '0');
INSERT INTO `PREFIX_DB_setting` (`store_id`, `code`, `key`, `value`, `serialized`) VALUES ('0', 'aridiusinstock', 'aridiusinstock_descchar', '190', '0');
INSERT INTO `PREFIX_DB_setting` (`store_id`, `code`, `key`, `value`, `serialized`) VALUES ('0', 'aridiusinstock', 'aridiusinstock_firstnameshow', '0', '0');
INSERT INTO `PREFIX_DB_setting` (`store_id`, `code`, `key`, `value`, `serialized`) VALUES ('0', 'aridiusinstock', 'aridiusinstock_firstnamevalid', '0', '0');
INSERT INTO `PREFIX_DB_setting` (`store_id`, `code`, `key`, `value`, `serialized`) VALUES ('0', 'aridiusinstock', 'aridiusinstock_placeholderfirstname', '{"1":"\\u0424\\u0418\\u041e","2":"\\u0424\\u0418\\u041e"}', '1');
INSERT INTO `PREFIX_DB_setting` (`store_id`, `code`, `key`, `value`, `serialized`) VALUES ('0', 'aridiusinstock', 'aridiusinstock_tellshow', '0', '0');
INSERT INTO `PREFIX_DB_setting` (`store_id`, `code`, `key`, `value`, `serialized`) VALUES ('0', 'aridiusinstock', 'aridiusinstock_tellvalid', '0', '0');
INSERT INTO `PREFIX_DB_setting` (`store_id`, `code`, `key`, `value`, `serialized`) VALUES ('0', 'aridiusinstock', 'aridiusinstock_mask', '{"1":"+7(999) 999-9999","2":"+7(999) 999-9999"}', '1');
INSERT INTO `PREFIX_DB_setting` (`store_id`, `code`, `key`, `value`, `serialized`) VALUES ('0', 'aridiusinstock', 'aridiusinstock_placeholdertell', '{"1":"\\u0422\\u0435\\u043b\\u0435\\u0444\\u043e\\u043d","2":"\\u0422\\u0435\\u043b\\u0435\\u0444\\u043e\\u043d"}', '1');
INSERT INTO `PREFIX_DB_setting` (`store_id`, `code`, `key`, `value`, `serialized`) VALUES ('0', 'aridiusinstock', 'aridiusinstock_emailshow', '0', '0');
INSERT INTO `PREFIX_DB_setting` (`store_id`, `code`, `key`, `value`, `serialized`) VALUES ('0', 'aurus', 'aurus_color72', '#2E8AE6', '0');
INSERT INTO `PREFIX_DB_setting` (`store_id`, `code`, `key`, `value`, `serialized`) VALUES ('0', 'aridius_news', 'aridius_news_simheight', '205', '0');
INSERT INTO `PREFIX_DB_setting` (`store_id`, `code`, `key`, `value`, `serialized`) VALUES ('0', 'aridius_news', 'aridius_news_simwidth', '449', '0');
INSERT INTO `PREFIX_DB_setting` (`store_id`, `code`, `key`, `value`, `serialized`) VALUES ('0', 'aridius_news', 'aridius_news_sim_chars', '100', '0');
INSERT INTO `PREFIX_DB_setting` (`store_id`, `code`, `key`, `value`, `serialized`) VALUES ('0', 'aridius_news', 'aridius_news_relstophover', '1', '0');
INSERT INTO `PREFIX_DB_setting` (`store_id`, `code`, `key`, `value`, `serialized`) VALUES ('0', 'aridius_news', 'aridius_news_relrew_speed', '1000', '0');
INSERT INTO `PREFIX_DB_setting` (`store_id`, `code`, `key`, `value`, `serialized`) VALUES ('0', 'aridius_news', 'aridius_news_relitems', '5', '0');
INSERT INTO `PREFIX_DB_setting` (`store_id`, `code`, `key`, `value`, `serialized`) VALUES ('0', 'aridius_news', 'aridius_news_relautoplay', '4000', '0');
INSERT INTO `PREFIX_DB_setting` (`store_id`, `code`, `key`, `value`, `serialized`) VALUES ('0', 'aridius_news', 'aridius_news_relautoplay_on', '0', '0');
INSERT INTO `PREFIX_DB_setting` (`store_id`, `code`, `key`, `value`, `serialized`) VALUES ('0', 'aridius_news', 'aridius_news_relnavigation', '0', '0');
INSERT INTO `PREFIX_DB_setting` (`store_id`, `code`, `key`, `value`, `serialized`) VALUES ('0', 'aridius_news', 'aridius_news_relcarusel', '0', '0');
INSERT INTO `PREFIX_DB_setting` (`store_id`, `code`, `key`, `value`, `serialized`) VALUES ('0', 'aridius_news', 'aridius_news_quickview', '0', '0');
INSERT INTO `PREFIX_DB_setting` (`store_id`, `code`, `key`, `value`, `serialized`) VALUES ('0', 'aridius_news', 'aridius_news_comp', '0', '0');
INSERT INTO `PREFIX_DB_setting` (`store_id`, `code`, `key`, `value`, `serialized`) VALUES ('0', 'aridius_news', 'aridius_news_wish', '0', '0');
INSERT INTO `PREFIX_DB_setting` (`store_id`, `code`, `key`, `value`, `serialized`) VALUES ('0', 'aridius_news', 'aridius_news_rat', '0', '0');
INSERT INTO `PREFIX_DB_setting` (`store_id`, `code`, `key`, `value`, `serialized`) VALUES ('0', 'aridius_news', 'aridius_news_height', '200', '0');
INSERT INTO `PREFIX_DB_setting` (`store_id`, `code`, `key`, `value`, `serialized`) VALUES ('0', 'aridius_news', 'aridius_news_width', '200', '0');
INSERT INTO `PREFIX_DB_setting` (`store_id`, `code`, `key`, `value`, `serialized`) VALUES ('0', 'aridius_news', 'aridius_news_mail', '0', '0');
INSERT INTO `PREFIX_DB_setting` (`store_id`, `code`, `key`, `value`, `serialized`) VALUES ('0', 'aridius_news', 'aridius_news_limite_page', '10', '0');
INSERT INTO `PREFIX_DB_setting` (`store_id`, `code`, `key`, `value`, `serialized`) VALUES ('0', 'aridius_news', 'aridius_news_display_captcha', '0', '0');
INSERT INTO `PREFIX_DB_setting` (`store_id`, `code`, `key`, `value`, `serialized`) VALUES ('0', 'aridiuscallback', 'aridiuscallback_placeholdertimeoff', '{"1":"\\u0434\\u043e","2":"\\u0434\\u043e"}', '1');
INSERT INTO `PREFIX_DB_setting` (`store_id`, `code`, `key`, `value`, `serialized`) VALUES ('0', 'aridiuscallback', 'aridiuscallback_status', '1', '0');
INSERT INTO `PREFIX_DB_setting` (`store_id`, `code`, `key`, `value`, `serialized`) VALUES ('0', 'aridiuscallback', 'aridiuscallback_description', '{"1":"&lt;span style=&quot;font-size: 11px;&quot;&gt;\\u041d\\u0430\\u0436\\u0438\\u043c\\u0430\\u044f \\u043d\\u0430 \\u043a\\u043d\\u043e\\u043f\\u043a\\u0443 \\u00ab\\u041e\\u0442\\u043f\\u0440\\u0430\\u0432\\u0438\\u0442\\u044c\\u00bb, \\u044f \\u0434\\u0430\\u044e c\\u043e\\u0433\\u043b\\u0430\\u0441\\u0438\\u0435 \\u043d\\u0430 &lt;a href=&quot;person_danie&quot; target=&quot;_blank&quot;&gt;\\u043e\\u0431\\u0440\\u0430\\u0431\\u043e\\u0442\\u043a\\u0443 \\u043f\\u0435\\u0440\\u0441\\u043e\\u043d\\u0430\\u043b\\u044c\\u043d\\u044b\\u0445 \\u0434\\u0430\\u043d\\u043d\\u044b\\u0445.&lt;\\/a&gt;&lt;\\/span&gt;","2":"&lt;span style=&quot;font-size: 11px;&quot;&gt;\\u041d\\u0430\\u0436\\u0438\\u043c\\u0430\\u044f \\u043d\\u0430 \\u043a\\u043d\\u043e\\u043f\\u043a\\u0443 \\u00ab\\u041e\\u0442\\u043f\\u0440\\u0430\\u0432\\u0438\\u0442\\u044c\\u00bb, \\u044f \\u0434\\u0430\\u044e c\\u043e\\u0433\\u043b\\u0430\\u0441\\u0438\\u0435 \\u043d\\u0430 &lt;a href=&quot;person_danie&quot; target=&quot;_blank&quot;&gt;\\u043e\\u0431\\u0440\\u0430\\u0431\\u043e\\u0442\\u043a\\u0443 \\u043f\\u0435\\u0440\\u0441\\u043e\\u043d\\u0430\\u043b\\u044c\\u043d\\u044b\\u0445 \\u0434\\u0430\\u043d\\u043d\\u044b\\u0445.&lt;\\/a&gt;&lt;\\/span&gt;"}', '1');
INSERT INTO `PREFIX_DB_setting` (`store_id`, `code`, `key`, `value`, `serialized`) VALUES ('0', 'aridiuscallback', 'aridiuscallback_timetshow', '0', '0');
INSERT INTO `PREFIX_DB_setting` (`store_id`, `code`, `key`, `value`, `serialized`) VALUES ('0', 'aridiuscallback', 'aridiuscallback_placeholdertimein', '{"1":"\\u0441","2":"\\u0441"}', '1');
INSERT INTO `PREFIX_DB_setting` (`store_id`, `code`, `key`, `value`, `serialized`) VALUES ('0', 'aridiuscallback', 'aridiuscallback_placeholdertell', '{"1":"\\u0422\\u0435\\u043b\\u0435\\u0444\\u043e\\u043d","2":"\\u0422\\u0435\\u043b\\u0435\\u0444\\u043e\\u043d"}', '1');
INSERT INTO `PREFIX_DB_setting` (`store_id`, `code`, `key`, `value`, `serialized`) VALUES ('0', 'aridiuscallback', 'aridiuscallback_emailshow', '0', '0');
INSERT INTO `PREFIX_DB_setting` (`store_id`, `code`, `key`, `value`, `serialized`) VALUES ('0', 'aridiuscallback', 'aridiuscallback_emailvalid', '0', '0');
INSERT INTO `PREFIX_DB_setting` (`store_id`, `code`, `key`, `value`, `serialized`) VALUES ('0', 'aridiuscallback', 'aridiuscallback_placeholderemail', '{"1":"E-mail","2":"E-mail"}', '1');
INSERT INTO `PREFIX_DB_setting` (`store_id`, `code`, `key`, `value`, `serialized`) VALUES ('0', 'aridiuscallback', 'aridiuscallback_commentshow', '0', '0');
INSERT INTO `PREFIX_DB_setting` (`store_id`, `code`, `key`, `value`, `serialized`) VALUES ('0', 'aridiuscallback', 'aridiuscallback_placeholdercomment', '{"1":"\\u041a\\u043e\\u043c\\u043c\\u0435\\u043d\\u0442\\u0430\\u0440\\u0438\\u0439","2":"\\u041a\\u043e\\u043c\\u043c\\u0435\\u043d\\u0442\\u0430\\u0440\\u0438\\u0439"}', '1');
INSERT INTO `PREFIX_DB_setting` (`store_id`, `code`, `key`, `value`, `serialized`) VALUES ('0', 'aridiuscallback', 'aridiuscallback_adddescriptionshow', '1', '0');
INSERT INTO `PREFIX_DB_setting` (`store_id`, `code`, `key`, `value`, `serialized`) VALUES ('0', 'aridiuscallback', 'aridiuscallback_firstnameshow', '0', '0');
INSERT INTO `PREFIX_DB_setting` (`store_id`, `code`, `key`, `value`, `serialized`) VALUES ('0', 'aridiuscallback', 'aridiuscallback_firstnamevalid', '0', '0');
INSERT INTO `PREFIX_DB_setting` (`store_id`, `code`, `key`, `value`, `serialized`) VALUES ('0', 'aridiuscallback', 'aridiuscallback_placeholderfirstname', '{"1":"\\u0424\\u0418\\u041e","2":"\\u0424\\u0418\\u041e"}', '1');
INSERT INTO `PREFIX_DB_setting` (`store_id`, `code`, `key`, `value`, `serialized`) VALUES ('0', 'aridiuscallback', 'aridiuscallback_mask', '{"1":"+7(999) 999-9999","2":"+7(999) 999-9999"}', '1');
INSERT INTO `PREFIX_DB_setting` (`store_id`, `code`, `key`, `value`, `serialized`) VALUES ('0', 'aridiusfastorder', 'aridiusfastorder_status', '1', '0');
INSERT INTO `PREFIX_DB_setting` (`store_id`, `code`, `key`, `value`, `serialized`) VALUES ('0', 'aridiusfastorder', 'aridiusfastorder_description', '{"1":"&lt;span style=&quot;font-size: 11px;&quot;&gt;\\u041d\\u0430\\u0436\\u0438\\u043c\\u0430\\u044f \\u043d\\u0430 \\u043a\\u043d\\u043e\\u043f\\u043a\\u0443 \\u00ab\\u041e\\u0442\\u043f\\u0440\\u0430\\u0432\\u0438\\u0442\\u044c\\u00bb, \\u044f \\u0434\\u0430\\u044e c\\u043e\\u0433\\u043b\\u0430\\u0441\\u0438\\u0435 \\u043d\\u0430 &lt;a href=&quot;person_danie&quot; target=&quot;_blank&quot;&gt;\\u043e\\u0431\\u0440\\u0430\\u0431\\u043e\\u0442\\u043a\\u0443 \\u043f\\u0435\\u0440\\u0441\\u043e\\u043d\\u0430\\u043b\\u044c\\u043d\\u044b\\u0445 \\u0434\\u0430\\u043d\\u043d\\u044b\\u0445.&lt;\\/a&gt;&lt;\\/span&gt;","2":"&lt;p&gt;&lt;span style=&quot;font-size: 11px;&quot;&gt;\\u041d\\u0430\\u0436\\u0438\\u043c\\u0430\\u044f \\u043d\\u0430 \\u043a\\u043d\\u043e\\u043f\\u043a\\u0443 \\u00ab\\u041e\\u0442\\u043f\\u0440\\u0430\\u0432\\u0438\\u0442\\u044c\\u00bb, \\u044f \\u0434\\u0430\\u044e c\\u043e\\u0433\\u043b\\u0430\\u0441\\u0438\\u0435 \\u043d\\u0430 &lt;a href=&quot;http:\\/\\/shablon\\/admin\\/person_danie&quot; target=&quot;_blank&quot;&gt;\\u043e\\u0431\\u0440\\u0430\\u0431\\u043e\\u0442\\u043a\\u0443 \\u043f\\u0435\\u0440\\u0441\\u043e\\u043d\\u0430\\u043b\\u044c\\u043d\\u044b\\u0445 \\u0434\\u0430\\u043d\\u043d\\u044b\\u0445.&lt;\\/a&gt;&lt;\\/span&gt;&lt;br&gt;&lt;\\/p&gt;"}', '1');
INSERT INTO `PREFIX_DB_setting` (`store_id`, `code`, `key`, `value`, `serialized`) VALUES ('0', 'aridiusfastorder', 'aridiusfastorder_placeholdercomment', '{"1":"\\u041a\\u043e\\u043c\\u043c\\u0435\\u043d\\u0442\\u0430\\u0440\\u0438\\u0439","2":"\\u041a\\u043e\\u043c\\u043c\\u0435\\u043d\\u0442\\u0430\\u0440\\u0438\\u0439"}', '1');
INSERT INTO `PREFIX_DB_setting` (`store_id`, `code`, `key`, `value`, `serialized`) VALUES ('0', 'aridiusfastorder', 'aridiusfastorder_commentshow', '0', '0');
INSERT INTO `PREFIX_DB_setting` (`store_id`, `code`, `key`, `value`, `serialized`) VALUES ('0', 'aridiusfastorder', 'aridiusfastorder_placeholderemail', '{"1":"E-mail","2":"E-mail"}', '1');
INSERT INTO `PREFIX_DB_setting` (`store_id`, `code`, `key`, `value`, `serialized`) VALUES ('0', 'aridiusfastorder', 'aridiusfastorder_emailshow', '0', '0');
INSERT INTO `PREFIX_DB_setting` (`store_id`, `code`, `key`, `value`, `serialized`) VALUES ('0', 'aridiusfastorder', 'aridiusfastorder_emailvalid', '0', '0');
INSERT INTO `PREFIX_DB_setting` (`store_id`, `code`, `key`, `value`, `serialized`) VALUES ('0', 'aridiusfastorder', 'aridiusfastorder_placeholdertell', '{"1":"\\u0422\\u0435\\u043b\\u0435\\u0444\\u043e\\u043d","2":"\\u0422\\u0435\\u043b\\u0435\\u0444\\u043e\\u043d"}', '1');
INSERT INTO `PREFIX_DB_setting` (`store_id`, `code`, `key`, `value`, `serialized`) VALUES ('0', 'aridiusfastorder', 'aridiusfastorder_imgw', '120', '0');
INSERT INTO `PREFIX_DB_setting` (`store_id`, `code`, `key`, `value`, `serialized`) VALUES ('0', 'aridiusfastorder', 'aridiusfastorder_imgh', '120', '0');
INSERT INTO `PREFIX_DB_setting` (`store_id`, `code`, `key`, `value`, `serialized`) VALUES ('0', 'aridiusfastorder', 'aridiusfastorder_descchar', '190', '0');
INSERT INTO `PREFIX_DB_setting` (`store_id`, `code`, `key`, `value`, `serialized`) VALUES ('0', 'aridiusfastorder', 'aridiusfastorder_firstnameshow', '0', '0');
INSERT INTO `PREFIX_DB_setting` (`store_id`, `code`, `key`, `value`, `serialized`) VALUES ('0', 'aridiusfastorder', 'aridiusfastorder_firstnamevalid', '0', '0');
INSERT INTO `PREFIX_DB_setting` (`store_id`, `code`, `key`, `value`, `serialized`) VALUES ('0', 'aridiusfastorder', 'aridiusfastorder_placeholderfirstname', '{"1":"\\u0424\\u0418\\u041e","2":"\\u0424\\u0418\\u041e"}', '1');
INSERT INTO `PREFIX_DB_setting` (`store_id`, `code`, `key`, `value`, `serialized`) VALUES ('0', 'aridiusfastorder', 'aridiusfastorder_mask', '{"1":"+7(999) 999-9999","2":"+7(999) 999-9999"}', '1');
INSERT INTO `PREFIX_DB_setting` (`store_id`, `code`, `key`, `value`, `serialized`) VALUES ('0', 'aridiusfastorder', 'aridiusfastorder_adddescriptionshow', '1', '0');
INSERT INTO `PREFIX_DB_setting` (`store_id`, `code`, `key`, `value`, `serialized`) VALUES ('0', 'aridiusfastorder', 'aridiusfastorder_descriptionshow', '0', '0');
INSERT INTO `PREFIX_DB_setting` (`store_id`, `code`, `key`, `value`, `serialized`) VALUES ('0', 'aridiusfastorder', 'aridiusfastorder_img', '0', '0');
INSERT INTO `PREFIX_DB_setting` (`store_id`, `code`, `key`, `value`, `serialized`) VALUES ('0', 'aridiusfastorder', 'aridiusfastorder_price', '0', '0');
INSERT INTO `PREFIX_DB_setting` (`store_id`, `code`, `key`, `value`, `serialized`) VALUES ('0', 'aridiusfastorder', 'aridiusfastorder_quantity', '0', '0');
INSERT INTO `PREFIX_DB_setting` (`store_id`, `code`, `key`, `value`, `serialized`) VALUES ('0', 'aridius_livesearch', 'aridius_livesearch_livesearch_model', '0', '0');
INSERT INTO `PREFIX_DB_setting` (`store_id`, `code`, `key`, `value`, `serialized`) VALUES ('0', 'aridius_livesearch', 'aridius_livesearch_description', '0', '0');
INSERT INTO `PREFIX_DB_setting` (`store_id`, `code`, `key`, `value`, `serialized`) VALUES ('0', 'aridius_livesearch', 'aridius_livesearch_sku', '0', '0');
INSERT INTO `PREFIX_DB_setting` (`store_id`, `code`, `key`, `value`, `serialized`) VALUES ('0', 'aridius_livesearch', 'aridius_livesearch_tag', '0', '0');
INSERT INTO `PREFIX_DB_setting` (`store_id`, `code`, `key`, `value`, `serialized`) VALUES ('0', 'aridius_livesearch', 'aridius_livesearch_img', '0', '0');
INSERT INTO `PREFIX_DB_setting` (`store_id`, `code`, `key`, `value`, `serialized`) VALUES ('0', 'aridius_livesearch', 'aridius_livesearch_symbol', '2', '0');
INSERT INTO `PREFIX_DB_setting` (`store_id`, `code`, `key`, `value`, `serialized`) VALUES ('0', 'aridius_livesearch', 'aridius_livesearch_limit', '5', '0');
INSERT INTO `PREFIX_DB_setting` (`store_id`, `code`, `key`, `value`, `serialized`) VALUES ('0', 'aridius_livesearch', 'aridius_livesearch_width', '45', '0');
INSERT INTO `PREFIX_DB_setting` (`store_id`, `code`, `key`, `value`, `serialized`) VALUES ('0', 'aridius_livesearch', 'aridius_livesearch_height', '45', '0');
INSERT INTO `PREFIX_DB_setting` (`store_id`, `code`, `key`, `value`, `serialized`) VALUES ('0', 'aridius_livesearch', 'aridius_livesearch_status', '1', '0');
INSERT INTO `PREFIX_DB_setting` (`store_id`, `code`, `key`, `value`, `serialized`) VALUES ('0', 'aridiusundersell', 'aridiusundersell_description', '{"1":"&lt;span style=&quot;font-size: 11px;&quot;&gt;\\u041d\\u0430\\u0436\\u0438\\u043c\\u0430\\u044f \\u043d\\u0430 \\u043a\\u043d\\u043e\\u043f\\u043a\\u0443 \\u00ab\\u041e\\u0442\\u043f\\u0440\\u0430\\u0432\\u0438\\u0442\\u044c\\u00bb, \\u044f \\u0434\\u0430\\u044e c\\u043e\\u0433\\u043b\\u0430\\u0441\\u0438\\u0435 \\u043d\\u0430 &lt;a href=&quot;person_danie&quot; target=&quot;_blank&quot;&gt;\\u043e\\u0431\\u0440\\u0430\\u0431\\u043e\\u0442\\u043a\\u0443 \\u043f\\u0435\\u0440\\u0441\\u043e\\u043d\\u0430\\u043b\\u044c\\u043d\\u044b\\u0445 \\u0434\\u0430\\u043d\\u043d\\u044b\\u0445.&lt;\\/a&gt;&lt;\\/span&gt;","2":"&lt;p&gt;&lt;span style=&quot;font-size: 11px;&quot;&gt;\\u041d\\u0430\\u0436\\u0438\\u043c\\u0430\\u044f \\u043d\\u0430 \\u043a\\u043d\\u043e\\u043f\\u043a\\u0443 \\u00ab\\u041e\\u0442\\u043f\\u0440\\u0430\\u0432\\u0438\\u0442\\u044c\\u00bb, \\u044f \\u0434\\u0430\\u044e c\\u043e\\u0433\\u043b\\u0430\\u0441\\u0438\\u0435 \\u043d\\u0430 &lt;a href=&quot;http:\\/\\/shablon\\/admin\\/person_danie&quot; target=&quot;_blank&quot;&gt;\\u043e\\u0431\\u0440\\u0430\\u0431\\u043e\\u0442\\u043a\\u0443 \\u043f\\u0435\\u0440\\u0441\\u043e\\u043d\\u0430\\u043b\\u044c\\u043d\\u044b\\u0445 \\u0434\\u0430\\u043d\\u043d\\u044b\\u0445.&lt;\\/a&gt;&lt;\\/span&gt;&lt;br&gt;&lt;\\/p&gt;"}', '1');
INSERT INTO `PREFIX_DB_setting` (`store_id`, `code`, `key`, `value`, `serialized`) VALUES ('0', 'aridiusundersell', 'aridiusundersell_status', '1', '0');
INSERT INTO `PREFIX_DB_setting` (`store_id`, `code`, `key`, `value`, `serialized`) VALUES ('0', 'aridiusundersell', 'aridiusundersell_placeholderlink', '{"1":"\\u0421\\u0441\\u044b\\u043b\\u043a\\u0430 \\u043d\\u0430 \\u0442\\u043e\\u0432\\u0430\\u0440 ","2":"\\u0421\\u0441\\u044b\\u043b\\u043a\\u0430 \\u043d\\u0430 \\u0442\\u043e\\u0432\\u0430\\u0440 "}', '1');
INSERT INTO `PREFIX_DB_setting` (`store_id`, `code`, `key`, `value`, `serialized`) VALUES ('0', 'aridiusundersell', 'aridiusundersell_linkshow', '0', '0');
INSERT INTO `PREFIX_DB_setting` (`store_id`, `code`, `key`, `value`, `serialized`) VALUES ('0', 'aridiusundersell', 'aridiusundersell_linkvalid', '0', '0');
INSERT INTO `PREFIX_DB_setting` (`store_id`, `code`, `key`, `value`, `serialized`) VALUES ('0', 'aridiusundersell', 'aridiusundersell_commentshow', '0', '0');
INSERT INTO `PREFIX_DB_setting` (`store_id`, `code`, `key`, `value`, `serialized`) VALUES ('0', 'aridiusundersell', 'aridiusundersell_placeholdercomment', '{"1":"\\u041a\\u043e\\u043c\\u043c\\u0435\\u043d\\u0442\\u0430\\u0440\\u0438\\u0439","2":"\\u041a\\u043e\\u043c\\u043c\\u0435\\u043d\\u0442\\u0430\\u0440\\u0438\\u0439"}', '1');
INSERT INTO `PREFIX_DB_setting` (`store_id`, `code`, `key`, `value`, `serialized`) VALUES ('0', 'aridiusundersell', 'aridiusundersell_placeholderemail', '{"1":"E-mail","2":"E-mail"}', '1');
INSERT INTO `PREFIX_DB_setting` (`store_id`, `code`, `key`, `value`, `serialized`) VALUES ('0', 'aridiusundersell', 'aridiusundersell_emailshow', '0', '0');
INSERT INTO `PREFIX_DB_setting` (`store_id`, `code`, `key`, `value`, `serialized`) VALUES ('0', 'aridiusundersell', 'aridiusundersell_emailvalid', '0', '0');
INSERT INTO `PREFIX_DB_setting` (`store_id`, `code`, `key`, `value`, `serialized`) VALUES ('0', 'aridiusundersell', 'aridiusundersell_placeholdertell', '{"1":"\\u0422\\u0435\\u043b\\u0435\\u0444\\u043e\\u043d","2":"\\u0422\\u0435\\u043b\\u0435\\u0444\\u043e\\u043d"}', '1');
INSERT INTO `PREFIX_DB_setting` (`store_id`, `code`, `key`, `value`, `serialized`) VALUES ('0', 'aridiusundersell', 'aridiusundersell_imgw', '125', '0');
INSERT INTO `PREFIX_DB_setting` (`store_id`, `code`, `key`, `value`, `serialized`) VALUES ('0', 'aridiusundersell', 'aridiusundersell_imgh', '125', '0');
INSERT INTO `PREFIX_DB_setting` (`store_id`, `code`, `key`, `value`, `serialized`) VALUES ('0', 'aridiusundersell', 'aridiusundersell_descchar', '190', '0');
INSERT INTO `PREFIX_DB_setting` (`store_id`, `code`, `key`, `value`, `serialized`) VALUES ('0', 'aridiusundersell', 'aridiusundersell_firstnameshow', '0', '0');
INSERT INTO `PREFIX_DB_setting` (`store_id`, `code`, `key`, `value`, `serialized`) VALUES ('0', 'aridiusundersell', 'aridiusundersell_firstnamevalid', '0', '0');
INSERT INTO `PREFIX_DB_setting` (`store_id`, `code`, `key`, `value`, `serialized`) VALUES ('0', 'aridiusundersell', 'aridiusundersell_placeholderfirstname', '{"1":"\\u0424\\u0418\\u041e","2":"\\u0424\\u0418\\u041e"}', '1');
INSERT INTO `PREFIX_DB_setting` (`store_id`, `code`, `key`, `value`, `serialized`) VALUES ('0', 'aridiusundersell', 'aridiusundersell_mask', '{"1":"+7(999) 999-9999","2":"+7(999) 999-9999"}', '1');
INSERT INTO `PREFIX_DB_setting` (`store_id`, `code`, `key`, `value`, `serialized`) VALUES ('0', 'aridiusundersell', 'aridiusundersell_adddescriptionshow', '1', '0');
INSERT INTO `PREFIX_DB_setting` (`store_id`, `code`, `key`, `value`, `serialized`) VALUES ('0', 'aridiusundersell', 'aridiusundersell_descriptionshow', '0', '0');
INSERT INTO `PREFIX_DB_setting` (`store_id`, `code`, `key`, `value`, `serialized`) VALUES ('0', 'aridiusundersell', 'aridiusundersell_img', '0', '0');
INSERT INTO `PREFIX_DB_setting` (`store_id`, `code`, `key`, `value`, `serialized`) VALUES ('0', 'aridiusundersell', 'aridiusundersell_price', '0', '0');
INSERT INTO `PREFIX_DB_setting` (`store_id`, `code`, `key`, `value`, `serialized`) VALUES ('0', 'aridiusundersell', 'aridiusundersell_quantity', '0', '0');
INSERT INTO `PREFIX_DB_setting` (`store_id`, `code`, `key`, `value`, `serialized`) VALUES ('0', 'aridius_category_accordion', 'aridius_category_accordion_child_visible', '["118","99","20","18","25","24","33","34","129","141"]', '1');
INSERT INTO `PREFIX_DB_setting` (`store_id`, `code`, `key`, `value`, `serialized`) VALUES ('0', 'aridius_category_accordion', 'aridius_category_accordion_status', '1', '0');
INSERT INTO `PREFIX_DB_setting` (`store_id`, `code`, `key`, `value`, `serialized`) VALUES ('0', 'aridius_category_footer', 'aridius_category_footer_child_visible', '["118","99","20","18","25","24","33","34","129","141"]', '1');
INSERT INTO `PREFIX_DB_setting` (`store_id`, `code`, `key`, `value`, `serialized`) VALUES ('0', 'aridius_category_footer', 'aridius_category_footer_status', '1', '0');
INSERT INTO `PREFIX_DB_setting` (`store_id`, `code`, `key`, `value`, `serialized`) VALUES ('0', 'aridius_review_category', 'aridius_review_category_chars', '160', '0');
INSERT INTO `PREFIX_DB_setting` (`store_id`, `code`, `key`, `value`, `serialized`) VALUES ('0', 'aridius_review_category', 'aridius_review_category_limit', '6', '0');
INSERT INTO `PREFIX_DB_setting` (`store_id`, `code`, `key`, `value`, `serialized`) VALUES ('0', 'aridius_review_category', 'aridius_review_category_date', '1', '0');
INSERT INTO `PREFIX_DB_setting` (`store_id`, `code`, `key`, `value`, `serialized`) VALUES ('0', 'aridius_review_category', 'aridius_review_category_navigation', '1', '0');
INSERT INTO `PREFIX_DB_setting` (`store_id`, `code`, `key`, `value`, `serialized`) VALUES ('0', 'aridius_review_category', 'aridius_review_category_autoplayon', '0', '0');
INSERT INTO `PREFIX_DB_setting` (`store_id`, `code`, `key`, `value`, `serialized`) VALUES ('0', 'aridius_review_category', 'aridius_review_category_autoplay', '4000', '0');
INSERT INTO `PREFIX_DB_setting` (`store_id`, `code`, `key`, `value`, `serialized`) VALUES ('0', 'aridius_review_category', 'aridius_review_category_items', '3', '0');
INSERT INTO `PREFIX_DB_setting` (`store_id`, `code`, `key`, `value`, `serialized`) VALUES ('0', 'aridius_review_category', 'aridius_review_category_rew_speed', '4000', '0');
INSERT INTO `PREFIX_DB_setting` (`store_id`, `code`, `key`, `value`, `serialized`) VALUES ('0', 'aridius_review_category', 'aridius_review_category_stophover', '1', '0');
INSERT INTO `PREFIX_DB_setting` (`store_id`, `code`, `key`, `value`, `serialized`) VALUES ('0', 'aridius_review_category', 'aridius_review_category_colleft', '0', '0');
INSERT INTO `PREFIX_DB_setting` (`store_id`, `code`, `key`, `value`, `serialized`) VALUES ('0', 'aridius_review_category', 'aridius_review_category_status', '1', '0');
INSERT INTO `PREFIX_DB_setting` (`store_id`, `code`, `key`, `value`, `serialized`) VALUES ('0', 'aridius_store_review', 'aridius_store_review_review_guest', '0', '0');
INSERT INTO `PREFIX_DB_setting` (`store_id`, `code`, `key`, `value`, `serialized`) VALUES ('0', 'aridius_store_review', 'aridius_store_review_display_answer_button', '0', '0');
INSERT INTO `PREFIX_DB_setting` (`store_id`, `code`, `key`, `value`, `serialized`) VALUES ('0', 'aridius_store_review', 'aridius_store_review_display_average_rating', '0', '0');
INSERT INTO `PREFIX_DB_setting` (`store_id`, `code`, `key`, `value`, `serialized`) VALUES ('0', 'aridius_store_review', 'aridius_store_review_default_rating', '5', '0');
INSERT INTO `PREFIX_DB_setting` (`store_id`, `code`, `key`, `value`, `serialized`) VALUES ('0', 'aridius_store_review', 'aridius_store_review_limite_page', '20', '0');
INSERT INTO `PREFIX_DB_setting` (`store_id`, `code`, `key`, `value`, `serialized`) VALUES ('0', 'aridius_store_review', 'aridius_store_review_display_captcha', '0', '0');
INSERT INTO `PREFIX_DB_setting` (`store_id`, `code`, `key`, `value`, `serialized`) VALUES ('0', 'aridius_store_review', 'aridius_store_review_mail', '0', '0');
INSERT INTO `PREFIX_DB_setting` (`store_id`, `code`, `key`, `value`, `serialized`) VALUES ('0', 'aridius_store_review', 'aridius_store_review_meta_title', '{"1":"\\u041e\\u0442\\u0437\\u044b\\u0432\\u044b \\u043e \\u043c\\u0430\\u0433\\u0430\\u0437\\u0438\\u043d\\u0435","2":"\\u041e\\u0442\\u0437\\u044b\\u0432\\u044b \\u043e \\u043c\\u0430\\u0433\\u0430\\u0437\\u0438\\u043d\\u0435"}', '1');
INSERT INTO `PREFIX_DB_setting` (`store_id`, `code`, `key`, `value`, `serialized`) VALUES ('0', 'aridius_store_review', 'aridius_store_review_meta_description', '{"1":"\\u041e\\u0442\\u0437\\u044b\\u0432\\u044b \\u043e \\u043c\\u0430\\u0433\\u0430\\u0437\\u0438\\u043d\\u0435","2":"\\u041e\\u0442\\u0437\\u044b\\u0432\\u044b \\u043e \\u043c\\u0430\\u0433\\u0430\\u0437\\u0438\\u043d\\u0435"}', '1');
INSERT INTO `PREFIX_DB_setting` (`store_id`, `code`, `key`, `value`, `serialized`) VALUES ('0', 'aridius_store_review', 'aridius_store_review_meta_keyword', '{"1":"\\u041e\\u0442\\u0437\\u044b\\u0432\\u044b \\u043e \\u043c\\u0430\\u0433\\u0430\\u0437\\u0438\\u043d\\u0435","2":"\\u041e\\u0442\\u0437\\u044b\\u0432\\u044b \\u043e \\u043c\\u0430\\u0433\\u0430\\u0437\\u0438\\u043d\\u0435"}', '1');
INSERT INTO `PREFIX_DB_setting` (`store_id`, `code`, `key`, `value`, `serialized`) VALUES ('0', 'aridius_store_review', 'aridius_store_review_status', '1', '0');
INSERT INTO `PREFIX_DB_setting` (`store_id`, `code`, `key`, `value`, `serialized`) VALUES ('0', 'aridius_letters', 'aridius_letters_title', '{"1":"\\u041f\\u043e\\u0434\\u043f\\u0438\\u0441\\u043a\\u0430 \\u043d\\u0430 \\u043d\\u043e\\u0432\\u043e\\u0441\\u0442\\u0438","2":"\\u041f\\u043e\\u0434\\u043f\\u0438\\u0441\\u043a\\u0430 \\u043d\\u0430 \\u043d\\u043e\\u0432\\u043e\\u0441\\u0442\\u0438"}', '1');
INSERT INTO `PREFIX_DB_setting` (`store_id`, `code`, `key`, `value`, `serialized`) VALUES ('0', 'aridius_letters', 'aridius_letters_placeholder', '{"1":"\\u0412\\u0432\\u0435\\u0434\\u0438\\u0442\\u0435 \\u0432\\u0430\\u0448 e-mail","2":"\\u0412\\u0432\\u0435\\u0434\\u0438\\u0442\\u0435 \\u0432\\u0430\\u0448 e-mail"}', '1');
INSERT INTO `PREFIX_DB_setting` (`store_id`, `code`, `key`, `value`, `serialized`) VALUES ('0', 'aridius_letters', 'aridius_letters_pl', '{"1":"\\u041f\\u041e\\u0414\\u041f\\u0418\\u0421\\u0410\\u0422\\u042c\\u0421\\u042f","2":"\\u041f\\u041e\\u0414\\u041f\\u0418\\u0421\\u0410\\u0422\\u042c\\u0421\\u042f"}', '1');
INSERT INTO `PREFIX_DB_setting` (`store_id`, `code`, `key`, `value`, `serialized`) VALUES ('0', 'aridius_letters', 'aridius_lettersdes_status', '1', '0');
INSERT INTO `PREFIX_DB_setting` (`store_id`, `code`, `key`, `value`, `serialized`) VALUES ('0', 'aridius_letters', 'aridius_letters_description', '{"1":"&lt;span class=&quot;person_data&quot;&gt;\\u042f \\u043f\\u0440\\u0438\\u043d\\u0438\\u043c\\u0430\\u044e &lt;a href=&quot;person_danie&quot; target=&quot;_blank&quot;&gt;\\u043f\\u043e\\u043b\\u044c\\u0437\\u043e\\u0432\\u0430\\u0442\\u0435\\u043b\\u044c\\u0441\\u043a\\u043e\\u0435 \\u0441\\u043e\\u0433\\u043b\\u0430\\u0448\\u0435\\u043d\\u0438\\u044f&lt;\\/a&gt;&lt;\\/span&gt;","2":"&lt;span class=&quot;person_data&quot;&gt;\\u042f \\u043f\\u0440\\u0438\\u043d\\u0438\\u043c\\u0430\\u044e &lt;a href=&quot;person_danie&quot; target=&quot;_blank&quot;&gt;\\u043f\\u043e\\u043b\\u044c\\u0437\\u043e\\u0432\\u0430\\u0442\\u0435\\u043b\\u044c\\u0441\\u043a\\u043e\\u0435 \\u0441\\u043e\\u0433\\u043b\\u0430\\u0448\\u0435\\u043d\\u0438\\u044f&lt;\\/a&gt;&lt;\\/span&gt;"}', '1');
INSERT INTO `PREFIX_DB_setting` (`store_id`, `code`, `key`, `value`, `serialized`) VALUES ('0', 'aridius_letters', 'aridius_letters_status', '1', '0');
INSERT INTO `PREFIX_DB_setting` (`store_id`, `code`, `key`, `value`, `serialized`) VALUES ('0', 'aridiuscallback', 'aridiuscallback_description2', '{"1":"&lt;p&gt;\\u0421\\u043f\\u0430\\u0441\\u0438\\u0431\\u043e \\u0437\\u0430 \\u0437\\u0430\\u043a\\u0430\\u0437 \\u0437\\u0432\\u043e\\u043d\\u043a\\u0430. \\u0421 \\u0432\\u0430\\u043c\\u0438 \\u0441\\u0432\\u044f\\u0436\\u0443\\u0442\\u0441\\u044f \\u0432 \\u0442\\u0435\\u0447\\u0435\\u043d\\u0438\\u0438 \\u0447\\u0430\\u0441\\u0430!&lt;br&gt;&lt;\\/p&gt;","2":"&lt;p&gt;\\u0421\\u043f\\u0430\\u0441\\u0438\\u0431\\u043e \\u0437\\u0430 \\u0437\\u0430\\u043a\\u0430\\u0437 \\u0437\\u0432\\u043e\\u043d\\u043a\\u0430. \\u0421 \\u0432\\u0430\\u043c\\u0438 \\u0441\\u0432\\u044f\\u0436\\u0443\\u0442\\u0441\\u044f \\u0432 \\u0442\\u0435\\u0447\\u0435\\u043d\\u0438\\u0438 \\u0447\\u0430\\u0441\\u0430!&lt;br&gt;&lt;\\/p&gt;"}', '1');
INSERT INTO `PREFIX_DB_setting` (`store_id`, `code`, `key`, `value`, `serialized`) VALUES ('0', 'aridiusfastorder', 'aridiusfastorder_description2', '{"1":"&lt;p&gt;\\u0421\\u043f\\u0430\\u0441\\u0438\\u0431\\u043e \\u0437\\u0430 \\u0437\\u0430\\u043a\\u0430\\u0437. \\u0421 \\u0432\\u0430\\u043c\\u0438 \\u0441\\u0432\\u044f\\u0436\\u0443\\u0442\\u0441\\u044f \\u0432 \\u0442\\u0435\\u0447\\u0435\\u043d\\u0438\\u0438 \\u0447\\u0430\\u0441\\u0430!&lt;br&gt;&lt;\\/p&gt;","2":"&lt;p&gt;\\u0421\\u043f\\u0430\\u0441\\u0438\\u0431\\u043e \\u0437\\u0430 \\u0437\\u0430\\u043a\\u0430\\u0437. \\u0421 \\u0432\\u0430\\u043c\\u0438 \\u0441\\u0432\\u044f\\u0436\\u0443\\u0442\\u0441\\u044f \\u0432 \\u0442\\u0435\\u0447\\u0435\\u043d\\u0438\\u0438 \\u0447\\u0430\\u0441\\u0430!&lt;\\/p&gt;"}', '1');
INSERT INTO `PREFIX_DB_setting` (`store_id`, `code`, `key`, `value`, `serialized`) VALUES ('0', 'aridiusundersell', 'aridiusundersell_description2', '{"1":"\\u0421\\u043f\\u0430\\u0441\\u0438\\u0431\\u043e \\u0437\\u0430 \\u0437\\u0430\\u044f\\u0432\\u043a\\u0443. \\u0421 \\u0432\\u0430\\u043c\\u0438 \\u0441\\u0432\\u044f\\u0436\\u0443\\u0442\\u0441\\u044f \\u0432 \\u0442\\u0435\\u0447\\u0435\\u043d\\u0438\\u0438 \\u0447\\u0430\\u0441\\u0430!","2":"&lt;p&gt;\\u0421\\u043f\\u0430\\u0441\\u0438\\u0431\\u043e \\u0437\\u0430 \\u0437\\u0430\\u044f\\u0432\\u043a\\u0443. \\u0421 \\u0432\\u0430\\u043c\\u0438 \\u0441\\u0432\\u044f\\u0436\\u0443\\u0442\\u0441\\u044f \\u0432 \\u0442\\u0435\\u0447\\u0435\\u043d\\u0438\\u0438 \\u0447\\u0430\\u0441\\u0430!&lt;br&gt;&lt;\\/p&gt;"}', '1');
INSERT INTO `PREFIX_DB_setting` (`store_id`, `code`, `key`, `value`, `serialized`) VALUES ('0', 'aurus', 'aurus_color71', '#4F4E4E', '0');
INSERT INTO `PREFIX_DB_setting` (`store_id`, `code`, `key`, `value`, `serialized`) VALUES ('0', 'aurus', 'aurus_color70', '#ffffff', '0');
INSERT INTO `PREFIX_DB_setting` (`store_id`, `code`, `key`, `value`, `serialized`) VALUES ('0', 'aurus', 'aurus_color69', '#96C4F2', '0');
INSERT INTO `PREFIX_DB_setting` (`store_id`, `code`, `key`, `value`, `serialized`) VALUES ('0', 'aridius_faq', 'aridius_faq_description', '{"1":"","2":""}', '1');
INSERT INTO `PREFIX_DB_setting` (`store_id`, `code`, `key`, `value`, `serialized`) VALUES ('0', 'aridius_faq', 'aridius_faq_description2', '{"1":"","2":""}', '1');
INSERT INTO `PREFIX_DB_setting` (`store_id`, `code`, `key`, `value`, `serialized`) VALUES ('0', 'aridius_faq', 'aridius_faq_meta_title', '{"1":"FAQ","2":"FAQ"}', '1');
INSERT INTO `PREFIX_DB_setting` (`store_id`, `code`, `key`, `value`, `serialized`) VALUES ('0', 'aridius_faq', 'aridius_faq_meta_description', '{"1":"FAQ","2":"FAQ"}', '1');
INSERT INTO `PREFIX_DB_setting` (`store_id`, `code`, `key`, `value`, `serialized`) VALUES ('0', 'aridius_faq', 'aridius_faq_meta_keyword', '{"1":"FAQ","2":"FAQ"}', '1');
INSERT INTO `PREFIX_DB_setting` (`store_id`, `code`, `key`, `value`, `serialized`) VALUES ('0', 'aridius_faq', 'aridius_faq_status', '1', '0');
INSERT INTO `PREFIX_DB_setting` (`store_id`, `code`, `key`, `value`, `serialized`) VALUES ('0', 'aridiusinstock', 'aridiusinstock_adddescriptionshow', '1', '0');
INSERT INTO `PREFIX_DB_setting` (`store_id`, `code`, `key`, `value`, `serialized`) VALUES ('0', 'aridius_news', 'aridius_news_display_answer_button', '0', '0');
INSERT INTO `PREFIX_DB_setting` (`store_id`, `code`, `key`, `value`, `serialized`) VALUES ('0', 'aridius_news', 'aridius_news_status_review', '0', '0');
INSERT INTO `PREFIX_DB_setting` (`store_id`, `code`, `key`, `value`, `serialized`) VALUES ('0', 'aridius_faq', 'aridius_faq_name', '{"1":"FAQ","2":"FAQ"}', '1');
INSERT INTO `PREFIX_DB_setting` (`store_id`, `code`, `key`, `value`, `serialized`) VALUES ('0', 'aridius_faq', 'aridius_faq_top_links', '{"1":{"title":{"1":"\\u041a\\u0430\\u043a \\u043a\\u0443\\u043f\\u0438\\u0442\\u044c","2":"\\u041a\\u0430\\u043a \\u043a\\u0443\\u043f\\u0438\\u0442\\u044c"},"faicons_faq":"fa fa-usd","description":{"1":"&lt;p&gt;\\u0412\\u044b \\u043c\\u043e\\u0436\\u0435\\u0442\\u0435 \\u0437\\u0430\\u043a\\u0430\\u0437\\u0430\\u0442\\u044c \\u0442\\u043e\\u0432\\u0430\\u0440 \\u0447\\u0435\\u0440\\u0435\\u0437 \\u0441\\u0430\\u0439\\u0442, \\u043f\\u043e\\u0441\\u043b\\u0435 \\u0447\\u0435\\u0433\\u043e \\u0412\\u0430\\u043c \\u043f\\u043e\\u0437\\u0432\\u043e\\u043d\\u0438\\u0442 \\u043d\\u0430\\u0448 \\u043c\\u0435\\u043d\\u0435\\u0434\\u0436\\u0435\\u0440 \\u0438 \\u043e\\u0431\\u0441\\u0443\\u0434\\u0438\\u0442 \\u0432\\u0441\\u0435 \\u0434\\u0435\\u0442\\u0430\\u043b\\u0438 \\u0437\\u0430\\u043a\\u0430\\u0437\\u0430, \\u0438\\u043b\\u0438 \\u0441\\u0434\\u0435\\u043b\\u0430\\u0442\\u044c \\u0437\\u0430\\u043a\\u0430\\u0437 \\u043f\\u043e \\u043e\\u0434\\u043d\\u043e\\u043c\\u0443 \\u0438\\u0437 \\u0442\\u0435\\u043b\\u0435\\u0444\\u043e\\u043d\\u043e\\u0432: (xxx) xxx-xx-xx, (xxx) xxx-xx-xx, \\u0432\\u0440\\u0435\\u043c\\u044f \\u0440\\u0430\\u0431\\u043e\\u0442\\u044b \\u0432 \\u0431\\u0443\\u0434\\u043d\\u0438\\u0435 \\u0434\\u043d\\u0438 \\u0441 9:00 \\u0434\\u043e 18:00, \\u0441\\u0443\\u0431\\u0431\\u043e\\u0442\\u0430 \\u0441 10:00 \\u0434\\u043e 16:00, \\u0432\\u043e\\u0441\\u043a\\u0440\\u0435\\u0441\\u0435\\u043d\\u044c\\u0435 \\u0432\\u044b\\u0445\\u043e\\u0434\\u043d\\u043e\\u0439.&lt;\\/p&gt;","2":"&lt;p&gt;\\u0412\\u044b \\u043c\\u043e\\u0436\\u0435\\u0442\\u0435 \\u0437\\u0430\\u043a\\u0430\\u0437\\u0430\\u0442\\u044c \\u0442\\u043e\\u0432\\u0430\\u0440 \\u0447\\u0435\\u0440\\u0435\\u0437 \\u0441\\u0430\\u0439\\u0442, \\u043f\\u043e\\u0441\\u043b\\u0435 \\u0447\\u0435\\u0433\\u043e \\u0412\\u0430\\u043c \\u043f\\u043e\\u0437\\u0432\\u043e\\u043d\\u0438\\u0442 \\u043d\\u0430\\u0448 \\u043c\\u0435\\u043d\\u0435\\u0434\\u0436\\u0435\\u0440 \\u0438 \\u043e\\u0431\\u0441\\u0443\\u0434\\u0438\\u0442 \\u0432\\u0441\\u0435 \\u0434\\u0435\\u0442\\u0430\\u043b\\u0438 \\u0437\\u0430\\u043a\\u0430\\u0437\\u0430, \\u0438\\u043b\\u0438 \\u0441\\u0434\\u0435\\u043b\\u0430\\u0442\\u044c \\u0437\\u0430\\u043a\\u0430\\u0437 \\u043f\\u043e \\u043e\\u0434\\u043d\\u043e\\u043c\\u0443 \\u0438\\u0437 \\u0442\\u0435\\u043b\\u0435\\u0444\\u043e\\u043d\\u043e\\u0432: (xxx) xxx-xx-xx, (xxx) xxx-xx-xx, \\u0432\\u0440\\u0435\\u043c\\u044f \\u0440\\u0430\\u0431\\u043e\\u0442\\u044b \\u0432 \\u0431\\u0443\\u0434\\u043d\\u0438\\u0435 \\u0434\\u043d\\u0438 \\u0441 9:00 \\u0434\\u043e 18:00, \\u0441\\u0443\\u0431\\u0431\\u043e\\u0442\\u0430 \\u0441 10:00 \\u0434\\u043e 16:00, \\u0432\\u043e\\u0441\\u043a\\u0440\\u0435\\u0441\\u0435\\u043d\\u044c\\u0435 \\u0432\\u044b\\u0445\\u043e\\u0434\\u043d\\u043e\\u0439.&lt;br&gt;&lt;\\/p&gt;"}},"2":{"title":{"1":"\\u0414\\u043e\\u0441\\u0442\\u0430\\u0432\\u043a\\u0430 \\u0438 \\u043e\\u043f\\u043b\\u0430\\u0442\\u0430","2":"\\u0414\\u043e\\u0441\\u0442\\u0430\\u0432\\u043a\\u0430 \\u0438 \\u043e\\u043f\\u043b\\u0430\\u0442\\u0430"},"faicons_faq":"fa fa-truck","description":{"1":"&lt;p&gt;\\u041f\\u0440\\u0438 \\u0432\\u044b\\u0431\\u043e\\u0440\\u0435 \\u0434\\u043e\\u0441\\u0442\\u0430\\u0432\\u043a\\u0438 \\u2013 \\u043d\\u0430\\u0448\\u0438\\u043c \\u0442\\u0440\\u0430\\u043d\\u0441\\u043f\\u043e\\u0440\\u0442\\u043e\\u043c, \\u0412\\u0430\\u043c \\u043d\\u0443\\u0436\\u043d\\u043e \\u043e\\u043f\\u043b\\u0430\\u0442\\u0438\\u0442\\u044c \\u043f\\u043e\\u043b\\u043d\\u0443\\u044e \\u0441\\u0442\\u043e\\u0438\\u043c\\u043e\\u0441\\u0442\\u044c \\u043f\\u043e\\u043a\\u0443\\u043f\\u043a\\u0438 \\u043d\\u0430 \\u043d\\u0430\\u0448 \\u0440\\u0430\\u0441\\u0447\\u0435\\u0442\\u043d\\u044b\\u0439 \\u0441\\u0447\\u0435\\u0442 \\u0432 \\u0431\\u0430\\u043d\\u043a\\u0435, \\u044d\\u0442\\u043e \\u043c\\u043e\\u0436\\u043d\\u043e \\u0441\\u0434\\u0435\\u043b\\u0430\\u0442\\u044c \\u0447\\u0435\\u0440\\u0435\\u0437 \\u043a\\u0430\\u0441\\u0441\\u0443 \\u0432 \\u043b\\u044e\\u0431\\u043e\\u043c \\u0431\\u0430\\u043d\\u043a\\u0435, \\u0438\\u043b\\u0438 \\u0441 \\u043f\\u043e\\u043c\\u043e\\u0449\\u044c\\u044e \\u0431\\u0430\\u043d\\u043a\\u043e\\u0432\\u0441\\u043a\\u043e\\u0439 \\u043a\\u0430\\u0440\\u0442\\u044b (\\u0432\\u044b\\u0431\\u0440\\u0430\\u0432 \\u0441\\u043f\\u043e\\u0441\\u043e\\u0431 \\u043e\\u043f\\u043b\\u0430\\u0442\\u044b \\u00ab\\u041e\\u043f\\u043b\\u0430\\u0442\\u0430 \\u043a\\u0430\\u0440\\u0442\\u043e\\u0439 \\u043b\\u044e\\u0431\\u043e\\u0433\\u043e \\u0431\\u0430\\u043d\\u043a\\u0430\\u00bb \\u043f\\u0440\\u0438 \\u043e\\u0444\\u043e\\u0440\\u043c\\u043b\\u0435\\u043d\\u0438\\u0438 \\u0437\\u0430\\u043a\\u0430\\u0437\\u0430 \\u043d\\u0430 \\u043d\\u0430\\u0448\\u0435\\u043c \\u0441\\u0430\\u0439\\u0442\\u0435).&lt;br&gt;&lt;\\/p&gt;                                        ","2":"&lt;p&gt;\\u041f\\u0440\\u0438 \\u0432\\u044b\\u0431\\u043e\\u0440\\u0435 \\u0434\\u043e\\u0441\\u0442\\u0430\\u0432\\u043a\\u0438 \\u2013 \\u043d\\u0430\\u0448\\u0438\\u043c \\u0442\\u0440\\u0430\\u043d\\u0441\\u043f\\u043e\\u0440\\u0442\\u043e\\u043c, \\u0412\\u0430\\u043c \\u043d\\u0443\\u0436\\u043d\\u043e \\u043e\\u043f\\u043b\\u0430\\u0442\\u0438\\u0442\\u044c \\u043f\\u043e\\u043b\\u043d\\u0443\\u044e \\u0441\\u0442\\u043e\\u0438\\u043c\\u043e\\u0441\\u0442\\u044c \\u043f\\u043e\\u043a\\u0443\\u043f\\u043a\\u0438 \\u043d\\u0430 \\u043d\\u0430\\u0448 \\u0440\\u0430\\u0441\\u0447\\u0435\\u0442\\u043d\\u044b\\u0439 \\u0441\\u0447\\u0435\\u0442 \\u0432 \\u0431\\u0430\\u043d\\u043a\\u0435, \\u044d\\u0442\\u043e \\u043c\\u043e\\u0436\\u043d\\u043e \\u0441\\u0434\\u0435\\u043b\\u0430\\u0442\\u044c \\u0447\\u0435\\u0440\\u0435\\u0437 \\u043a\\u0430\\u0441\\u0441\\u0443 \\u0432 \\u043b\\u044e\\u0431\\u043e\\u043c \\u0431\\u0430\\u043d\\u043a\\u0435, \\u0438\\u043b\\u0438 \\u0441 \\u043f\\u043e\\u043c\\u043e\\u0449\\u044c\\u044e \\u0431\\u0430\\u043d\\u043a\\u043e\\u0432\\u0441\\u043a\\u043e\\u0439 \\u043a\\u0430\\u0440\\u0442\\u044b (\\u0432\\u044b\\u0431\\u0440\\u0430\\u0432 \\u0441\\u043f\\u043e\\u0441\\u043e\\u0431 \\u043e\\u043f\\u043b\\u0430\\u0442\\u044b \\u00ab\\u041e\\u043f\\u043b\\u0430\\u0442\\u0430 \\u043a\\u0430\\u0440\\u0442\\u043e\\u0439 \\u043b\\u044e\\u0431\\u043e\\u0433\\u043e \\u0431\\u0430\\u043d\\u043a\\u0430\\u00bb \\u043f\\u0440\\u0438 \\u043e\\u0444\\u043e\\u0440\\u043c\\u043b\\u0435\\u043d\\u0438\\u0438 \\u0437\\u0430\\u043a\\u0430\\u0437\\u0430 \\u043d\\u0430 \\u043d\\u0430\\u0448\\u0435\\u043c \\u0441\\u0430\\u0439\\u0442\\u0435).&lt;br&gt;&lt;\\/p&gt;                                        "}},"3":{"title":{"1":"\\u041e \\u043d\\u0430\\u0448\\u0435\\u043c \\u043c\\u0430\\u0433\\u0430\\u0437\\u0438\\u043d\\u0435","2":"\\u041e \\u043d\\u0430\\u0448\\u0435\\u043c \\u043c\\u0430\\u0433\\u0430\\u0437\\u0438\\u043d\\u0435"},"faicons_faq":"fa fa-gift","description":{"1":"&lt;p&gt;\\u0418\\u043d\\u0442\\u0435\\u0440\\u043d\\u0435\\u0442-\\u043c\\u0430\\u0433\\u0430\\u0437\\u0438\\u043d (\\u0430\\u043d\\u0433\\u043b. online shop \\u0438\\u043b\\u0438 e-shop) \\u2014 \\u0441\\u0430\\u0439\\u0442, \\u0442\\u043e\\u0440\\u0433\\u0443\\u044e\\u0449\\u0438\\u0439 \\u0442\\u043e\\u0432\\u0430\\u0440\\u0430\\u043c\\u0438 \\u043f\\u043e\\u0441\\u0440\\u0435\\u0434\\u0441\\u0442\\u0432\\u043e\\u043c \\u0441\\u0435\\u0442\\u0438 \\u0418\\u043d\\u0442\\u0435\\u0440\\u043d\\u0435\\u0442. \\u041f\\u043e\\u0437\\u0432\\u043e\\u043b\\u044f\\u0435\\u0442 \\u043f\\u043e\\u043b\\u044c\\u0437\\u043e\\u0432\\u0430\\u0442\\u0435\\u043b\\u044f\\u043c \\u043e\\u043d\\u043b\\u0430\\u0439\\u043d, \\u0432 \\u0441\\u0432\\u043e\\u0451\\u043c \\u0431\\u0440\\u0430\\u0443\\u0437\\u0435\\u0440\\u0435 \\u0438\\u043b\\u0438 \\u0447\\u0435\\u0440\\u0435\\u0437 \\u043c\\u043e\\u0431\\u0438\\u043b\\u044c\\u043d\\u043e\\u0435 \\u043f\\u0440\\u0438\\u043b\\u043e\\u0436\\u0435\\u043d\\u0438\\u0435&lt;\\/p&gt;&lt;p&gt;               &lt;br&gt;&lt;\\/p&gt;                                        ","2":"&lt;p&gt;\\u0418\\u043d\\u0442\\u0435\\u0440\\u043d\\u0435\\u0442-\\u043c\\u0430\\u0433\\u0430\\u0437\\u0438\\u043d (\\u0430\\u043d\\u0433\\u043b. online shop \\u0438\\u043b\\u0438 e-shop) \\u2014 \\u0441\\u0430\\u0439\\u0442, \\u0442\\u043e\\u0440\\u0433\\u0443\\u044e\\u0449\\u0438\\u0439 \\u0442\\u043e\\u0432\\u0430\\u0440\\u0430\\u043c\\u0438 \\u043f\\u043e\\u0441\\u0440\\u0435\\u0434\\u0441\\u0442\\u0432\\u043e\\u043c \\u0441\\u0435\\u0442\\u0438 \\u0418\\u043d\\u0442\\u0435\\u0440\\u043d\\u0435\\u0442. \\u041f\\u043e\\u0437\\u0432\\u043e\\u043b\\u044f\\u0435\\u0442 \\u043f\\u043e\\u043b\\u044c\\u0437\\u043e\\u0432\\u0430\\u0442\\u0435\\u043b\\u044f\\u043c \\u043e\\u043d\\u043b\\u0430\\u0439\\u043d, \\u0432 \\u0441\\u0432\\u043e\\u0451\\u043c \\u0431\\u0440\\u0430\\u0443\\u0437\\u0435\\u0440\\u0435 \\u0438\\u043b\\u0438 \\u0447\\u0435\\u0440\\u0435\\u0437 \\u043c\\u043e\\u0431\\u0438\\u043b\\u044c\\u043d\\u043e\\u0435 \\u043f\\u0440\\u0438\\u043b\\u043e\\u0436\\u0435\\u043d\\u0438\\u0435&lt;\\/p&gt;&lt;p&gt;&lt;br&gt;&lt;\\/p&gt;&lt;p&gt;               &lt;br&gt;&lt;\\/p&gt;&lt;p&gt;                                        &lt;br&gt;&lt;\\/p&gt;"}}}', '1');
INSERT INTO `PREFIX_DB_setting` (`store_id`, `code`, `key`, `value`, `serialized`) VALUES ('0', 'aridius_news', 'aridius_news_review_guest', '0', '0');
INSERT INTO `PREFIX_DB_setting` (`store_id`, `code`, `key`, `value`, `serialized`) VALUES ('0', 'aridius_news', 'aridius_news_status', '1', '0');
INSERT INTO `PREFIX_DB_setting` (`store_id`, `code`, `key`, `value`, `serialized`) VALUES ('0', 'aridius_news', 'aridius_news_thumb_width', '449', '0');
INSERT INTO `PREFIX_DB_setting` (`store_id`, `code`, `key`, `value`, `serialized`) VALUES ('0', 'aridius_news', 'aridius_news_thumb_height', '205', '0');
INSERT INTO `PREFIX_DB_setting` (`store_id`, `code`, `key`, `value`, `serialized`) VALUES ('0', 'aridius_text_home', 'aridius_text_home_description', '{"1":"&lt;h1&gt;\\u0418\\u043d\\u0442\\u0435\\u0440\\u043d\\u0435\\u0442-\\u043c\\u0430\\u0433\\u0430\\u0437\\u0438\\u043d Aurus&lt;\\/h1&gt;&lt;p&gt;&lt;span style=&quot;font-size:14px&quot;&gt;\\u0418\\u043d\\u0442\\u0435\\u0440\\u043d\\u0435\\u0442-\\u043c\\u0430\\u0433\\u0430\\u0437\\u0438\\u043d\\u044b \\u043e\\u0431\\u044b\\u0447\\u043d\\u043e \\u043f\\u043e\\u0437\\u0432\\u043e\\u043b\\u044f\\u044e\\u0442 \\u043f\\u043e\\u043a\\u0443\\u043f\\u0430\\u0442\\u0435\\u043b\\u044f\\u043c \\u0438\\u0441\\u043f\\u043e\\u043b\\u044c\\u0437\\u043e\\u0432\\u0430\\u0442\\u044c \\u0444\\u0443\\u043d\\u043a\\u0446\\u0438\\u0438 \\u00ab\\u043f\\u043e\\u0438\\u0441\\u043a\\u0430\\u00bb, \\u0447\\u0442\\u043e\\u0431\\u044b \\u043d\\u0430\\u0439\\u0442\\u0438 \\u043a\\u043e\\u043d\\u043a\\u0440\\u0435\\u0442\\u043d\\u044b\\u0435 \\u043c\\u043e\\u0434\\u0435\\u043b\\u0438, \\u0431\\u0440\\u0435\\u043d\\u0434\\u044b \\u0438\\u043b\\u0438 \\u043f\\u0440\\u0435\\u0434\\u043c\\u0435\\u0442\\u044b.&lt;br&gt;\\u041a\\u043e\\u0433\\u0434\\u0430 \\u043e\\u043d\\u043b\\u0430\\u0439\\u043d-\\u043c\\u0430\\u0433\\u0430\\u0437\\u0438\\u043d \\u043d\\u0430\\u0441\\u0442\\u0440\\u043e\\u0435\\u043d \\u043d\\u0430 \\u0442\\u043e, \\u0447\\u0442\\u043e\\u0431\\u044b \\u043f\\u043e\\u0437\\u0432\\u043e\\u043b\\u0438\\u0442\\u044c \\u043a\\u043e\\u043c\\u043f\\u0430\\u043d\\u0438\\u044f\\u043c \\u043f\\u043e\\u043a\\u0443\\u043f\\u0430\\u0442\\u044c \\u0443 \\u0434\\u0440\\u0443\\u0433\\u0438\\u0445 \\u043a\\u043e\\u043c\\u043f\\u0430\\u043d\\u0438\\u0439, \\u044d\\u0442\\u043e\\u0442 \\u043f\\u0440\\u043e\\u0446\\u0435\\u0441\\u0441 \\u043d\\u0430\\u0437\\u044b\\u0432\\u0430\\u0435\\u0442\\u0441\\u044f \\u043e\\u043d\\u043b\\u0430\\u0439\\u043d-\\u043c\\u0430\\u0433\\u0430\\u0437\\u0438\\u043d\\u0430\\u043c\\u0438 \\u0431\\u0438\\u0437\\u043d\\u0435\\u0441 \\u0434\\u043b\\u044f \\u0431\\u0438\\u0437\\u043d\\u0435\\u0441\\u0430 (B2B). \\u0422\\u0438\\u043f\\u0438\\u0447\\u043d\\u044b\\u0439 \\u0438\\u043d\\u0442\\u0435\\u0440\\u043d\\u0435\\u0442-\\u043c\\u0430\\u0433\\u0430\\u0437\\u0438\\u043d \\u043f\\u043e\\u0437\\u0432\\u043e\\u043b\\u044f\\u0435\\u0442 \\u043a\\u043b\\u0438\\u0435\\u043d\\u0442\\u0443 \\u043f\\u0440\\u043e\\u0441\\u043c\\u0430\\u0442\\u0440\\u0438\\u0432\\u0430\\u0442\\u044c \\u0430\\u0441\\u0441\\u043e\\u0440\\u0442\\u0438\\u043c\\u0435\\u043d\\u0442 \\u043f\\u0440\\u043e\\u0434\\u0443\\u043a\\u0442\\u043e\\u0432 \\u0438 \\u0443\\u0441\\u043b\\u0443\\u0433 \\u0444\\u0438\\u0440\\u043c\\u044b, \\u043f\\u0440\\u043e\\u0441\\u043c\\u0430\\u0442\\u0440\\u0438\\u0432\\u0430\\u0442\\u044c \\u0444\\u043e\\u0442\\u043e\\u0433\\u0440\\u0430\\u0444\\u0438\\u0438 \\u0438\\u043b\\u0438 \\u0438\\u0437\\u043e\\u0431\\u0440\\u0430\\u0436\\u0435\\u043d\\u0438\\u044f \\u043f\\u0440\\u043e\\u0434\\u0443\\u043a\\u0442\\u043e\\u0432, \\u0430 \\u0442\\u0430\\u043a\\u0436\\u0435 \\u0438\\u043d\\u0444\\u043e\\u0440\\u043c\\u0430\\u0446\\u0438\\u044e \\u043e \\u0442\\u0435\\u0445\\u043d\\u0438\\u0447\\u0435\\u0441\\u043a\\u0438\\u0445 \\u0445\\u0430\\u0440\\u0430\\u043a\\u0442\\u0435\\u0440\\u0438\\u0441\\u0442\\u0438\\u043a\\u0430\\u0445 \\u043f\\u0440\\u043e\\u0434\\u0443\\u043a\\u0442\\u0430 \\u0438 \\u0446\\u0435\\u043d\\u0430\\u0445.&lt;\\/span&gt;&lt;\\/p&gt;&lt;p&gt;&lt;span style=&quot;font-size:14px&quot;&gt;\\u0418\\u043d\\u0442\\u0435\\u0440\\u043d\\u0435\\u0442-\\u043c\\u0430\\u0433\\u0430\\u0437\\u0438\\u043d (\\u0430\\u043d\\u0433\\u043b. online shop \\u0438\\u043b\\u0438 e-shop) \\u2014 \\u0441\\u0430\\u0439\\u0442, \\u0442\\u043e\\u0440\\u0433\\u0443\\u044e\\u0449\\u0438\\u0439 \\u0442\\u043e\\u0432\\u0430\\u0440\\u0430\\u043c\\u0438 \\u043f\\u043e\\u0441\\u0440\\u0435\\u0434\\u0441\\u0442\\u0432\\u043e\\u043c \\u0441\\u0435\\u0442\\u0438 \\u0418\\u043d\\u0442\\u0435\\u0440\\u043d\\u0435\\u0442. \\u041f\\u043e\\u0437\\u0432\\u043e\\u043b\\u044f\\u0435\\u0442 \\u043f\\u043e\\u043b\\u044c\\u0437\\u043e\\u0432\\u0430\\u0442\\u0435\\u043b\\u044f\\u043c \\u043e\\u043d\\u043b\\u0430\\u0439\\u043d, \\u0432 \\u0441\\u0432\\u043e\\u0451\\u043c \\u0431\\u0440\\u0430\\u0443\\u0437\\u0435\\u0440\\u0435 \\u0438\\u043b\\u0438 \\u0447\\u0435\\u0440\\u0435\\u0437 \\u043c\\u043e\\u0431\\u0438\\u043b\\u044c\\u043d\\u043e\\u0435 \\u043f\\u0440\\u0438\\u043b\\u043e\\u0436\\u0435\\u043d\\u0438\\u0435, \\u0441\\u0444\\u043e\\u0440\\u043c\\u0438\\u0440\\u043e\\u0432\\u0430\\u0442\\u044c \\u0437\\u0430\\u043a\\u0430\\u0437 \\u043d\\u0430 \\u043f\\u043e\\u043a\\u0443\\u043f\\u043a\\u0443, \\u0432\\u044b\\u0431\\u0440\\u0430\\u0442\\u044c \\u0441\\u043f\\u043e\\u0441\\u043e\\u0431 \\u043e\\u043f\\u043b\\u0430\\u0442\\u044b \\u0438 \\u0434\\u043e\\u0441\\u0442\\u0430\\u0432\\u043a\\u0438 \\u0437\\u0430\\u043a\\u0430\\u0437\\u0430, \\u043e\\u043f\\u043b\\u0430\\u0442\\u0438\\u0442\\u044c \\u0437\\u0430\\u043a\\u0430\\u0437. \\u041f\\u0440\\u0438 \\u044d\\u0442\\u043e\\u043c \\u043f\\u0440\\u043e\\u0434\\u0430\\u0436\\u0430 \\u0442\\u043e\\u0432\\u0430\\u0440\\u043e\\u0432 \\u043e\\u0441\\u0443\\u0449\\u0435\\u0441\\u0442\\u0432\\u043b\\u044f\\u0435\\u0442\\u0441\\u044f \\u0434\\u0438\\u0441\\u0442\\u0430\\u043d\\u0446\\u0438\\u043e\\u043d\\u043d\\u044b\\u043c \\u0441\\u043f\\u043e\\u0441\\u043e\\u0431\\u043e\\u043c \\u0438 \\u043e\\u043d\\u0430 \\u043d\\u0430\\u043a\\u043b\\u0430\\u0434\\u044b\\u0432\\u0430\\u0435\\u0442 \\u043e\\u0433\\u0440\\u0430\\u043d\\u0438\\u0447\\u0435\\u043d\\u0438\\u044f \\u043d\\u0430 \\u043f\\u0440\\u043e\\u0434\\u0430\\u0432\\u0430\\u0435\\u043c\\u044b\\u0435 \\u0442\\u043e\\u0432\\u0430\\u0440\\u044b. \\u0422\\u0430\\u043a, \\u0432 \\u043d\\u0435\\u043a\\u043e\\u0442\\u043e\\u0440\\u044b\\u0445 \\u0441\\u0442\\u0440\\u0430\\u043d\\u0430\\u0445 \\u0438\\u043c\\u0435\\u0435\\u0442\\u0441\\u044f \\u0437\\u0430\\u043f\\u0440\\u0435\\u0442 \\u043d\\u0430 \\u0438\\u043d\\u0442\\u0435\\u0440\\u043d\\u0435\\u0442-\\u0442\\u043e\\u0440\\u0433\\u043e\\u0432\\u043b\\u044e \\u0430\\u043b\\u043a\\u043e\\u0433\\u043e\\u043b\\u0435\\u043c, \\u043e\\u0440\\u0443\\u0436\\u0438\\u0435\\u043c, \\u044e\\u0432\\u0435\\u043b\\u0438\\u0440\\u043d\\u044b\\u043c\\u0438 \\u0438\\u0437\\u0434\\u0435\\u043b\\u0438\\u044f\\u043c\\u0438 \\u0438 \\u0434\\u0440\\u0443\\u0433\\u0438\\u043c\\u0438 \\u0442\\u043e\\u0432\\u0430\\u0440\\u0430\\u043c\\u0438 (\\u043a \\u043f\\u0440\\u0438\\u043c\\u0435\\u0440\\u0443, \\u0432 \\u0420\\u043e\\u0441\\u0441\\u0438\\u0438 \\u0437\\u0430\\u043f\\u0440\\u0435\\u0449\\u0435\\u043d\\u0430 \\u0434\\u0438\\u0441\\u0442\\u0430\\u043d\\u0446\\u0438\\u043e\\u043d\\u043d\\u0430\\u044f \\u043f\\u0440\\u043e\\u0434\\u0430\\u0436\\u0430 \\u0430\\u043b\\u043a\\u043e\\u0433\\u043e\\u043b\\u044f, \\u044e\\u0432\\u0435\\u043b\\u0438\\u0440\\u043d\\u044b\\u0445 \\u0438\\u0437\\u0434\\u0435\\u043b\\u0438\\u0439 \\u0438 \\u0434\\u0440\\u0443\\u0433\\u0438\\u0445 \\u0442\\u043e\\u0432\\u0430\\u0440\\u043e\\u0432, \\u0441\\u0432\\u043e\\u0431\\u043e\\u0434\\u043d\\u0430\\u044f \\u0440\\u0435\\u0430\\u043b\\u0438\\u0437\\u0430\\u0446\\u0438\\u044f \\u043a\\u043e\\u0442\\u043e\\u0440\\u044b\\u0445 \\u0437\\u0430\\u043f\\u0440\\u0435\\u0449\\u0435\\u043d\\u0430 \\u0438\\u043b\\u0438 \\u043e\\u0433\\u0440\\u0430\\u043d\\u0438\\u0447\\u0435\\u043d\\u0430).&lt;\\/span&gt;&lt;\\/p&gt;&lt;p&gt;&lt;span style=&quot;font-size:14px&quot;&gt;\\u0418\\u043d\\u0442\\u0435\\u0440\\u043d\\u0435\\u0442-\\u043c\\u0430\\u0433\\u0430\\u0437\\u0438\\u043d\\u044b \\u043e\\u0431\\u044b\\u0447\\u043d\\u043e \\u043f\\u043e\\u0437\\u0432\\u043e\\u043b\\u044f\\u044e\\u0442 \\u043f\\u043e\\u043a\\u0443\\u043f\\u0430\\u0442\\u0435\\u043b\\u044f\\u043c \\u0438\\u0441\\u043f\\u043e\\u043b\\u044c\\u0437\\u043e\\u0432\\u0430\\u0442\\u044c \\u0444\\u0443\\u043d\\u043a\\u0446\\u0438\\u0438 \\u00ab\\u043f\\u043e\\u0438\\u0441\\u043a\\u0430\\u00bb, \\u0447\\u0442\\u043e\\u0431\\u044b \\u043d\\u0430\\u0439\\u0442\\u0438 \\u043a\\u043e\\u043d\\u043a\\u0440\\u0435\\u0442\\u043d\\u044b\\u0435 \\u043c\\u043e\\u0434\\u0435\\u043b\\u0438, \\u0431\\u0440\\u0435\\u043d\\u0434\\u044b \\u0438\\u043b\\u0438 \\u043f\\u0440\\u0435\\u0434\\u043c\\u0435\\u0442\\u044b.&lt;br&gt;\\u041a\\u043e\\u0433\\u0434\\u0430 \\u043e\\u043d\\u043b\\u0430\\u0439\\u043d-\\u043c\\u0430\\u0433\\u0430\\u0437\\u0438\\u043d \\u043d\\u0430\\u0441\\u0442\\u0440\\u043e\\u0435\\u043d \\u043d\\u0430 \\u0442\\u043e, \\u0447\\u0442\\u043e\\u0431\\u044b \\u043f\\u043e\\u0437\\u0432\\u043e\\u043b\\u0438\\u0442\\u044c \\u043a\\u043e\\u043c\\u043f\\u0430\\u043d\\u0438\\u044f\\u043c \\u043f\\u043e\\u043a\\u0443\\u043f\\u0430\\u0442\\u044c \\u0443 \\u0434\\u0440\\u0443\\u0433\\u0438\\u0445 \\u043a\\u043e\\u043c\\u043f\\u0430\\u043d\\u0438\\u0439, \\u044d\\u0442\\u043e\\u0442 \\u043f\\u0440\\u043e\\u0446\\u0435\\u0441\\u0441 \\u043d\\u0430\\u0437\\u044b\\u0432\\u0430\\u0435\\u0442\\u0441\\u044f \\u043e\\u043d\\u043b\\u0430\\u0439\\u043d-\\u043c\\u0430\\u0433\\u0430\\u0437\\u0438\\u043d\\u0430\\u043c\\u0438 \\u0431\\u0438\\u0437\\u043d\\u0435\\u0441 \\u0434\\u043b\\u044f \\u0431\\u0438\\u0437\\u043d\\u0435\\u0441\\u0430 (B2B). \\u0422\\u0438\\u043f\\u0438\\u0447\\u043d\\u044b\\u0439 \\u0438\\u043d\\u0442\\u0435\\u0440\\u043d\\u0435\\u0442-\\u043c\\u0430\\u0433\\u0430\\u0437\\u0438\\u043d \\u043f\\u043e\\u0437\\u0432\\u043e\\u043b\\u044f\\u0435\\u0442 \\u043a\\u043b\\u0438\\u0435\\u043d\\u0442\\u0443 \\u043f\\u0440\\u043e\\u0441\\u043c\\u0430\\u0442\\u0440\\u0438\\u0432\\u0430\\u0442\\u044c \\u0430\\u0441\\u0441\\u043e\\u0440\\u0442\\u0438\\u043c\\u0435\\u043d\\u0442 \\u043f\\u0440\\u043e\\u0434\\u0443\\u043a\\u0442\\u043e\\u0432 \\u0438 \\u0443\\u0441\\u043b\\u0443\\u0433 \\u0444\\u0438\\u0440\\u043c\\u044b, \\u043f\\u0440\\u043e\\u0441\\u043c\\u0430\\u0442\\u0440\\u0438\\u0432\\u0430\\u0442\\u044c \\u0444\\u043e\\u0442\\u043e\\u0433\\u0440\\u0430\\u0444\\u0438\\u0438 \\u0438\\u043b\\u0438 \\u0438\\u0437\\u043e\\u0431\\u0440\\u0430\\u0436\\u0435\\u043d\\u0438\\u044f \\u043f\\u0440\\u043e\\u0434\\u0443\\u043a\\u0442\\u043e\\u0432, \\u0430 \\u0442\\u0430\\u043a\\u0436\\u0435 \\u0438\\u043d\\u0444\\u043e\\u0440\\u043c\\u0430\\u0446\\u0438\\u044e \\u043e \\u0442\\u0435\\u0445\\u043d\\u0438\\u0447\\u0435\\u0441\\u043a\\u0438\\u0445 \\u0445\\u0430\\u0440\\u0430\\u043a\\u0442\\u0435\\u0440\\u0438\\u0441\\u0442\\u0438\\u043a\\u0430\\u0445 \\u043f\\u0440\\u043e\\u0434\\u0443\\u043a\\u0442\\u0430 \\u0438 \\u0446\\u0435\\u043d\\u0430\\u0445.&lt;\\/span&gt;&lt;\\/p&gt;&lt;p&gt;&lt;span style=&quot;font-size:14px&quot;&gt;\\u0418\\u043d\\u0442\\u0435\\u0440\\u043d\\u0435\\u0442-\\u043c\\u0430\\u0433\\u0430\\u0437\\u0438\\u043d (\\u0430\\u043d\\u0433\\u043b. online shop \\u0438\\u043b\\u0438 e-shop) \\u2014 \\u0441\\u0430\\u0439\\u0442, \\u0442\\u043e\\u0440\\u0433\\u0443\\u044e\\u0449\\u0438\\u0439 \\u0442\\u043e\\u0432\\u0430\\u0440\\u0430\\u043c\\u0438 \\u043f\\u043e\\u0441\\u0440\\u0435\\u0434\\u0441\\u0442\\u0432\\u043e\\u043c \\u0441\\u0435\\u0442\\u0438 \\u0418\\u043d\\u0442\\u0435\\u0440\\u043d\\u0435\\u0442. \\u041f\\u043e\\u0437\\u0432\\u043e\\u043b\\u044f\\u0435\\u0442 \\u043f\\u043e\\u043b\\u044c\\u0437\\u043e\\u0432\\u0430\\u0442\\u0435\\u043b\\u044f\\u043c \\u043e\\u043d\\u043b\\u0430\\u0439\\u043d, \\u0432 \\u0441\\u0432\\u043e\\u0451\\u043c \\u0431\\u0440\\u0430\\u0443\\u0437\\u0435\\u0440\\u0435 \\u0438\\u043b\\u0438 \\u0447\\u0435\\u0440\\u0435\\u0437 \\u043c\\u043e\\u0431\\u0438\\u043b\\u044c\\u043d\\u043e\\u0435 \\u043f\\u0440\\u0438\\u043b\\u043e\\u0436\\u0435\\u043d\\u0438\\u0435, \\u0441\\u0444\\u043e\\u0440\\u043c\\u0438\\u0440\\u043e\\u0432\\u0430\\u0442\\u044c \\u0437\\u0430\\u043a\\u0430\\u0437 \\u043d\\u0430 \\u043f\\u043e\\u043a\\u0443\\u043f\\u043a\\u0443, \\u0432\\u044b\\u0431\\u0440\\u0430\\u0442\\u044c \\u0441\\u043f\\u043e\\u0441\\u043e\\u0431 \\u043e\\u043f\\u043b\\u0430\\u0442\\u044b \\u0438 \\u0434\\u043e\\u0441\\u0442\\u0430\\u0432\\u043a\\u0438 \\u0437\\u0430\\u043a\\u0430\\u0437\\u0430, \\u043e\\u043f\\u043b\\u0430\\u0442\\u0438\\u0442\\u044c \\u0437\\u0430\\u043a\\u0430\\u0437. \\u041f\\u0440\\u0438 \\u044d\\u0442\\u043e\\u043c \\u043f\\u0440\\u043e\\u0434\\u0430\\u0436\\u0430 \\u0442\\u043e\\u0432\\u0430\\u0440\\u043e\\u0432 \\u043e\\u0441\\u0443\\u0449\\u0435\\u0441\\u0442\\u0432\\u043b\\u044f\\u0435\\u0442\\u0441\\u044f \\u0434\\u0438\\u0441\\u0442\\u0430\\u043d\\u0446\\u0438\\u043e\\u043d\\u043d\\u044b\\u043c \\u0441\\u043f\\u043e\\u0441\\u043e\\u0431\\u043e\\u043c \\u0438 \\u043e\\u043d\\u0430 \\u043d\\u0430\\u043a\\u043b\\u0430\\u0434\\u044b\\u0432\\u0430\\u0435\\u0442 \\u043e\\u0433\\u0440\\u0430\\u043d\\u0438\\u0447\\u0435\\u043d\\u0438\\u044f \\u043d\\u0430 \\u043f\\u0440\\u043e\\u0434\\u0430\\u0432\\u0430\\u0435\\u043c\\u044b\\u0435 \\u0442\\u043e\\u0432\\u0430\\u0440\\u044b. \\u0422\\u0430\\u043a, \\u0432 \\u043d\\u0435\\u043a\\u043e\\u0442\\u043e\\u0440\\u044b\\u0445 \\u0441\\u0442\\u0440\\u0430\\u043d\\u0430\\u0445 \\u0438\\u043c\\u0435\\u0435\\u0442\\u0441\\u044f \\u0437\\u0430\\u043f\\u0440\\u0435\\u0442 \\u043d\\u0430 \\u0438\\u043d\\u0442\\u0435\\u0440\\u043d\\u0435\\u0442-\\u0442\\u043e\\u0440\\u0433\\u043e\\u0432\\u043b\\u044e \\u0430\\u043b\\u043a\\u043e\\u0433\\u043e\\u043b\\u0435\\u043c, \\u043e\\u0440\\u0443\\u0436\\u0438\\u0435\\u043c, \\u044e\\u0432\\u0435\\u043b\\u0438\\u0440\\u043d\\u044b\\u043c\\u0438 \\u0438\\u0437\\u0434\\u0435\\u043b\\u0438\\u044f\\u043c\\u0438 \\u0438 \\u0434\\u0440\\u0443\\u0433\\u0438\\u043c\\u0438 \\u0442\\u043e\\u0432\\u0430\\u0440\\u0430\\u043c\\u0438 (\\u043a \\u043f\\u0440\\u0438\\u043c\\u0435\\u0440\\u0443, \\u0432 \\u0420\\u043e\\u0441\\u0441\\u0438\\u0438 \\u0437\\u0430\\u043f\\u0440\\u0435\\u0449\\u0435\\u043d\\u0430 \\u0434\\u0438\\u0441\\u0442\\u0430\\u043d\\u0446\\u0438\\u043e\\u043d\\u043d\\u0430\\u044f \\u043f\\u0440\\u043e\\u0434\\u0430\\u0436\\u0430 \\u0430\\u043b\\u043a\\u043e\\u0433\\u043e\\u043b\\u044f, \\u044e\\u0432\\u0435\\u043b\\u0438\\u0440\\u043d\\u044b\\u0445 \\u0438\\u0437\\u0434\\u0435\\u043b\\u0438\\u0439 \\u0438 \\u0434\\u0440\\u0443\\u0433\\u0438\\u0445 \\u0442\\u043e\\u0432\\u0430\\u0440\\u043e\\u0432, \\u0441\\u0432\\u043e\\u0431\\u043e\\u0434\\u043d\\u0430\\u044f \\u0440\\u0435\\u0430\\u043b\\u0438\\u0437\\u0430\\u0446\\u0438\\u044f \\u043a\\u043e\\u0442\\u043e\\u0440\\u044b\\u0445 \\u0437\\u0430\\u043f\\u0440\\u0435\\u0449\\u0435\\u043d\\u0430 \\u0438\\u043b\\u0438 \\u043e\\u0433\\u0440\\u0430\\u043d\\u0438\\u0447\\u0435\\u043d\\u0430).&lt;\\/span&gt;&lt;\\/p&gt;","2":"&lt;p&gt;\\u0418\\u043d\\u0442\\u0435\\u0440\\u043d\\u0435\\u0442-\\u043c\\u0430\\u0433\\u0430\\u0437\\u0438\\u043d Aurus&lt;\\/p&gt;&lt;p&gt;\\u0418\\u043d\\u0442\\u0435\\u0440\\u043d\\u0435\\u0442-\\u043c\\u0430\\u0433\\u0430\\u0437\\u0438\\u043d\\u044b \\u043e\\u0431\\u044b\\u0447\\u043d\\u043e \\u043f\\u043e\\u0437\\u0432\\u043e\\u043b\\u044f\\u044e\\u0442 \\u043f\\u043e\\u043a\\u0443\\u043f\\u0430\\u0442\\u0435\\u043b\\u044f\\u043c \\u0438\\u0441\\u043f\\u043e\\u043b\\u044c\\u0437\\u043e\\u0432\\u0430\\u0442\\u044c \\u0444\\u0443\\u043d\\u043a\\u0446\\u0438\\u0438 \\u00ab\\u043f\\u043e\\u0438\\u0441\\u043a\\u0430\\u00bb, \\u0447\\u0442\\u043e\\u0431\\u044b \\u043d\\u0430\\u0439\\u0442\\u0438 \\u043a\\u043e\\u043d\\u043a\\u0440\\u0435\\u0442\\u043d\\u044b\\u0435 \\u043c\\u043e\\u0434\\u0435\\u043b\\u0438, \\u0431\\u0440\\u0435\\u043d\\u0434\\u044b \\u0438\\u043b\\u0438 \\u043f\\u0440\\u0435\\u0434\\u043c\\u0435\\u0442\\u044b.&lt;br \\/&gt;\\u041a\\u043e\\u0433\\u0434\\u0430 \\u043e\\u043d\\u043b\\u0430\\u0439\\u043d-\\u043c\\u0430\\u0433\\u0430\\u0437\\u0438\\u043d \\u043d\\u0430\\u0441\\u0442\\u0440\\u043e\\u0435\\u043d \\u043d\\u0430 \\u0442\\u043e, \\u0447\\u0442\\u043e\\u0431\\u044b \\u043f\\u043e\\u0437\\u0432\\u043e\\u043b\\u0438\\u0442\\u044c \\u043a\\u043e\\u043c\\u043f\\u0430\\u043d\\u0438\\u044f\\u043c \\u043f\\u043e\\u043a\\u0443\\u043f\\u0430\\u0442\\u044c \\u0443 \\u0434\\u0440\\u0443\\u0433\\u0438\\u0445 \\u043a\\u043e\\u043c\\u043f\\u0430\\u043d\\u0438\\u0439, \\u044d\\u0442\\u043e\\u0442 \\u043f\\u0440\\u043e\\u0446\\u0435\\u0441\\u0441 \\u043d\\u0430\\u0437\\u044b\\u0432\\u0430\\u0435\\u0442\\u0441\\u044f \\u043e\\u043d\\u043b\\u0430\\u0439\\u043d-\\u043c\\u0430\\u0433\\u0430\\u0437\\u0438\\u043d\\u0430\\u043c\\u0438 \\u0431\\u0438\\u0437\\u043d\\u0435\\u0441 \\u0434\\u043b\\u044f \\u0431\\u0438\\u0437\\u043d\\u0435\\u0441\\u0430 (B2B). \\u0422\\u0438\\u043f\\u0438\\u0447\\u043d\\u044b\\u0439 \\u0438\\u043d\\u0442\\u0435\\u0440\\u043d\\u0435\\u0442-\\u043c\\u0430\\u0433\\u0430\\u0437\\u0438\\u043d \\u043f\\u043e\\u0437\\u0432\\u043e\\u043b\\u044f\\u0435\\u0442 \\u043a\\u043b\\u0438\\u0435\\u043d\\u0442\\u0443 \\u043f\\u0440\\u043e\\u0441\\u043c\\u0430\\u0442\\u0440\\u0438\\u0432\\u0430\\u0442\\u044c \\u0430\\u0441\\u0441\\u043e\\u0440\\u0442\\u0438\\u043c\\u0435\\u043d\\u0442 \\u043f\\u0440\\u043e\\u0434\\u0443\\u043a\\u0442\\u043e\\u0432 \\u0438 \\u0443\\u0441\\u043b\\u0443\\u0433 \\u0444\\u0438\\u0440\\u043c\\u044b, \\u043f\\u0440\\u043e\\u0441\\u043c\\u0430\\u0442\\u0440\\u0438\\u0432\\u0430\\u0442\\u044c \\u0444\\u043e\\u0442\\u043e\\u0433\\u0440\\u0430\\u0444\\u0438\\u0438 \\u0438\\u043b\\u0438 \\u0438\\u0437\\u043e\\u0431\\u0440\\u0430\\u0436\\u0435\\u043d\\u0438\\u044f \\u043f\\u0440\\u043e\\u0434\\u0443\\u043a\\u0442\\u043e\\u0432, \\u0430 \\u0442\\u0430\\u043a\\u0436\\u0435 \\u0438\\u043d\\u0444\\u043e\\u0440\\u043c\\u0430\\u0446\\u0438\\u044e \\u043e \\u0442\\u0435\\u0445\\u043d\\u0438\\u0447\\u0435\\u0441\\u043a\\u0438\\u0445 \\u0445\\u0430\\u0440\\u0430\\u043a\\u0442\\u0435\\u0440\\u0438\\u0441\\u0442\\u0438\\u043a\\u0430\\u0445 \\u043f\\u0440\\u043e\\u0434\\u0443\\u043a\\u0442\\u0430 \\u0438 \\u0446\\u0435\\u043d\\u0430\\u0445.&lt;\\/p&gt;&lt;p&gt;&amp;nbsp;&lt;\\/p&gt;&lt;p&gt;\\u0418\\u043d\\u0442\\u0435\\u0440\\u043d\\u0435\\u0442-\\u043c\\u0430\\u0433\\u0430\\u0437\\u0438\\u043d (\\u0430\\u043d\\u0433\\u043b. online shop \\u0438\\u043b\\u0438 e-shop) \\u2014 \\u0441\\u0430\\u0439\\u0442, \\u0442\\u043e\\u0440\\u0433\\u0443\\u044e\\u0449\\u0438\\u0439 \\u0442\\u043e\\u0432\\u0430\\u0440\\u0430\\u043c\\u0438 \\u043f\\u043e\\u0441\\u0440\\u0435\\u0434\\u0441\\u0442\\u0432\\u043e\\u043c \\u0441\\u0435\\u0442\\u0438 \\u0418\\u043d\\u0442\\u0435\\u0440\\u043d\\u0435\\u0442. \\u041f\\u043e\\u0437\\u0432\\u043e\\u043b\\u044f\\u0435\\u0442 \\u043f\\u043e\\u043b\\u044c\\u0437\\u043e\\u0432\\u0430\\u0442\\u0435\\u043b\\u044f\\u043c \\u043e\\u043d\\u043b\\u0430\\u0439\\u043d, \\u0432 \\u0441\\u0432\\u043e\\u0451\\u043c \\u0431\\u0440\\u0430\\u0443\\u0437\\u0435\\u0440\\u0435 \\u0438\\u043b\\u0438 \\u0447\\u0435\\u0440\\u0435\\u0437 \\u043c\\u043e\\u0431\\u0438\\u043b\\u044c\\u043d\\u043e\\u0435 \\u043f\\u0440\\u0438\\u043b\\u043e\\u0436\\u0435\\u043d\\u0438\\u0435, \\u0441\\u0444\\u043e\\u0440\\u043c\\u0438\\u0440\\u043e\\u0432\\u0430\\u0442\\u044c \\u0437\\u0430\\u043a\\u0430\\u0437 \\u043d\\u0430 \\u043f\\u043e\\u043a\\u0443\\u043f\\u043a\\u0443, \\u0432\\u044b\\u0431\\u0440\\u0430\\u0442\\u044c \\u0441\\u043f\\u043e\\u0441\\u043e\\u0431 \\u043e\\u043f\\u043b\\u0430\\u0442\\u044b \\u0438 \\u0434\\u043e\\u0441\\u0442\\u0430\\u0432\\u043a\\u0438 \\u0437\\u0430\\u043a\\u0430\\u0437\\u0430, \\u043e\\u043f\\u043b\\u0430\\u0442\\u0438\\u0442\\u044c \\u0437\\u0430\\u043a\\u0430\\u0437. \\u041f\\u0440\\u0438 \\u044d\\u0442\\u043e\\u043c \\u043f\\u0440\\u043e\\u0434\\u0430\\u0436\\u0430 \\u0442\\u043e\\u0432\\u0430\\u0440\\u043e\\u0432 \\u043e\\u0441\\u0443\\u0449\\u0435\\u0441\\u0442\\u0432\\u043b\\u044f\\u0435\\u0442\\u0441\\u044f \\u0434\\u0438\\u0441\\u0442\\u0430\\u043d\\u0446\\u0438\\u043e\\u043d\\u043d\\u044b\\u043c \\u0441\\u043f\\u043e\\u0441\\u043e\\u0431\\u043e\\u043c \\u0438 \\u043e\\u043d\\u0430 \\u043d\\u0430\\u043a\\u043b\\u0430\\u0434\\u044b\\u0432\\u0430\\u0435\\u0442 \\u043e\\u0433\\u0440\\u0430\\u043d\\u0438\\u0447\\u0435\\u043d\\u0438\\u044f \\u043d\\u0430 \\u043f\\u0440\\u043e\\u0434\\u0430\\u0432\\u0430\\u0435\\u043c\\u044b\\u0435 \\u0442\\u043e\\u0432\\u0430\\u0440\\u044b. \\u0422\\u0430\\u043a, \\u0432 \\u043d\\u0435\\u043a\\u043e\\u0442\\u043e\\u0440\\u044b\\u0445 \\u0441\\u0442\\u0440\\u0430\\u043d\\u0430\\u0445 \\u0438\\u043c\\u0435\\u0435\\u0442\\u0441\\u044f \\u0437\\u0430\\u043f\\u0440\\u0435\\u0442 \\u043d\\u0430 \\u0438\\u043d\\u0442\\u0435\\u0440\\u043d\\u0435\\u0442-\\u0442\\u043e\\u0440\\u0433\\u043e\\u0432\\u043b\\u044e \\u0430\\u043b\\u043a\\u043e\\u0433\\u043e\\u043b\\u0435\\u043c, \\u043e\\u0440\\u0443\\u0436\\u0438\\u0435\\u043c, \\u044e\\u0432\\u0435\\u043b\\u0438\\u0440\\u043d\\u044b\\u043c\\u0438 \\u0438\\u0437\\u0434\\u0435\\u043b\\u0438\\u044f\\u043c\\u0438 \\u0438 \\u0434\\u0440\\u0443\\u0433\\u0438\\u043c\\u0438 \\u0442\\u043e\\u0432\\u0430\\u0440\\u0430\\u043c\\u0438 (\\u043a \\u043f\\u0440\\u0438\\u043c\\u0435\\u0440\\u0443, \\u0432 \\u0420\\u043e\\u0441\\u0441\\u0438\\u0438 \\u0437\\u0430\\u043f\\u0440\\u0435\\u0449\\u0435\\u043d\\u0430 \\u0434\\u0438\\u0441\\u0442\\u0430\\u043d\\u0446\\u0438\\u043e\\u043d\\u043d\\u0430\\u044f \\u043f\\u0440\\u043e\\u0434\\u0430\\u0436\\u0430 \\u0430\\u043b\\u043a\\u043e\\u0433\\u043e\\u043b\\u044f, \\u044e\\u0432\\u0435\\u043b\\u0438\\u0440\\u043d\\u044b\\u0445 \\u0438\\u0437\\u0434\\u0435\\u043b\\u0438\\u0439 \\u0438 \\u0434\\u0440\\u0443\\u0433\\u0438\\u0445 \\u0442\\u043e\\u0432\\u0430\\u0440\\u043e\\u0432, \\u0441\\u0432\\u043e\\u0431\\u043e\\u0434\\u043d\\u0430\\u044f \\u0440\\u0435\\u0430\\u043b\\u0438\\u0437\\u0430\\u0446\\u0438\\u044f \\u043a\\u043e\\u0442\\u043e\\u0440\\u044b\\u0445 \\u0437\\u0430\\u043f\\u0440\\u0435\\u0449\\u0435\\u043d\\u0430 \\u0438\\u043b\\u0438 \\u043e\\u0433\\u0440\\u0430\\u043d\\u0438\\u0447\\u0435\\u043d\\u0430).&lt;\\/p&gt;&lt;p&gt;\\u0418\\u043d\\u0442\\u0435\\u0440\\u043d\\u0435\\u0442-\\u043c\\u0430\\u0433\\u0430\\u0437\\u0438\\u043d\\u044b \\u043e\\u0431\\u044b\\u0447\\u043d\\u043e \\u043f\\u043e\\u0437\\u0432\\u043e\\u043b\\u044f\\u044e\\u0442 \\u043f\\u043e\\u043a\\u0443\\u043f\\u0430\\u0442\\u0435\\u043b\\u044f\\u043c \\u0438\\u0441\\u043f\\u043e\\u043b\\u044c\\u0437\\u043e\\u0432\\u0430\\u0442\\u044c \\u0444\\u0443\\u043d\\u043a\\u0446\\u0438\\u0438 \\u00ab\\u043f\\u043e\\u0438\\u0441\\u043a\\u0430\\u00bb, \\u0447\\u0442\\u043e\\u0431\\u044b \\u043d\\u0430\\u0439\\u0442\\u0438 \\u043a\\u043e\\u043d\\u043a\\u0440\\u0435\\u0442\\u043d\\u044b\\u0435 \\u043c\\u043e\\u0434\\u0435\\u043b\\u0438, \\u0431\\u0440\\u0435\\u043d\\u0434\\u044b \\u0438\\u043b\\u0438 \\u043f\\u0440\\u0435\\u0434\\u043c\\u0435\\u0442\\u044b.&lt;br \\/&gt;\\u041a\\u043e\\u0433\\u0434\\u0430 \\u043e\\u043d\\u043b\\u0430\\u0439\\u043d-\\u043c\\u0430\\u0433\\u0430\\u0437\\u0438\\u043d \\u043d\\u0430\\u0441\\u0442\\u0440\\u043e\\u0435\\u043d \\u043d\\u0430 \\u0442\\u043e, \\u0447\\u0442\\u043e\\u0431\\u044b \\u043f\\u043e\\u0437\\u0432\\u043e\\u043b\\u0438\\u0442\\u044c \\u043a\\u043e\\u043c\\u043f\\u0430\\u043d\\u0438\\u044f\\u043c \\u043f\\u043e\\u043a\\u0443\\u043f\\u0430\\u0442\\u044c \\u0443 \\u0434\\u0440\\u0443\\u0433\\u0438\\u0445 \\u043a\\u043e\\u043c\\u043f\\u0430\\u043d\\u0438\\u0439, \\u044d\\u0442\\u043e\\u0442 \\u043f\\u0440\\u043e\\u0446\\u0435\\u0441\\u0441 \\u043d\\u0430\\u0437\\u044b\\u0432\\u0430\\u0435\\u0442\\u0441\\u044f \\u043e\\u043d\\u043b\\u0430\\u0439\\u043d-\\u043c\\u0430\\u0433\\u0430\\u0437\\u0438\\u043d\\u0430\\u043c\\u0438 \\u0431\\u0438\\u0437\\u043d\\u0435\\u0441 \\u0434\\u043b\\u044f \\u0431\\u0438\\u0437\\u043d\\u0435\\u0441\\u0430 (B2B). \\u0422\\u0438\\u043f\\u0438\\u0447\\u043d\\u044b\\u0439 \\u0438\\u043d\\u0442\\u0435\\u0440\\u043d\\u0435\\u0442-\\u043c\\u0430\\u0433\\u0430\\u0437\\u0438\\u043d \\u043f\\u043e\\u0437\\u0432\\u043e\\u043b\\u044f\\u0435\\u0442 \\u043a\\u043b\\u0438\\u0435\\u043d\\u0442\\u0443 \\u043f\\u0440\\u043e\\u0441\\u043c\\u0430\\u0442\\u0440\\u0438\\u0432\\u0430\\u0442\\u044c \\u0430\\u0441\\u0441\\u043e\\u0440\\u0442\\u0438\\u043c\\u0435\\u043d\\u0442 \\u043f\\u0440\\u043e\\u0434\\u0443\\u043a\\u0442\\u043e\\u0432 \\u0438 \\u0443\\u0441\\u043b\\u0443\\u0433 \\u0444\\u0438\\u0440\\u043c\\u044b, \\u043f\\u0440\\u043e\\u0441\\u043c\\u0430\\u0442\\u0440\\u0438\\u0432\\u0430\\u0442\\u044c \\u0444\\u043e\\u0442\\u043e\\u0433\\u0440\\u0430\\u0444\\u0438\\u0438 \\u0438\\u043b\\u0438 \\u0438\\u0437\\u043e\\u0431\\u0440\\u0430\\u0436\\u0435\\u043d\\u0438\\u044f \\u043f\\u0440\\u043e\\u0434\\u0443\\u043a\\u0442\\u043e\\u0432, \\u0430 \\u0442\\u0430\\u043a\\u0436\\u0435 \\u0438\\u043d\\u0444\\u043e\\u0440\\u043c\\u0430\\u0446\\u0438\\u044e \\u043e \\u0442\\u0435\\u0445\\u043d\\u0438\\u0447\\u0435\\u0441\\u043a\\u0438\\u0445 \\u0445\\u0430\\u0440\\u0430\\u043a\\u0442\\u0435\\u0440\\u0438\\u0441\\u0442\\u0438\\u043a\\u0430\\u0445 \\u043f\\u0440\\u043e\\u0434\\u0443\\u043a\\u0442\\u0430 \\u0438 \\u0446\\u0435\\u043d\\u0430\\u0445.&lt;\\/p&gt;&lt;p&gt;\\u0418\\u043d\\u0442\\u0435\\u0440\\u043d\\u0435\\u0442-\\u043c\\u0430\\u0433\\u0430\\u0437\\u0438\\u043d (\\u0430\\u043d\\u0433\\u043b. online shop \\u0438\\u043b\\u0438 e-shop) \\u2014 \\u0441\\u0430\\u0439\\u0442, \\u0442\\u043e\\u0440\\u0433\\u0443\\u044e\\u0449\\u0438\\u0439 \\u0442\\u043e\\u0432\\u0430\\u0440\\u0430\\u043c\\u0438 \\u043f\\u043e\\u0441\\u0440\\u0435\\u0434\\u0441\\u0442\\u0432\\u043e\\u043c \\u0441\\u0435\\u0442\\u0438 \\u0418\\u043d\\u0442\\u0435\\u0440\\u043d\\u0435\\u0442. \\u041f\\u043e\\u0437\\u0432\\u043e\\u043b\\u044f\\u0435\\u0442 \\u043f\\u043e\\u043b\\u044c\\u0437\\u043e\\u0432\\u0430\\u0442\\u0435\\u043b\\u044f\\u043c \\u043e\\u043d\\u043b\\u0430\\u0439\\u043d, \\u0432 \\u0441\\u0432\\u043e\\u0451\\u043c \\u0431\\u0440\\u0430\\u0443\\u0437\\u0435\\u0440\\u0435 \\u0438\\u043b\\u0438 \\u0447\\u0435\\u0440\\u0435\\u0437 \\u043c\\u043e\\u0431\\u0438\\u043b\\u044c\\u043d\\u043e\\u0435 \\u043f\\u0440\\u0438\\u043b\\u043e\\u0436\\u0435\\u043d\\u0438\\u0435, \\u0441\\u0444\\u043e\\u0440\\u043c\\u0438\\u0440\\u043e\\u0432\\u0430\\u0442\\u044c \\u0437\\u0430\\u043a\\u0430\\u0437 \\u043d\\u0430 \\u043f\\u043e\\u043a\\u0443\\u043f\\u043a\\u0443, \\u0432\\u044b\\u0431\\u0440\\u0430\\u0442\\u044c \\u0441\\u043f\\u043e\\u0441\\u043e\\u0431 \\u043e\\u043f\\u043b\\u0430\\u0442\\u044b \\u0438 \\u0434\\u043e\\u0441\\u0442\\u0430\\u0432\\u043a\\u0438 \\u0437\\u0430\\u043a\\u0430\\u0437\\u0430, \\u043e\\u043f\\u043b\\u0430\\u0442\\u0438\\u0442\\u044c \\u0437\\u0430\\u043a\\u0430\\u0437. \\u041f\\u0440\\u0438 \\u044d\\u0442\\u043e\\u043c \\u043f\\u0440\\u043e\\u0434\\u0430\\u0436\\u0430 \\u0442\\u043e\\u0432\\u0430\\u0440\\u043e\\u0432 \\u043e\\u0441\\u0443\\u0449\\u0435\\u0441\\u0442\\u0432\\u043b\\u044f\\u0435\\u0442\\u0441\\u044f \\u0434\\u0438\\u0441\\u0442\\u0430\\u043d\\u0446\\u0438\\u043e\\u043d\\u043d\\u044b\\u043c \\u0441\\u043f\\u043e\\u0441\\u043e\\u0431\\u043e\\u043c \\u0438 \\u043e\\u043d\\u0430 \\u043d\\u0430\\u043a\\u043b\\u0430\\u0434\\u044b\\u0432\\u0430\\u0435\\u0442 \\u043e\\u0433\\u0440\\u0430\\u043d\\u0438\\u0447\\u0435\\u043d\\u0438\\u044f \\u043d\\u0430 \\u043f\\u0440\\u043e\\u0434\\u0430\\u0432\\u0430\\u0435\\u043c\\u044b\\u0435 \\u0442\\u043e\\u0432\\u0430\\u0440\\u044b. \\u0422\\u0430\\u043a, \\u0432 \\u043d\\u0435\\u043a\\u043e\\u0442\\u043e\\u0440\\u044b\\u0445 \\u0441\\u0442\\u0440\\u0430\\u043d\\u0430\\u0445 \\u0438\\u043c\\u0435\\u0435\\u0442\\u0441\\u044f \\u0437\\u0430\\u043f\\u0440\\u0435\\u0442 \\u043d\\u0430 \\u0438\\u043d\\u0442\\u0435\\u0440\\u043d\\u0435\\u0442-\\u0442\\u043e\\u0440\\u0433\\u043e\\u0432\\u043b\\u044e \\u0430\\u043b\\u043a\\u043e\\u0433\\u043e\\u043b\\u0435\\u043c, \\u043e\\u0440\\u0443\\u0436\\u0438\\u0435\\u043c, \\u044e\\u0432\\u0435\\u043b\\u0438\\u0440\\u043d\\u044b\\u043c\\u0438 \\u0438\\u0437\\u0434\\u0435\\u043b\\u0438\\u044f\\u043c\\u0438 \\u0438 \\u0434\\u0440\\u0443\\u0433\\u0438\\u043c\\u0438 \\u0442\\u043e\\u0432\\u0430\\u0440\\u0430\\u043c\\u0438 (\\u043a \\u043f\\u0440\\u0438\\u043c\\u0435\\u0440\\u0443, \\u0432 \\u0420\\u043e\\u0441\\u0441\\u0438\\u0438 \\u0437\\u0430\\u043f\\u0440\\u0435\\u0449\\u0435\\u043d\\u0430 \\u0434\\u0438\\u0441\\u0442\\u0430\\u043d\\u0446\\u0438\\u043e\\u043d\\u043d\\u0430\\u044f \\u043f\\u0440\\u043e\\u0434\\u0430\\u0436\\u0430 \\u0430\\u043b\\u043a\\u043e\\u0433\\u043e\\u043b\\u044f, \\u044e\\u0432\\u0435\\u043b\\u0438\\u0440\\u043d\\u044b\\u0445 \\u0438\\u0437\\u0434\\u0435\\u043b\\u0438\\u0439 \\u0438 \\u0434\\u0440\\u0443\\u0433\\u0438\\u0445 \\u0442\\u043e\\u0432\\u0430\\u0440\\u043e\\u0432, \\u0441\\u0432\\u043e\\u0431\\u043e\\u0434\\u043d\\u0430\\u044f \\u0440\\u0435\\u0430\\u043b\\u0438\\u0437\\u0430\\u0446\\u0438\\u044f \\u043a\\u043e\\u0442\\u043e\\u0440\\u044b\\u0445 \\u0437\\u0430\\u043f\\u0440\\u0435\\u0449\\u0435\\u043d\\u0430 \\u0438\\u043b\\u0438 \\u043e\\u0433\\u0440\\u0430\\u043d\\u0438\\u0447\\u0435\\u043d\\u0430).&lt;\\/p&gt;&lt;p&gt;&amp;nbsp;&lt;\\/p&gt;&lt;p&gt;&amp;nbsp;&lt;\\/p&gt;"}', '1');
INSERT INTO `PREFIX_DB_setting` (`store_id`, `code`, `key`, `value`, `serialized`) VALUES ('0', 'aridius_news', 'aridius_news_show_description', '0', '0');
INSERT INTO `PREFIX_DB_setting` (`store_id`, `code`, `key`, `value`, `serialized`) VALUES ('0', 'aridius_news', 'aridius_news_show_img', '0', '0');
INSERT INTO `PREFIX_DB_setting` (`store_id`, `code`, `key`, `value`, `serialized`) VALUES ('0', 'aurus', 'aurus_color68', '#424F60', '0');
INSERT INTO `PREFIX_DB_setting` (`store_id`, `code`, `key`, `value`, `serialized`) VALUES ('0', 'aurus', 'aurus_color64', '#919191', '0');
INSERT INTO `PREFIX_DB_setting` (`store_id`, `code`, `key`, `value`, `serialized`) VALUES ('0', 'aurus', 'aurus_color63', '#ffffff', '0');
INSERT INTO `PREFIX_DB_setting` (`store_id`, `code`, `key`, `value`, `serialized`) VALUES ('0', 'aurus', 'aurus_color62', '#F19872', '0');
INSERT INTO `PREFIX_DB_setting` (`store_id`, `code`, `key`, `value`, `serialized`) VALUES ('0', 'aurus', 'aurus_color61', '#000000', '0');
INSERT INTO `PREFIX_DB_setting` (`store_id`, `code`, `key`, `value`, `serialized`) VALUES ('0', 'aurus', 'aurus_color60', '#ffffff', '0');
INSERT INTO `PREFIX_DB_setting` (`store_id`, `code`, `key`, `value`, `serialized`) VALUES ('0', 'aurus', 'aurus_color59', '#CEB478', '0');
INSERT INTO `PREFIX_DB_setting` (`store_id`, `code`, `key`, `value`, `serialized`) VALUES ('0', 'aurus', 'aurus_color58', '#ffffff', '0');
INSERT INTO `PREFIX_DB_setting` (`store_id`, `code`, `key`, `value`, `serialized`) VALUES ('0', 'aurus', 'aurus_color57', '#323030', '0');
INSERT INTO `PREFIX_DB_setting` (`store_id`, `code`, `key`, `value`, `serialized`) VALUES ('0', 'aurus', 'aurus_color56', '#323030', '0');
INSERT INTO `PREFIX_DB_setting` (`store_id`, `code`, `key`, `value`, `serialized`) VALUES ('0', 'aurus', 'aurus_color55', '#70C7C7', '0');
INSERT INTO `PREFIX_DB_setting` (`store_id`, `code`, `key`, `value`, `serialized`) VALUES ('0', 'aurus', 'aurus_color54', '#C5C5C5', '0');
INSERT INTO `PREFIX_DB_setting` (`store_id`, `code`, `key`, `value`, `serialized`) VALUES ('0', 'aurus', 'aurus_color53', '#000000', '0');
INSERT INTO `PREFIX_DB_setting` (`store_id`, `code`, `key`, `value`, `serialized`) VALUES ('0', 'aurus', 'aurus_color52', '#555555', '0');
INSERT INTO `PREFIX_DB_setting` (`store_id`, `code`, `key`, `value`, `serialized`) VALUES ('0', 'aurus', 'aurus_color51', '#69614a', '0');
INSERT INTO `PREFIX_DB_setting` (`store_id`, `code`, `key`, `value`, `serialized`) VALUES ('0', 'aurus', 'aurus_color47', '#858585', '0');
INSERT INTO `PREFIX_DB_setting` (`store_id`, `code`, `key`, `value`, `serialized`) VALUES ('0', 'aurus', 'aurus_color85', '#747474', '0');
INSERT INTO `PREFIX_DB_setting` (`store_id`, `code`, `key`, `value`, `serialized`) VALUES ('0', 'aurus', 'aurus_color48', '#000000', '0');
INSERT INTO `PREFIX_DB_setting` (`store_id`, `code`, `key`, `value`, `serialized`) VALUES ('0', 'aurus', 'aurus_color49', '#C4C4C4', '0');
INSERT INTO `PREFIX_DB_setting` (`store_id`, `code`, `key`, `value`, `serialized`) VALUES ('0', 'aurus', 'aurus_color50', '#818181', '0');
INSERT INTO `PREFIX_DB_setting` (`store_id`, `code`, `key`, `value`, `serialized`) VALUES ('0', 'aurus', 'aurus_color46', '#ff6593', '0');
INSERT INTO `PREFIX_DB_setting` (`store_id`, `code`, `key`, `value`, `serialized`) VALUES ('0', 'aurus', 'aurus_color45', '#ffffff', '0');
INSERT INTO `PREFIX_DB_setting` (`store_id`, `code`, `key`, `value`, `serialized`) VALUES ('0', 'aurus', 'aurus_color44', '#FFBA6A', '0');
INSERT INTO `PREFIX_DB_setting` (`store_id`, `code`, `key`, `value`, `serialized`) VALUES ('0', 'aurus', 'aurus_color43', '#ffffff', '0');
INSERT INTO `PREFIX_DB_setting` (`store_id`, `code`, `key`, `value`, `serialized`) VALUES ('0', 'aurus', 'aurus_color42', '#FF2766', '0');
INSERT INTO `PREFIX_DB_setting` (`store_id`, `code`, `key`, `value`, `serialized`) VALUES ('0', 'aurus', 'aurus_color41', '#ffffff', '0');
INSERT INTO `PREFIX_DB_setting` (`store_id`, `code`, `key`, `value`, `serialized`) VALUES ('0', 'aurus', 'aurus_color40', '#2BD6C6', '0');
INSERT INTO `PREFIX_DB_setting` (`store_id`, `code`, `key`, `value`, `serialized`) VALUES ('0', 'aurus', 'aurus_color37', '#7ED4C5', '0');
INSERT INTO `PREFIX_DB_setting` (`store_id`, `code`, `key`, `value`, `serialized`) VALUES ('0', 'aurus', 'aurus_color84', '#F04343', '0');
INSERT INTO `PREFIX_DB_setting` (`store_id`, `code`, `key`, `value`, `serialized`) VALUES ('0', 'aurus', 'aurus_color36', '#999999', '0');
INSERT INTO `PREFIX_DB_setting` (`store_id`, `code`, `key`, `value`, `serialized`) VALUES ('0', 'aurus', 'aurus_color35', '#F12B63', '0');
INSERT INTO `PREFIX_DB_setting` (`store_id`, `code`, `key`, `value`, `serialized`) VALUES ('0', 'aurus', 'aurus_color91', '#9eaaac', '0');
INSERT INTO `PREFIX_DB_setting` (`store_id`, `code`, `key`, `value`, `serialized`) VALUES ('0', 'aurus', 'aurus_color90', '#ff2666', '0');
INSERT INTO `PREFIX_DB_setting` (`store_id`, `code`, `key`, `value`, `serialized`) VALUES ('0', 'aurus', 'aurus_color89', '#fffcfc', '0');
INSERT INTO `PREFIX_DB_setting` (`store_id`, `code`, `key`, `value`, `serialized`) VALUES ('0', 'aurus', 'aurus_color88', '#9eaaac', '0');
INSERT INTO `PREFIX_DB_setting` (`store_id`, `code`, `key`, `value`, `serialized`) VALUES ('0', 'aurus', 'aurus_color87', '#ff2666', '0');
INSERT INTO `PREFIX_DB_setting` (`store_id`, `code`, `key`, `value`, `serialized`) VALUES ('0', 'aurus', 'aurus_color86', '#FFFFFF', '0');
INSERT INTO `PREFIX_DB_setting` (`store_id`, `code`, `key`, `value`, `serialized`) VALUES ('0', 'aurus', 'aurus_color34', '#868686', '0');
INSERT INTO `PREFIX_DB_setting` (`store_id`, `code`, `key`, `value`, `serialized`) VALUES ('0', 'aurus', 'aurus_color33', '#ffffff', '0');
INSERT INTO `PREFIX_DB_setting` (`store_id`, `code`, `key`, `value`, `serialized`) VALUES ('0', 'aurus', 'aurus_color32', '#868686', '0');
INSERT INTO `PREFIX_DB_setting` (`store_id`, `code`, `key`, `value`, `serialized`) VALUES ('0', 'aurus', 'aurus_color29', '#d8d8d8', '0');
INSERT INTO `PREFIX_DB_setting` (`store_id`, `code`, `key`, `value`, `serialized`) VALUES ('0', 'aurus', 'aurus_color28', '#868583', '0');
INSERT INTO `PREFIX_DB_setting` (`store_id`, `code`, `key`, `value`, `serialized`) VALUES ('0', 'aurus', 'aurus_color27', '#F1F1F1', '0');
INSERT INTO `PREFIX_DB_setting` (`store_id`, `code`, `key`, `value`, `serialized`) VALUES ('0', 'aurus', 'aurus_color31', '#ffffff', '0');
INSERT INTO `PREFIX_DB_setting` (`store_id`, `code`, `key`, `value`, `serialized`) VALUES ('0', 'aurus', 'aurus_color30', '#ff6593', '0');
INSERT INTO `PREFIX_DB_setting` (`store_id`, `code`, `key`, `value`, `serialized`) VALUES ('0', 'aurus', 'aurus_color26', '#ffffff', '0');
INSERT INTO `PREFIX_DB_setting` (`store_id`, `code`, `key`, `value`, `serialized`) VALUES ('0', 'aurus', 'aurus_color25', '#FF2666', '0');
INSERT INTO `PREFIX_DB_setting` (`store_id`, `code`, `key`, `value`, `serialized`) VALUES ('0', 'aurus', 'aurus_color39', '#ff6593', '0');
INSERT INTO `PREFIX_DB_setting` (`store_id`, `code`, `key`, `value`, `serialized`) VALUES ('0', 'aurus', 'aurus_color38', '#FF2666', '0');
INSERT INTO `PREFIX_DB_setting` (`store_id`, `code`, `key`, `value`, `serialized`) VALUES ('0', 'aurus', 'aurus_color79', '#ff7878', '0');
INSERT INTO `PREFIX_DB_setting` (`store_id`, `code`, `key`, `value`, `serialized`) VALUES ('0', 'aurus', 'aurus_color78', '#000000', '0');
INSERT INTO `PREFIX_DB_setting` (`store_id`, `code`, `key`, `value`, `serialized`) VALUES ('0', 'aurus', 'aurus_color77', '#FFFFFF', '0');
INSERT INTO `PREFIX_DB_setting` (`store_id`, `code`, `key`, `value`, `serialized`) VALUES ('0', 'aurus', 'aurus_color81', '#ffffff', '0');
INSERT INTO `PREFIX_DB_setting` (`store_id`, `code`, `key`, `value`, `serialized`) VALUES ('0', 'aurus', 'aurus_color82', '#bebebe', '0');
INSERT INTO `PREFIX_DB_setting` (`store_id`, `code`, `key`, `value`, `serialized`) VALUES ('0', 'aurus', 'aurus_gradient', 'background: rgb(255,126,118);background: linear-gradient(90deg, rgba(255,126,118,1) 0%, rgba(255,170,110,1) 35%, rgba(255,178,108,1) 100%);', '0');
INSERT INTO `PREFIX_DB_setting` (`store_id`, `code`, `key`, `value`, `serialized`) VALUES ('0', 'aurus', 'aurus_color24', '#ffffff', '0');
INSERT INTO `PREFIX_DB_setting` (`store_id`, `code`, `key`, `value`, `serialized`) VALUES ('0', 'aurus', 'aurus_color23', '#a99d90', '0');
INSERT INTO `PREFIX_DB_setting` (`store_id`, `code`, `key`, `value`, `serialized`) VALUES ('0', 'aurus', 'aurus_color22', '#ffffff', '0');
INSERT INTO `PREFIX_DB_setting` (`store_id`, `code`, `key`, `value`, `serialized`) VALUES ('0', 'aurus', 'aurus_color21', '#D10000', '0');
INSERT INTO `PREFIX_DB_setting` (`store_id`, `code`, `key`, `value`, `serialized`) VALUES ('0', 'aurus', 'aurus_color20', '#ffffff', '0');
INSERT INTO `PREFIX_DB_setting` (`store_id`, `code`, `key`, `value`, `serialized`) VALUES ('0', 'aurus', 'aurus_color19', '#3C3C3C', '0');
INSERT INTO `PREFIX_DB_setting` (`store_id`, `code`, `key`, `value`, `serialized`) VALUES ('0', 'aurus', 'aurus_color18', '#ff7878', '0');
INSERT INTO `PREFIX_DB_setting` (`store_id`, `code`, `key`, `value`, `serialized`) VALUES ('0', 'aurus', 'aurus_color17', '#3e77aa', '0');
INSERT INTO `PREFIX_DB_setting` (`store_id`, `code`, `key`, `value`, `serialized`) VALUES ('0', 'aurus', 'aurus_color76', '#ff7878', '0');
INSERT INTO `PREFIX_DB_setting` (`store_id`, `code`, `key`, `value`, `serialized`) VALUES ('0', 'aurus', 'aurus_color75', '#000000', '0');
INSERT INTO `PREFIX_DB_setting` (`store_id`, `code`, `key`, `value`, `serialized`) VALUES ('0', 'aurus', 'aurus_color16', '#7ED4C5', '0');
INSERT INTO `PREFIX_DB_setting` (`store_id`, `code`, `key`, `value`, `serialized`) VALUES ('0', 'aurus', 'aurus_color94', '#ff7878', '0');
INSERT INTO `PREFIX_DB_setting` (`store_id`, `code`, `key`, `value`, `serialized`) VALUES ('0', 'aurus', 'aurus_color15', '#BEBEBE', '0');
INSERT INTO `PREFIX_DB_setting` (`store_id`, `code`, `key`, `value`, `serialized`) VALUES ('0', 'aurus', 'aurus_color93', '#000000', '0');
INSERT INTO `PREFIX_DB_setting` (`store_id`, `code`, `key`, `value`, `serialized`) VALUES ('0', 'aurus', 'aurus_color14', '#ffffff', '0');
INSERT INTO `PREFIX_DB_setting` (`store_id`, `code`, `key`, `value`, `serialized`) VALUES ('0', 'aurus', 'aurus_color13', '#4F4E4E', '0');
INSERT INTO `PREFIX_DB_setting` (`store_id`, `code`, `key`, `value`, `serialized`) VALUES ('0', 'aurus', 'aurus_color92', '#000000', '0');
INSERT INTO `PREFIX_DB_setting` (`store_id`, `code`, `key`, `value`, `serialized`) VALUES ('0', 'aurus', 'aurus_color12', '#BEBEBE', '0');
INSERT INTO `PREFIX_DB_setting` (`store_id`, `code`, `key`, `value`, `serialized`) VALUES ('0', 'aurus', 'aurus_color11', '#4F4E4E', '0');
INSERT INTO `PREFIX_DB_setting` (`store_id`, `code`, `key`, `value`, `serialized`) VALUES ('0', 'aurus', 'aurus_color10', '#2a2623', '0');
INSERT INTO `PREFIX_DB_setting` (`store_id`, `code`, `key`, `value`, `serialized`) VALUES ('0', 'aurus', 'aurus_color9', '#ffffff', '0');
INSERT INTO `PREFIX_DB_setting` (`store_id`, `code`, `key`, `value`, `serialized`) VALUES ('0', 'aurus', 'aurus_color8', '#F12B63', '0');
INSERT INTO `PREFIX_DB_setting` (`store_id`, `code`, `key`, `value`, `serialized`) VALUES ('0', 'aurus', 'aurus_color6', '#222222', '0');
INSERT INTO `PREFIX_DB_setting` (`store_id`, `code`, `key`, `value`, `serialized`) VALUES ('0', 'aurus', 'aurus_color5', '#222222', '0');
INSERT INTO `PREFIX_DB_setting` (`store_id`, `code`, `key`, `value`, `serialized`) VALUES ('0', 'aurus', 'aurus_color4', '#ffffff', '0');
INSERT INTO `PREFIX_DB_setting` (`store_id`, `code`, `key`, `value`, `serialized`) VALUES ('0', 'aurus', 'aurus_color7', '#E5E5E5', '0');
INSERT INTO `PREFIX_DB_setting` (`store_id`, `code`, `key`, `value`, `serialized`) VALUES ('0', 'aurus', 'aurus_color3', '#e5e5e5', '0');
INSERT INTO `PREFIX_DB_setting` (`store_id`, `code`, `key`, `value`, `serialized`) VALUES ('0', 'aurus', 'aurus_color2', '#ffffff', '0');
INSERT INTO `PREFIX_DB_setting` (`store_id`, `code`, `key`, `value`, `serialized`) VALUES ('0', 'aurus', 'aurus_color1', '#4F4E4E', '0');
INSERT INTO `PREFIX_DB_setting` (`store_id`, `code`, `key`, `value`, `serialized`) VALUES ('0', 'aurus', 'aurus_relstophover', '0', '0');
INSERT INTO `PREFIX_DB_setting` (`store_id`, `code`, `key`, `value`, `serialized`) VALUES ('0', 'aurus', 'aurus_telephone_mainheader', '{"1":"+7(495)33-777-55","2":"+7(495)33-777-55"}', '1');
INSERT INTO `PREFIX_DB_setting` (`store_id`, `code`, `key`, `value`, `serialized`) VALUES ('0', 'aurus', 'aurus_top_links3', '{"1":{"title":{"1":"+7(495)66-555-65","2":"+7(495)66-555-65"}}}', '1');
INSERT INTO `PREFIX_DB_setting` (`store_id`, `code`, `key`, `value`, `serialized`) VALUES ('0', 'aurus', 'aurus_top_links9', '{"1":{"image":"","faicon":{"1":"fa fa-truck","2":"fa fa-truck"},"title":{"1":"\\u0411\\u0435\\u0441\\u043f\\u043b\\u0430\\u0442\\u043d\\u0430\\u044f \\u0434\\u043e\\u0441\\u0442\\u0430\\u0432\\u043a\\u0430","2":"\\u0411\\u0435\\u0441\\u043f\\u043b\\u0430\\u0442\\u043d\\u0430\\u044f \\u0434\\u043e\\u0441\\u0442\\u0430\\u0432\\u043a\\u0430"},"description":{"1":"&lt;p&gt;\\u041c\\u044b \\u043f\\u0440\\u0435\\u0434\\u043b\\u0430\\u0433\\u0430\\u0435\\u043c \\u0431\\u0435\\u0441\\u043f\\u043b\\u0430\\u0442\\u043d\\u0443\\u044e \\u0434\\u043e\\u0441\\u0442\\u0430\\u0432\\u043a\\u0443 \\u043f\\u0440\\u0438 \\u043f\\u043e\\u043a\\u0443\\u043f\\u043a\\u0435 \\u0442\\u043e\\u0432\\u0430\\u0440\\u043e\\u0432 \\u043f\\u043e \\u041c\\u043e\\u0441\\u043a\\u0432\\u0435 \\u0438 \\u0431\\u043e\\u043b\\u0435\\u0435 \\u0447\\u0435\\u043c \\u0432 4 000 \\u0433\\u043e\\u0440\\u043e\\u0434\\u043e\\u0432 \\u0438 \\u043d\\u0430\\u0441\\u0435\\u043b\\u0451\\u043d\\u043d\\u044b\\u0445 \\u043f\\u0443\\u043d\\u043a\\u0442\\u043e\\u0432 \\u0420\\u043e\\u0441\\u0441\\u0438\\u0438*. \\u041f\\u043b\\u0430\\u0442\\u0438\\u0442\\u0435 \\u0442\\u043e\\u043b\\u044c\\u043a\\u043e \\u0437\\u0430 \\u043f\\u043e\\u043a\\u0443\\u043f\\u043a\\u0443, \\u0430 \\u0432\\u0441\\u0435 \\u0440\\u0430\\u0441\\u0445\\u043e\\u0434\\u044b \\u043f\\u043e \\u0434\\u043e\\u0441\\u0442\\u0430\\u0432\\u043a\\u0435 \\u043c\\u044b \\u0432\\u043e\\u0437\\u044c\\u043c\\u0451\\u043c \\u043d\\u0430 \\u0441\\u0435\\u0431\\u044f. *\\u0430\\u043a\\u0446\\u0438\\u044f \\u0434\\u0435\\u0439\\u0441\\u0442\\u0432\\u0443\\u0435\\u0442 \\u0442\\u043e\\u043b\\u044c\\u043a\\u043e \\u043f\\u0440\\u0438 \\u043f\\u043e\\u043a\\u0443\\u043f\\u043a\\u0435 \\u043d\\u0430 \\u0441\\u0443\\u043c\\u043c\\u0443 \\u043e\\u0442 3000 \\u0440\\u0443\\u0431.&lt;\\/p&gt;","2":"&lt;p&gt;\\u041c\\u044b \\u043f\\u0440\\u0435\\u0434\\u043b\\u0430\\u0433\\u0430\\u0435\\u043c \\u0431\\u0435\\u0441\\u043f\\u043b\\u0430\\u0442\\u043d\\u0443\\u044e \\u0434\\u043e\\u0441\\u0442\\u0430\\u0432\\u043a\\u0443 \\u043f\\u0440\\u0438 \\u043f\\u043e\\u043a\\u0443\\u043f\\u043a\\u0435 \\u0442\\u043e\\u0432\\u0430\\u0440\\u043e\\u0432 \\u043f\\u043e \\u041c\\u043e\\u0441\\u043a\\u0432\\u0435 \\u0438 \\u0431\\u043e\\u043b\\u0435\\u0435 \\u0447\\u0435\\u043c \\u0432 4 000 \\u0433\\u043e\\u0440\\u043e\\u0434\\u043e\\u0432 \\u0438 \\u043d\\u0430\\u0441\\u0435\\u043b\\u0451\\u043d\\u043d\\u044b\\u0445 \\u043f\\u0443\\u043d\\u043a\\u0442\\u043e\\u0432 \\u0420\\u043e\\u0441\\u0441\\u0438\\u0438*. \\u041f\\u043b\\u0430\\u0442\\u0438\\u0442\\u0435 \\u0442\\u043e\\u043b\\u044c\\u043a\\u043e \\u0437\\u0430 \\u043f\\u043e\\u043a\\u0443\\u043f\\u043a\\u0443, \\u0430 \\u0432\\u0441\\u0435 \\u0440\\u0430\\u0441\\u0445\\u043e\\u0434\\u044b \\u043f\\u043e \\u0434\\u043e\\u0441\\u0442\\u0430\\u0432\\u043a\\u0435 \\u043c\\u044b \\u0432\\u043e\\u0437\\u044c\\u043c\\u0451\\u043c \\u043d\\u0430 \\u0441\\u0435\\u0431\\u044f. *\\u0430\\u043a\\u0446\\u0438\\u044f \\u0434\\u0435\\u0439\\u0441\\u0442\\u0432\\u0443\\u0435\\u0442 \\u0442\\u043e\\u043b\\u044c\\u043a\\u043e \\u043f\\u0440\\u0438 \\u043f\\u043e\\u043a\\u0443\\u043f\\u043a\\u0435 \\u043d\\u0430 \\u0441\\u0443\\u043c\\u043c\\u0443 \\u043e\\u0442 3000 \\u0440\\u0443\\u0431.&lt;\\/p&gt;"}},"2":{"image":"","faicon":{"1":"fa fa-retweet","2":"fa fa-retweet"},"title":{"1":"\\u0412\\u043e\\u0437\\u0432\\u0440\\u0430\\u0442 \\u0442\\u043e\\u0432\\u0430\\u0440\\u0430","2":"\\u0412\\u043e\\u0437\\u0432\\u0440\\u0430\\u0442 \\u0442\\u043e\\u0432\\u0430\\u0440\\u0430"},"description":{"1":"\\u0421\\u0442\\u0430\\u0442\\u044c\\u0435\\u0439 502 \\u0413\\u0440\\u0430\\u0436\\u0434\\u0430\\u043d\\u0441\\u043a\\u043e\\u0433\\u043e \\u043a\\u043e\\u0434\\u0435\\u043a\\u0441\\u0430 \\u0420\\u0424 \\u0438 \\u0441\\u0442\\u0430\\u0442\\u044c\\u0435\\u0439 25 \\u0437\\u0430\\u043a\\u043e\\u043d\\u0430 \\u00ab\\u041e \\u0437\\u0430\\u0449\\u0438\\u0442\\u0435 \\u043f\\u0440\\u0430\\u0432 \\u043f\\u043e\\u0442\\u0440\\u0435\\u0431\\u0438\\u0442\\u0435\\u043b\\u0435\\u0439\\u00bb \\u043f\\u043e\\u0442\\u0440\\u0435\\u0431\\u0438\\u0442\\u0435\\u043b\\u044e \\u043f\\u0440\\u0435\\u0434\\u043e\\u0441\\u0442\\u0430\\u0432\\u043b\\u044f\\u0435\\u0442\\u0441\\u044f \\u043f\\u0440\\u0430\\u0432\\u043e \\u043e\\u0431\\u043c\\u0435\\u043d\\u044f\\u0442\\u044c \\u0438\\u043b\\u0438 \\u0432\\u0435\\u0440\\u043d\\u0443\\u0442\\u044c \\u0442\\u043e\\u0432\\u0430\\u0440 \\u043f\\u0440\\u0438 \\u043e\\u0434\\u043d\\u043e\\u0432\\u0440\\u0435\\u043c\\u0435\\u043d\\u043d\\u043e\\u043c \\u0441\\u043e\\u0431\\u043b\\u044e\\u0434\\u0435\\u043d\\u0438\\u0438 \\u0441\\u043b\\u0435\\u0434\\u0443\\u044e\\u0449\\u0438\\u0445 \\u0443\\u0441\\u043b\\u043e\\u0432\\u0438\\u0439:\\u2014 \\u0441 \\u043c\\u043e\\u043c\\u0435\\u043d\\u0442\\u0430 \\u043f\\u043e\\u043a\\u0443\\u043f\\u043a\\u0438 \\u043f\\u0440\\u043e\\u0448\\u043b\\u043e \\u043d\\u0435 \\u0431\\u043e\\u043b\\u0435\\u0435 14 \\u0434\\u043d\\u0435\\u0439 (\\u043d\\u0435 \\u0441\\u0447\\u0438\\u0442\\u0430\\u044f \\u0434\\u043d\\u044f \\u043f\\u043e\\u043a\\u0443\\u043f\\u043a\\u0438);\\u2014 \\u0442\\u043e\\u0432\\u0430\\u0440 \\u043d\\u0435\\u043f\\u0440\\u043e\\u0434\\u043e\\u0432\\u043e\\u043b\\u044c\\u0441\\u0442\\u0432\\u0435\\u043d\\u043d\\u044b\\u0439;\\u2014 \\u0441\\u043e\\u0445\\u0440\\u0430\\u043d\\u0435\\u043d\\u044b \\u043f\\u043e\\u0442\\u0440\\u0435\\u0431\\u0438\\u0442\\u0435\\u043b\\u044c\\u0441\\u043a\\u0438\\u0435 \\u0441\\u0432\\u043e\\u0439\\u0441\\u0442\\u0432\\u0430;\\u2014 \\u0438\\u043c\\u0435\\u044e\\u0442\\u0441\\u044f \\u0434\\u043e\\u043a\\u0430\\u0437\\u0430\\u0442\\u0435\\u043b\\u044c\\u0441\\u0442\\u0432\\u0430 \\u043f\\u0440\\u0438\\u043e\\u0431\\u0440\\u0435\\u0442\\u0435\\u043d\\u0438\\u044f \\u0442\\u043e\\u0432\\u0430\\u0440\\u0430 \\u0443 \\u0434\\u0430\\u043d\\u043d\\u043e\\u0433\\u043e \\u043f\\u0440\\u043e\\u0434\\u0430\\u0432\\u0446\\u0430: \\u0442\\u043e\\u0432\\u0430\\u0440\\u043d\\u044b\\u0439 \\u0438\\u043b\\u0438 \\u043a\\u0430\\u0441\\u0441\\u043e\\u0432\\u044b\\u0439 \\u0447\\u0435\\u043a, \\u0438\\u043d\\u043e\\u0439 \\u0434\\u043e\\u043a\\u0443\\u043c\\u0435\\u043d\\u0442, \\u043f\\u043e\\u0434\\u0442\\u0432\\u0435\\u0440\\u0436\\u0434\\u0430\\u044e\\u0449\\u0438\\u0439 \\u043e\\u043f\\u043b\\u0430\\u0442\\u0443 \\u0442\\u043e\\u0432\\u0430\\u0440\\u0430 (\\u0432 \\u0441\\u043b\\u0443\\u0447\\u0430\\u0435 \\u043f\\u043e\\u0442\\u0435\\u0440\\u0438 \\u0447\\u0435\\u043a\\u0430 \\u0438\\u043b\\u0438 \\u0438\\u043d\\u043e\\u0433\\u043e\\u2014 \\u0442\\u043e\\u0432\\u0430\\u0440 \\u043d\\u0435 \\u044f\\u0432\\u043b\\u044f\\u0435\\u0442\\u0441\\u044f \\u0442\\u0435\\u0445\\u043d\\u0438\\u0447\\u0435\\u0441\\u043a\\u0438 \\u0441\\u043b\\u043e\\u0436\\u043d\\u044b\\u043c.                                                                                                                                                                                                                                                                                                                                                                                                                                                                                                                                                                                                                                                                                                                                                                                                                                                                                                                                                                                                                                   ","2":"\\u0421\\u0442\\u0430\\u0442\\u044c\\u0435\\u0439 502 \\u0413\\u0440\\u0430\\u0436\\u0434\\u0430\\u043d\\u0441\\u043a\\u043e\\u0433\\u043e \\u043a\\u043e\\u0434\\u0435\\u043a\\u0441\\u0430 \\u0420\\u0424 \\u0438 \\u0441\\u0442\\u0430\\u0442\\u044c\\u0435\\u0439 25 \\u0437\\u0430\\u043a\\u043e\\u043d\\u0430 \\u00ab\\u041e \\u0437\\u0430\\u0449\\u0438\\u0442\\u0435 \\u043f\\u0440\\u0430\\u0432 \\u043f\\u043e\\u0442\\u0440\\u0435\\u0431\\u0438\\u0442\\u0435\\u043b\\u0435\\u0439\\u00bb \\u043f\\u043e\\u0442\\u0440\\u0435\\u0431\\u0438\\u0442\\u0435\\u043b\\u044e \\u043f\\u0440\\u0435\\u0434\\u043e\\u0441\\u0442\\u0430\\u0432\\u043b\\u044f\\u0435\\u0442\\u0441\\u044f \\u043f\\u0440\\u0430\\u0432\\u043e \\u043e\\u0431\\u043c\\u0435\\u043d\\u044f\\u0442\\u044c \\u0438\\u043b\\u0438 \\u0432\\u0435\\u0440\\u043d\\u0443\\u0442\\u044c \\u0442\\u043e\\u0432\\u0430\\u0440 \\u043f\\u0440\\u0438 \\u043e\\u0434\\u043d\\u043e\\u0432\\u0440\\u0435\\u043c\\u0435\\u043d\\u043d\\u043e\\u043c \\u0441\\u043e\\u0431\\u043b\\u044e\\u0434\\u0435\\u043d\\u0438\\u0438 \\u0441\\u043b\\u0435\\u0434\\u0443\\u044e\\u0449\\u0438\\u0445 \\u0443\\u0441\\u043b\\u043e\\u0432\\u0438\\u0439:\\u2014 \\u0441 \\u043c\\u043e\\u043c\\u0435\\u043d\\u0442\\u0430 \\u043f\\u043e\\u043a\\u0443\\u043f\\u043a\\u0438 \\u043f\\u0440\\u043e\\u0448\\u043b\\u043e \\u043d\\u0435 \\u0431\\u043e\\u043b\\u0435\\u0435 14 \\u0434\\u043d\\u0435\\u0439 (\\u043d\\u0435 \\u0441\\u0447\\u0438\\u0442\\u0430\\u044f \\u0434\\u043d\\u044f \\u043f\\u043e\\u043a\\u0443\\u043f\\u043a\\u0438);\\u2014 \\u0442\\u043e\\u0432\\u0430\\u0440 \\u043d\\u0435\\u043f\\u0440\\u043e\\u0434\\u043e\\u0432\\u043e\\u043b\\u044c\\u0441\\u0442\\u0432\\u0435\\u043d\\u043d\\u044b\\u0439;\\u2014 \\u0441\\u043e\\u0445\\u0440\\u0430\\u043d\\u0435\\u043d\\u044b \\u043f\\u043e\\u0442\\u0440\\u0435\\u0431\\u0438\\u0442\\u0435\\u043b\\u044c\\u0441\\u043a\\u0438\\u0435 \\u0441\\u0432\\u043e\\u0439\\u0441\\u0442\\u0432\\u0430;\\u2014 \\u0438\\u043c\\u0435\\u044e\\u0442\\u0441\\u044f \\u0434\\u043e\\u043a\\u0430\\u0437\\u0430\\u0442\\u0435\\u043b\\u044c\\u0441\\u0442\\u0432\\u0430 \\u043f\\u0440\\u0438\\u043e\\u0431\\u0440\\u0435\\u0442\\u0435\\u043d\\u0438\\u044f \\u0442\\u043e\\u0432\\u0430\\u0440\\u0430 \\u0443 \\u0434\\u0430\\u043d\\u043d\\u043e\\u0433\\u043e \\u043f\\u0440\\u043e\\u0434\\u0430\\u0432\\u0446\\u0430: \\u0442\\u043e\\u0432\\u0430\\u0440\\u043d\\u044b\\u0439 \\u0438\\u043b\\u0438 \\u043a\\u0430\\u0441\\u0441\\u043e\\u0432\\u044b\\u0439 \\u0447\\u0435\\u043a, \\u0438\\u043d\\u043e\\u0439 \\u0434\\u043e\\u043a\\u0443\\u043c\\u0435\\u043d\\u0442, \\u043f\\u043e\\u0434\\u0442\\u0432\\u0435\\u0440\\u0436\\u0434\\u0430\\u044e\\u0449\\u0438\\u0439 \\u043e\\u043f\\u043b\\u0430\\u0442\\u0443 \\u0442\\u043e\\u0432\\u0430\\u0440\\u0430 (\\u0432 \\u0441\\u043b\\u0443\\u0447\\u0430\\u0435 \\u043f\\u043e\\u0442\\u0435\\u0440\\u0438 \\u0447\\u0435\\u043a\\u0430 \\u0438\\u043b\\u0438 \\u0438\\u043d\\u043e\\u0433\\u043e\\u2014 \\u0442\\u043e\\u0432\\u0430\\u0440 \\u043d\\u0435 \\u044f\\u0432\\u043b\\u044f\\u0435\\u0442\\u0441\\u044f \\u0442\\u0435\\u0445\\u043d\\u0438\\u0447\\u0435\\u0441\\u043a\\u0438 \\u0441\\u043b\\u043e\\u0436\\u043d\\u044b\\u043c.                                                                                                                                                                                                                                                                                                                                                                                                                                                                                                                                                                                                                                                                                                                                                                                                                                                                                                                                                                                                                                   "}},"3":{"image":"","faicon":{"1":"fa fa-gift","2":"fa fa-gift"},"title":{"1":"\\u041f\\u043e\\u0434\\u0430\\u0440\\u043e\\u043a \\u043f\\u0440\\u0438 \\u043f\\u043e\\u043a\\u0443\\u043f\\u043a\\u0435","2":"\\u041f\\u043e\\u0434\\u0430\\u0440\\u043e\\u043a \\u043f\\u0440\\u0438 \\u043f\\u043e\\u043a\\u0443\\u043f\\u043a\\u0435"},"description":{"1":"\\u041f\\u043e\\u0434\\u0430\\u0440\\u043a\\u0438 \\u0432\\u0430\\u043c \\u0438 \\u0432\\u0430\\u0448\\u0438\\u043c \\u0431\\u043b\\u0438\\u0437\\u043a\\u0438\\u043c \\u043d\\u0430 \\u0441\\u0443\\u043c\\u043c\\u0443 \\u0434\\u043e 20 000 \\u20bd \\u043f\\u0440\\u0438 \\u043f\\u043e\\u043a\\u0443\\u043f\\u043a\\u0435 Samsung Galaxy.\\u0412\\u044b\\u0431\\u0438\\u0440\\u0430\\u0439\\u0442\\u0435 \\u0441\\u043c\\u0430\\u0440\\u0442\\u0444\\u043e\\u043d \\u0438 \\u043f\\u043e\\u0434\\u0430\\u0440\\u043a\\u0438 \\u043d\\u0430 \\u0443\\u043a\\u0430\\u0437\\u0430\\u043d\\u043d\\u0443\\u044e \\u0441\\u0443\\u043c\\u043c\\u0443.\\u0421\\u043a\\u0438\\u0434\\u043a\\u0430 \\u0440\\u0430\\u0441\\u0441\\u0447\\u0438\\u0442\\u0430\\u0435\\u0442\\u0441\\u044f \\u0430\\u0432\\u0442\\u043e\\u043c\\u0430\\u0442\\u0438\\u0447\\u0435\\u0441\\u043a\\u0438.                                                                                                                                                                                                                                                                                                                                                                                                                                                                                                                                                                                                                                                                                                                                                                                                                                                                                                                                                                                                                                                                                                                                                                                                                                                                                                                                                                                                                                                                                                                                                                                                                                                                                                                                                                                                                                                                                                                                                                                                                                                                                                                                                                                                                                                                                                                                                                                                                                                                                                                                                                                                                                                                                                                                                                                                                                                                                                                                                                                                                                                                                                                                                                                                                                                                                                                                                                                                                                                                                                                                                                                                                                                                                                                                                                                                                                                                                                                                                                                                                                                                                                                                                                                                                                                                                                                                                                                                                                                                                                                                                                                                                                                                                                                                                                                                                                                                                                                                                                                                                                                                                                                                                                                                                                                                                                                                                                                                                                                                                                                                                                                                                                                                                                                                                                                                                                                                                                                                                                                                                                                                                                                                                                                                                                                                                                                                                                                                                                                                                                                                                                                                                                                                                                                                                                                                                                                                                                                                                                                                                                                                                                                                                                                                                                                                                                                                                                                                                                                                                                                                                                                                                                                                                                                                                                                                                                                                                                                                                                                                                                                                                                                                                                                                                                                                                                                                                                                                                                                                                                                                                                                                                                                                                                                                                                                                                                                                                                                                                                                                                                                                                                                                                                                                                                                                                                                                                                                                                                                                                                                                                                                                                             ","2":"\\u041f\\u043e\\u0434\\u0430\\u0440\\u043a\\u0438 \\u0432\\u0430\\u043c \\u0438 \\u0432\\u0430\\u0448\\u0438\\u043c \\u0431\\u043b\\u0438\\u0437\\u043a\\u0438\\u043c \\u043d\\u0430 \\u0441\\u0443\\u043c\\u043c\\u0443 \\u0434\\u043e 20 000 \\u20bd \\u043f\\u0440\\u0438 \\u043f\\u043e\\u043a\\u0443\\u043f\\u043a\\u0435 Samsung Galaxy.\\u0412\\u044b\\u0431\\u0438\\u0440\\u0430\\u0439\\u0442\\u0435 \\u0441\\u043c\\u0430\\u0440\\u0442\\u0444\\u043e\\u043d \\u0438 \\u043f\\u043e\\u0434\\u0430\\u0440\\u043a\\u0438 \\u043d\\u0430 \\u0443\\u043a\\u0430\\u0437\\u0430\\u043d\\u043d\\u0443\\u044e \\u0441\\u0443\\u043c\\u043c\\u0443.\\u0421\\u043a\\u0438\\u0434\\u043a\\u0430 \\u0440\\u0430\\u0441\\u0441\\u0447\\u0438\\u0442\\u0430\\u0435\\u0442\\u0441\\u044f \\u0430\\u0432\\u0442\\u043e\\u043c\\u0430\\u0442\\u0438\\u0447\\u0435\\u0441\\u043a\\u0438.                                                                                                                                                                                                                                                                                                                                                                                                                                                                                                                                                                                                                                                                                                                                                                                                                                                                                                                                                                                                                                   "}}}', '1');
INSERT INTO `PREFIX_DB_setting` (`store_id`, `code`, `key`, `value`, `serialized`) VALUES ('0', 'aurus', 'aurus_cart_right', '0', '0');
INSERT INTO `PREFIX_DB_setting` (`store_id`, `code`, `key`, `value`, `serialized`) VALUES ('0', 'aurus', 'aurus_wish_right', '0', '0');
INSERT INTO `PREFIX_DB_setting` (`store_id`, `code`, `key`, `value`, `serialized`) VALUES ('0', 'aurus', 'aurus_comp_right', '0', '0');
INSERT INTO `PREFIX_DB_setting` (`store_id`, `code`, `key`, `value`, `serialized`) VALUES ('0', 'aurus', 'aurus_right_sm', '1', '0');
INSERT INTO `PREFIX_DB_setting` (`store_id`, `code`, `key`, `value`, `serialized`) VALUES ('0', 'aurus', 'aurus_right_tittle', '0', '0');
INSERT INTO `PREFIX_DB_setting` (`store_id`, `code`, `key`, `value`, `serialized`) VALUES ('0', 'aurus', 'aurus_cart_description', '{"1":"&lt;p&gt;\\u041d\\u043e \\u044d\\u0442\\u043e \\u043d\\u0438\\u043a\\u043e\\u0433\\u0434\\u0430 \\u043d\\u0435 \\u043f\\u043e\\u0437\\u0434\\u043d\\u043e \\u0438\\u0441\\u043f\\u0440\\u0430\\u0432\\u0438\\u0442\\u044c :) &lt;a href=&quot;specials\\/&quot; target=&quot;_blank&quot;&gt;\\u0421\\u043c\\u043e\\u0442\\u0440\\u0435\\u0442\\u044c \\u0432\\u0441\\u0435 \\u0430\\u043a\\u0446\\u0438\\u0438 \\u2192&lt;\\/a&gt;&lt;\\/p&gt;&lt;p&gt;&amp;nbsp;&lt;\\/p&gt;","2":"&lt;p&gt;\\u041d\\u043e \\u044d\\u0442\\u043e \\u043d\\u0438\\u043a\\u043e\\u0433\\u0434\\u0430 \\u043d\\u0435 \\u043f\\u043e\\u0437\\u0434\\u043d\\u043e \\u0438\\u0441\\u043f\\u0440\\u0430\\u0432\\u0438\\u0442\\u044c :) &lt;a href=&quot;specials\\/&quot; target=&quot;_blank&quot;&gt;\\u0421\\u043c\\u043e\\u0442\\u0440\\u0435\\u0442\\u044c \\u0432\\u0441\\u0435 \\u0430\\u043a\\u0446\\u0438\\u0438 \\u2192&lt;\\/a&gt;&lt;\\/p&gt;&lt;p&gt;&amp;nbsp;&lt;\\/p&gt;"}', '1');
INSERT INTO `PREFIX_DB_setting` (`store_id`, `code`, `key`, `value`, `serialized`) VALUES ('0', 'aurus', 'aurus_counter', '', '0');
INSERT INTO `PREFIX_DB_setting` (`store_id`, `code`, `key`, `value`, `serialized`) VALUES ('0', 'aurus', 'aurus_css', '/* ef-banners START*/.btn-bannerright1{position:relative;color: #fff;background: rgba(80, 70, 59, 0.7) none repeat scroll 0 0;border: 2px solid #fff;font-size: 14px;font-weight: 600;margin-top: 15%;}.btn-bannerright1:hover{color: #fff;border: 2px solid #fff;background: rgba(80, 70, 59, 0.9) none repeat scroll 0 0;}.btn-bannercenter{position:relative;color: #fff;background: rgba(80, 70, 59, 0.7) none repeat scroll 0 0;border: 2px solid #fff;font-size: 14px;font-weight: 600;margin-top: 10%;}.btn-bannercenter:hover{color: #fff;border: 2px solid #fff;background: rgba(80, 70, 59, 0.9) none repeat scroll 0 0;}.btn-bannercenter2{position:relative;color: #fff;background: rgba(80, 70, 59, 0.7) none repeat scroll 0 0;border: 2px solid #fff;font-size: 14px;font-weight: 600;margin-top: 30%;}.btn-bannercenter2:hover{color: #fff;border: 2px solid #fff;background: rgba(80, 70, 59, 0.9) none repeat scroll 0 0;}.bannercenter-text{color: #505050;display: inline-block;font-size: 17px;font-style: italic;font-weight: 800;letter-spacing: 1px;margin-top: 20%;position: relative;text-transform: uppercase;}.btn-bannerbottom{position:relative;color: #fff;background: rgba(80, 70, 59, 0.7) none repeat scroll 0 0;border: 2px solid #fff;font-size: 14px;font-weight: 600;margin-top: 5%;}.btn-bannerbottom:hover{color: #fff;border: 2px solid #fff;background: rgba(80, 70, 59, 0.9) none repeat scroll 0 0;}.bannerright-text{color: #fff;display: inline-block;font-size: 17px;font-style: italic;font-weight: 800;letter-spacing: 1px;margin-top: 15%;position: relative;text-transform: uppercase;}.bannerbottom-text{color: #000;display: inline-block;font-size: 27px;font-style: italic;font-weight: 800;letter-spacing: 1px;margin-top: 5%;position: relative;text-transform: uppercase;}/* ef-slider START*/.ef-slider1{-webkit-animation: 300ms linear 900ms both rotateInDownLeft;-moz-animation: 300ms linear 900ms both rotateInDownLeft;-o-animation: 300ms linear 900ms both rotateInDownLeft;-ms-animation: 300ms linear 900ms both rotateInDownLeft;animation: 300ms linear 900ms both rotateInDownLeft;}.ef-slider2{ -webkit-animation: 300ms linear 300ms both fadeInUp;-moz-animation: 300ms linear 300ms both fadeInUp;-o-animation: 300ms linear 300ms both fadeInUp;-ms-animation: 300ms linear 300ms both fadeInUp;animation: 300ms linear 300ms both fadeInUp;}.ef-slider3{-webkit-animation: 300ms linear 1500ms both rotateInDownLeft;-moz-animation: 300ms linear 1500ms both rotateInDownLeft;-o-animation: 300ms linear 1500ms both rotateInDownLeft;-ms-animation: 300ms linear 1500ms both rotateInDownLeft;animation: 300ms linear 1500ms both rotateInDownLeft;}.ef-slider4{-webkit-animation: 300ms linear 2200ms both fadeInUp;-moz-animation: 300ms linear 2200ms both fadeInUp;-o-animation: 300ms linear 2200ms both fadeInUp;-ms-animation: 300ms linear 2200ms both fadeInUp;animation: 300ms linear 2200ms both fadeInUp;}.ef-slider5{-webkit-animation: 600ms linear 2900ms both rotateInDownLeft;-moz-animation: 600ms linear 2900ms both rotateInDownLeft;-o-animation: 600ms linear 2900ms both rotateInDownLeft;-ms-animation: 600ms linear 2900ms both rotateInDownLeft;animation: 600ms linear 2900ms both rotateInDownLeft;}.ef-slider7{-webkit-animation: 800ms linear 2500ms both rotateInDownLeft;-moz-animation: 800ms linear 2500ms both rotateInDownLeft;-o-animation: 800ms linear 2500ms both rotateInDownLeft;-ms-animation: 800ms linear 2500ms both rotateInDownLeft;animation: 800ms linear 2500ms both rotateInDownLeft;}.text-slider1{position: absolute;color: #FFFFFF;font-size: 16px;left: 20px; top: 10px;padding: 5px 12px;background: rgba(0, 0, 0, 0.5) none repeat scroll 0 0;border-radius: 12px;}.text-slider2{position: absolute;color: #FFFFFF;font-size: 16px;left: 20px; top: 47px;padding: 5px 12px;background: rgba(0, 0, 0, 0.5) none repeat scroll 0 0;border-radius: 12px;}.text-slider3{position: absolute;color: #FFFFFF;font-size: 16px;left: 20px;top: 84px;padding: 5px 12px;background: rgba(0, 0, 0, 0.5) none repeat scroll 0 0;border-radius: 12px;}.text-slider4{position: absolute;color: white;font-size: 16px;left: 9px;top: 121px;padding: 5px 12px;}.btn-slider {color: #fff;background: rgba(80, 70, 59, 0.7) none repeat scroll 0 0;border: 2px solid #fff;font-size: 14px;text-transform: uppercase;padding: 7px;}.btn-slider:hover {color: #fff;border: 2px solid #fff;background: rgba(80, 70, 59, 0.9) none repeat scroll 0 0;}/* ---------------- */ /* ef-slider END */ /* ---------------- */', '0');
INSERT INTO `PREFIX_DB_setting` (`store_id`, `code`, `key`, `value`, `serialized`) VALUES ('0', 'aurus', 'aurus_top_links7', '{"1":{"title":{"1":"\\u0414\\u043e\\u043f\\u043e\\u043b\\u043d\\u0438\\u0442\\u0435\\u043b\\u044c\\u043d\\u0430\\u044f \\u0432\\u043a\\u043b\\u0430\\u0434\\u043a\\u0430","2":"\\u0414\\u043e\\u043f\\u043e\\u043b\\u043d\\u0438\\u0442\\u0435\\u043b\\u044c\\u043d\\u0430\\u044f \\u0432\\u043a\\u043b\\u0430\\u0434\\u043a\\u0430"},"description":{"1":"&lt;p&gt;&lt;span style=&quot;background-color:rgb(255, 255, 0)&quot;&gt;\\u041c\\u043e\\u0436\\u043d\\u043e \\u0441\\u043e\\u0437\\u0434\\u0430\\u0432\\u0430\\u0442\\u044c \\u043b\\u044e\\u0431\\u043e\\u0435 \\u043a\\u043e\\u043b\\u0438\\u0447\\u0435\\u0441\\u0442\\u0432\\u043e \\u0432\\u043a\\u043b\\u0430\\u0434\\u043e\\u043a, \\u0434\\u043b\\u044f \\u043a\\u0430\\u0436\\u0434\\u043e\\u0433\\u043e \\u0442\\u043e\\u0432\\u0430\\u0440\\u0430 \\u043e\\u0442\\u0434\\u0435\\u043b\\u044c\\u043d\\u043e \\u0438\\u043b\\u0438 \\u0434\\u043b\\u044f \\u0432\\u0441\\u0435\\u0445 \\u0442\\u043e\\u0432\\u0430\\u0440\\u043e\\u0432 \\u0441\\u0440\\u0430\\u0437\\u0443&lt;\\/span&gt;&lt;\\/p&gt;","2":"&lt;p&gt;&lt;span style=&quot;background-color:rgb(255, 255, 255)&quot;&gt;\\u041c\\u043e\\u0436\\u043d\\u043e \\u0441\\u043e\\u0437\\u0434\\u0430\\u0432\\u0430\\u0442\\u044c \\u043b\\u044e\\u0431\\u043e\\u0435 \\u043a\\u043e\\u043b\\u0438\\u0447\\u0435\\u0441\\u0442\\u0432\\u043e \\u0432\\u043a\\u043b\\u0430\\u0434\\u043e\\u043a, \\u0434\\u043b\\u044f \\u043a\\u0430\\u0436\\u0434\\u043e\\u0433\\u043e \\u0442\\u043e\\u0432\\u0430\\u0440\\u0430 \\u043e\\u0442\\u0434\\u0435\\u043b\\u044c\\u043d\\u043e \\u0438\\u043b\\u0438 \\u0434\\u043b\\u044f \\u0432\\u0441\\u0435\\u0445 \\u0442\\u043e\\u0432\\u0430\\u0440\\u043e\\u0432 \\u0441\\u0440\\u0430\\u0437\\u0443&lt;\\/span&gt;&lt;\\/p&gt;"}}}', '1');
INSERT INTO `PREFIX_DB_setting` (`store_id`, `code`, `key`, `value`, `serialized`) VALUES ('0', 'aurus', 'aurus_relpr_tab', '0', '0');
INSERT INTO `PREFIX_DB_setting` (`store_id`, `code`, `key`, `value`, `serialized`) VALUES ('0', 'aurus', 'aurus_ratpr', '1', '0');
INSERT INTO `PREFIX_DB_setting` (`store_id`, `code`, `key`, `value`, `serialized`) VALUES ('0', 'aurus', 'aurus_wishpr', '1', '0');
INSERT INTO `PREFIX_DB_setting` (`store_id`, `code`, `key`, `value`, `serialized`) VALUES ('0', 'aridius_text_home', 'aridius_text_home_limit', '2200', '0');
INSERT INTO `PREFIX_DB_setting` (`store_id`, `code`, `key`, `value`, `serialized`) VALUES ('0', 'aridius_text_home', 'aridius_text_home_height', '230', '0');
INSERT INTO `PREFIX_DB_setting` (`store_id`, `code`, `key`, `value`, `serialized`) VALUES ('0', 'aridius_text_home', 'aridius_text_home_status', '1', '0');
INSERT INTO `PREFIX_DB_setting` (`store_id`, `code`, `key`, `value`, `serialized`) VALUES ('0', 'aurus', 'aurus_color65', '#7ED4C5', '0');
INSERT INTO `PREFIX_DB_setting` (`store_id`, `code`, `key`, `value`, `serialized`) VALUES ('0', 'aurus', 'aurus_color66', '#ffffff', '0');
INSERT INTO `PREFIX_DB_setting` (`store_id`, `code`, `key`, `value`, `serialized`) VALUES ('0', 'aurus', 'aurus_color67', '#2E8AE6', '0');
INSERT INTO `PREFIX_DB_setting` (`store_id`, `code`, `key`, `value`, `serialized`) VALUES ('0', 'aurus', 'aurus_comppr', '1', '0');
INSERT INTO `PREFIX_DB_setting` (`store_id`, `code`, `key`, `value`, `serialized`) VALUES ('0', 'aurus', 'aurus_quickviewpr', '1', '0');
INSERT INTO `PREFIX_DB_setting` (`store_id`, `code`, `key`, `value`, `serialized`) VALUES ('0', 'aurus', 'aurus_relcarusel', '0', '0');
INSERT INTO `PREFIX_DB_setting` (`store_id`, `code`, `key`, `value`, `serialized`) VALUES ('0', 'aurus', 'aurus_relnavigation', '1', '0');
INSERT INTO `PREFIX_DB_setting` (`store_id`, `code`, `key`, `value`, `serialized`) VALUES ('0', 'aurus', 'aurus_relautoplay_on', '0', '0');
INSERT INTO `PREFIX_DB_setting` (`store_id`, `code`, `key`, `value`, `serialized`) VALUES ('0', 'aurus', 'aurus_relautoplay', '4000', '0');
INSERT INTO `PREFIX_DB_setting` (`store_id`, `code`, `key`, `value`, `serialized`) VALUES ('0', 'aurus', 'aurus_relitems', '5', '0');
INSERT INTO `PREFIX_DB_setting` (`store_id`, `code`, `key`, `value`, `serialized`) VALUES ('0', 'aurus', 'aurus_relrew_speed', '1000', '0');
INSERT INTO `PREFIX_DB_setting` (`store_id`, `code`, `key`, `value`, `serialized`) VALUES ('0', 'aridius_news', 'aridius_news_home_chars', '200', '0');
INSERT INTO `PREFIX_DB_setting` (`store_id`, `code`, `key`, `value`, `serialized`) VALUES ('0', 'aridius_news', 'aridius_news_headline_chars', '98', '0');
INSERT INTO `PREFIX_DB_setting` (`store_id`, `code`, `key`, `value`, `serialized`) VALUES ('0', 'aridius_news', 'aridius_news_aridius_newspage_addthis', '0', '0');
INSERT INTO `PREFIX_DB_setting` (`store_id`, `code`, `key`, `value`, `serialized`) VALUES ('0', 'aurus', 'aurus_cart_continue', '0', '0');
INSERT INTO `PREFIX_DB_setting` (`store_id`, `code`, `key`, `value`, `serialized`) VALUES ('0', 'aurus', 'aurus_cart_relpr', '0', '0');
INSERT INTO `PREFIX_DB_setting` (`store_id`, `code`, `key`, `value`, `serialized`) VALUES ('0', 'aurus', 'aurus_cart_viewed', '0', '0');
INSERT INTO `PREFIX_DB_setting` (`store_id`, `code`, `key`, `value`, `serialized`) VALUES ('0', 'aurus', 'aurus_cart_relprlimit', '10', '0');
INSERT INTO `PREFIX_DB_setting` (`store_id`, `code`, `key`, `value`, `serialized`) VALUES ('0', 'aridius_news', 'aridius_news_show_date', '0', '0');
INSERT INTO `PREFIX_DB_setting` (`store_id`, `code`, `key`, `value`, `serialized`) VALUES ('0', 'aridius_news', 'aridius_news_home_limit', '6', '0');
INSERT INTO `PREFIX_DB_setting` (`store_id`, `code`, `key`, `value`, `serialized`) VALUES ('0', 'aurus', 'aurus_banners_hiddensm', '0', '0');
INSERT INTO `PREFIX_DB_setting` (`store_id`, `code`, `key`, `value`, `serialized`) VALUES ('0', 'aurus', 'aurus_cart_open', '0', '0');
INSERT INTO `PREFIX_DB_setting` (`store_id`, `code`, `key`, `value`, `serialized`) VALUES ('0', 'aurus', 'aurus_banners', '1', '0');
INSERT INTO `PREFIX_DB_setting` (`store_id`, `code`, `key`, `value`, `serialized`) VALUES ('0', 'aridius_popupmail', 'aridius_popupmail_description', '{"1":"&lt;p&gt;\\u042f \\u043f\\u0440\\u0438\\u043d\\u0438\\u043c\\u0430\\u044e &lt;a href=&quot;person_danie&quot; target=&quot;_blank&quot;&gt;\\u043f\\u043e\\u043b\\u044c\\u0437\\u043e\\u0432\\u0430\\u0442\\u0435\\u043b\\u044c\\u0441\\u043a\\u043e\\u0435 \\u0441\\u043e\\u0433\\u043b\\u0430\\u0448\\u0435\\u043d\\u0438\\u044f&lt;\\/a&gt;&lt;\\/p&gt;","2":""}', '1');
INSERT INTO `PREFIX_DB_setting` (`store_id`, `code`, `key`, `value`, `serialized`) VALUES ('0', 'aridius_popupmail', 'aridius_popupmaildes_status', '1', '0');
INSERT INTO `PREFIX_DB_setting` (`store_id`, `code`, `key`, `value`, `serialized`) VALUES ('0', 'aridius_popupmail', 'aridius_popupmail_time', '1', '0');
INSERT INTO `PREFIX_DB_setting` (`store_id`, `code`, `key`, `value`, `serialized`) VALUES ('0', 'aridius_popupmail', 'aridius_popupmail_delay', '2', '0');
INSERT INTO `PREFIX_DB_setting` (`store_id`, `code`, `key`, `value`, `serialized`) VALUES ('0', 'aridius_popupmail', 'aridius_popupmail_day', '0', '0');
INSERT INTO `PREFIX_DB_setting` (`store_id`, `code`, `key`, `value`, `serialized`) VALUES ('0', 'aridius_popupmail', 'aridius_popupmail_status', '0', '0');
INSERT INTO `PREFIX_DB_setting` (`store_id`, `code`, `key`, `value`, `serialized`) VALUES ('0', 'aurus', 'aurus_banners_fluid', '1', '0');
INSERT INTO `PREFIX_DB_setting` (`store_id`, `code`, `key`, `value`, `serialized`) VALUES ('0', 'aridius_popupmail', 'aridius_popupmail_img', '{"1":"&lt;p&gt;&lt;img alt=&quot;mail&quot; class=&quot;img-responsive&quot; src=&quot;\\/image\\/catalog\\/banners_aurus\\/img_mail.png&quot; \\/&gt;&lt;\\/p&gt;","2":"&lt;p&gt;&lt;img alt=&quot;mail&quot; class=&quot;img-responsive&quot; src=&quot;\\/image\\/catalog\\/img_mail\\/img_mail.png&quot; \\/&gt;&lt;\\/p&gt;"}', '1');
INSERT INTO `PREFIX_DB_setting` (`store_id`, `code`, `key`, `value`, `serialized`) VALUES ('0', 'aridius_popupmail', 'aridius_popupmail_message', '{"1":"&lt;p&gt;&lt;strong&gt;\\u0412\\u0430\\u0448\\u0430 \\u0441\\u043a\\u0438\\u0434\\u043a\\u0430 &lt;span style=&quot;color:rgb(255, 0, 0)&quot;&gt;200 \\u0440\\u0443\\u0431.&lt;\\/span&gt;&lt;\\/strong&gt;&lt;\\/p&gt;&lt;p&gt;&lt;strong&gt;\\u041d\\u041e\\u041c\\u0415\\u0420 \\u041a\\u0423\\u041f\\u041e\\u041d\\u0410: &lt;\\/strong&gt;&lt;strong&gt;&lt;span style=&quot;color:rgb(0, 0, 255)&quot;&gt;45678834&lt;\\/span&gt;&lt;\\/strong&gt;&lt;\\/p&gt;&lt;p&gt;&lt;strong&gt;\\u0414\\u043b\\u044f \\u0442\\u043e\\u0433\\u043e \\u0447\\u0442\\u043e\\u0431\\u044b \\u0430\\u043a\\u0442\\u0438\\u0432\\u0438\\u0440\\u043e\\u0432\\u0430\\u0442\\u044c \\u0412\\u0430\\u0448 \\u043a\\u0443\\u043f\\u043e\\u043d - \\u0432\\u0432\\u0435\\u0434\\u0438\\u0442\\u0435 \\u044d\\u0442\\u043e\\u0442 \\u043d\\u043e\\u043c\\u0435\\u0440 \\u0432 \\u043a\\u043e\\u0440\\u0437\\u0438\\u043d\\u0435 \\u0442\\u043e\\u0432\\u0430\\u0440\\u0430 \\u0438 \\u043f\\u043e\\u043b\\u0443\\u0447\\u0438\\u0442\\u044c &lt;span style=&quot;color:rgb(255, 0, 0)&quot;&gt;-200 \\u0440\\u0443\\u0431.&lt;\\/span&gt; \\u043a \\u0432\\u0430\\u0448\\u0435\\u043c\\u0443 \\u0437\\u0430\\u043a\\u0430\\u0437\\u0443.&lt;\\/strong&gt;&lt;\\/p&gt;","2":"&lt;p&gt;&lt;strong&gt;\\u0412\\u0430\\u0448\\u0430 \\u0441\\u043a\\u0438\\u0434\\u043a\\u0430 &lt;span style=&quot;color:rgb(255, 0, 0)&quot;&gt;200 \\u0440\\u0443\\u0431.&lt;\\/span&gt;&lt;\\/strong&gt;&lt;\\/p&gt;&lt;p&gt;&lt;strong&gt;\\u041d\\u041e\\u041c\\u0415\\u0420 \\u041a\\u0423\\u041f\\u041e\\u041d\\u0410: &lt;\\/strong&gt;&lt;strong&gt;&lt;span style=&quot;color:rgb(0, 0, 255)&quot;&gt;45678834&lt;\\/span&gt;&lt;\\/strong&gt;&lt;\\/p&gt;&lt;p&gt;&lt;strong&gt;\\u0414\\u043b\\u044f \\u0442\\u043e\\u0433\\u043e \\u0447\\u0442\\u043e\\u0431\\u044b \\u0430\\u043a\\u0442\\u0438\\u0432\\u0438\\u0440\\u043e\\u0432\\u0430\\u0442\\u044c \\u0412\\u0430\\u0448 \\u043a\\u0443\\u043f\\u043e\\u043d - \\u0432\\u0432\\u0435\\u0434\\u0438\\u0442\\u0435 \\u044d\\u0442\\u043e\\u0442 \\u043d\\u043e\\u043c\\u0435\\u0440 \\u0432 \\u043a\\u043e\\u0440\\u0437\\u0438\\u043d\\u0435 \\u0442\\u043e\\u0432\\u0430\\u0440\\u0430 \\u0438 \\u043f\\u043e\\u043b\\u0443\\u0447\\u0438\\u0442\\u044c &lt;span style=&quot;color:rgb(255, 0, 0)&quot;&gt;-200 \\u0440\\u0443\\u0431.&lt;\\/span&gt; \\u043a \\u0432\\u0430\\u0448\\u0435\\u043c\\u0443 \\u0437\\u0430\\u043a\\u0430\\u0437\\u0443.&lt;\\/strong&gt;&lt;\\/p&gt;"}', '1');
INSERT INTO `PREFIX_DB_setting` (`store_id`, `code`, `key`, `value`, `serialized`) VALUES ('0', 'aridius_popupmail', 'aridius_popupmail_subject', '{"1":"\\u0412\\u0430\\u043c \\u0441\\u043a\\u0438\\u0434\\u043a\\u0430!","2":"\\u0412\\u0430\\u043c \\u0441\\u043a\\u0438\\u0434\\u043a\\u0430!"}', '1');
INSERT INTO `PREFIX_DB_setting` (`store_id`, `code`, `key`, `value`, `serialized`) VALUES ('0', 'aridius_popupmail', 'aridius_popupmail_pl', '{"1":"\\u041f\\u041e\\u0414\\u041f\\u0418\\u0421\\u0410\\u0422\\u042c\\u0421\\u042f","2":"\\u041f\\u041e\\u0414\\u041f\\u0418\\u0421\\u0410\\u0422\\u042c\\u0421\\u042f"}', '1');
INSERT INTO `PREFIX_DB_setting` (`store_id`, `code`, `key`, `value`, `serialized`) VALUES ('0', 'aridius_popupmail', 'aridius_popupmail_placeholder', '{"1":"\\u0412\\u0432\\u0435\\u0434\\u0438\\u0442\\u0435 \\u0432\\u0430\\u0448 e-mail","2":"\\u0412\\u0432\\u0435\\u0434\\u0438\\u0442\\u0435 \\u0432\\u0430\\u0448 e-mail"}', '1');
INSERT INTO `PREFIX_DB_setting` (`store_id`, `code`, `key`, `value`, `serialized`) VALUES ('0', 'aridius_icons', 'aridius_icons_top_links', '{"1":{"title":{"1":"\\u0440\\u0430\\u0441\\u0441\\u0440\\u043e\\u0447\\u043a\\u0430 \\u0431\\u0435\\u0437 \\u043f\\u0435\\u0440\\u0435\\u043f\\u043b\\u0430\\u0442","2":"\\u0440\\u0430\\u0441\\u0441\\u0440\\u043e\\u0447\\u043a\\u0430 \\u0431\\u0435\\u0437 \\u043f\\u0435\\u0440\\u0435\\u043f\\u043b\\u0430\\u0442"},"faicons_icons":"fa fa-money","add_link":"","description":{"1":"&lt;p&gt;\\u0421\\u0435\\u0439\\u0447\\u0430\\u0441 \\u0442\\u044f\\u0436\\u0435\\u043b\\u043e \\u043a\\u043e\\u0433\\u043e-\\u0442\\u043e \\u0443\\u0434\\u0438\\u0432\\u0438\\u0442\\u044c \\u043f\\u0440\\u0435\\u0434\\u043b\\u043e\\u0436\\u0435\\u043d\\u0438\\u0435\\u043c \\u0432\\u0437\\u044f\\u0442\\u044c \\u0442\\u043e\\u0432\\u0430\\u0440 \\u043f\\u0440\\u044f\\u043c\\u043e \\u0441\\u0435\\u0433\\u043e\\u0434\\u043d\\u044f, \\u0430 \\u043f\\u043b\\u0430\\u0442\\u0438\\u0442\\u044c \\u0437\\u0430 \\u043d\\u0435\\u0433\\u043e \\u043f\\u043e\\u0437\\u0436\\u0435, \\u043f\\u043e\\u043b\\u044c\\u0437\\u0443\\u044f\\u0441\\u044c \\u0442\\u0430\\u043a\\u0438\\u043c\\u0438 \\u0432\\u0430\\u0440\\u0438\\u0430\\u043d\\u0442\\u0430\\u043c\\u0438 \\u0440\\u0430\\u0441\\u0447\\u0435\\u0442\\u0430 \\u043a\\u0430\\u043a \\u043a\\u0440\\u0435\\u0434\\u0438\\u0442 \\u0438\\u043b\\u0438 \\u0440\\u0430\\u0441\\u0441\\u0440\\u043e\\u0447\\u043a\\u0430. \\u0420\\u0435\\u043a\\u043b\\u0430\\u043c\\u0430 \\u043c\\u0430\\u0433\\u0430\\u0437\\u0438\\u043d\\u043e\\u0432 \\u0442\\u0435\\u0445\\u043d\\u0438\\u043a\\u0438 \\u043d\\u0430\\u0441\\u044b\\u0449\\u0435\\u043d\\u0430 \\u043c\\u0430\\u043d\\u044f\\u0449\\u0438\\u043c\\u0438 \\u0443\\u0441\\u043b\\u043e\\u0432\\u0438\\u044f\\u043c\\u0438 \\u043a\\u043e\\u043c\\u0444\\u043e\\u0440\\u0442\\u043d\\u043e\\u0439 \\u043f\\u043e\\u043a\\u0443\\u043f\\u043a\\u0438 \\u043d\\u0443\\u0436\\u043d\\u044b\\u0445 \\u0432\\u0435\\u0449\\u0435\\u0439 \\u0438\\u043b\\u0438 \\u043f\\u043e\\u043b\\u0443\\u0447\\u0435\\u043d\\u0438\\u044f \\u0434\\u0435\\u043d\\u0435\\u0433 \\u0432 \\u043a\\u0440\\u0435\\u0434\\u0438\\u0442. \\u041d\\u043e \\u043a\\u0430\\u043a\\u0438\\u043c \\u0441\\u043f\\u043e\\u0441\\u043e\\u0431\\u043e\\u043c \\u0432\\u044b\\u0433\\u043e\\u0434\\u043d\\u0435\\u0435 \\u0441\\u043e\\u0432\\u0435\\u0440\\u0448\\u0430\\u0442\\u044c \\u043f\\u043e\\u043a\\u0443\\u043f\\u043a\\u0438: \\u0432 \\u0440\\u0430\\u0441\\u0441\\u0440\\u043e\\u0447\\u043a\\u0443 \\u0438\\u043b\\u0438 \\u043a\\u0440\\u0435\\u0434\\u0438\\u0442? \\u041f\\u0440\\u0430\\u0432\\u0434\\u0430 \\u043b\\u0438, \\u0447\\u0442\\u043e \\u0440\\u0430\\u0441\\u0441\\u0440\\u043e\\u0447\\u043a\\u0430 \\u044d\\u0442\\u043e \\u0431\\u0435\\u0441\\u043f\\u0440\\u043e\\u0446\\u0435\\u043d\\u0442\\u043d\\u044b\\u0439 \\u043a\\u0440\\u0435\\u0434\\u0438\\u0442, \\u0438\\u043b\\u0438 \\u0436\\u0435 \\u044d\\u0442\\u043e \\u0430\\u0431\\u0441\\u043e\\u043b\\u044e\\u0442\\u043d\\u043e \\u0434\\u0440\\u0443\\u0433\\u0430\\u044f \\u0441\\u0438\\u0441\\u0442\\u0435\\u043c\\u0430 \\u043f\\u043e\\u043a\\u0443\\u043f\\u043a\\u0438 \\u0442\\u043e\\u0432\\u0430\\u0440\\u043e\\u0432? \\u0427\\u0435\\u043c \\u043e\\u0442\\u043b\\u0438\\u0447\\u0430\\u0435\\u0442\\u0441\\u044f \\u043a\\u0440\\u0435\\u0434\\u0438\\u0442 \\u043e\\u0442 \\u0440\\u0430\\u0441\\u0441\\u0440\\u043e\\u0447\\u043a\\u0438? \\u041a\\u0430\\u043a\\u0438\\u0435 \\u0443 \\u043d\\u0438\\u0445 \\u043f\\u0440\\u0435\\u0438\\u043c\\u0443\\u0449\\u0435\\u0441\\u0442\\u0432\\u0430 \\u0438 \\u043d\\u0435\\u0434\\u043e\\u0441\\u0442\\u0430\\u0442\\u043a\\u0438?&lt;\\/p&gt;&lt;p&gt;&amp;nbsp;&lt;\\/p&gt;","2":"&lt;p&gt;\\u0421\\u0435\\u0439\\u0447\\u0430\\u0441 \\u0442\\u044f\\u0436\\u0435\\u043b\\u043e \\u043a\\u043e\\u0433\\u043e-\\u0442\\u043e \\u0443\\u0434\\u0438\\u0432\\u0438\\u0442\\u044c \\u043f\\u0440\\u0435\\u0434\\u043b\\u043e\\u0436\\u0435\\u043d\\u0438\\u0435\\u043c \\u0432\\u0437\\u044f\\u0442\\u044c \\u0442\\u043e\\u0432\\u0430\\u0440 \\u043f\\u0440\\u044f\\u043c\\u043e \\u0441\\u0435\\u0433\\u043e\\u0434\\u043d\\u044f, \\u0430 \\u043f\\u043b\\u0430\\u0442\\u0438\\u0442\\u044c \\u0437\\u0430 \\u043d\\u0435\\u0433\\u043e \\u043f\\u043e\\u0437\\u0436\\u0435, \\u043f\\u043e\\u043b\\u044c\\u0437\\u0443\\u044f\\u0441\\u044c \\u0442\\u0430\\u043a\\u0438\\u043c\\u0438 \\u0432\\u0430\\u0440\\u0438\\u0430\\u043d\\u0442\\u0430\\u043c\\u0438 \\u0440\\u0430\\u0441\\u0447\\u0435\\u0442\\u0430 \\u043a\\u0430\\u043a \\u043a\\u0440\\u0435\\u0434\\u0438\\u0442 \\u0438\\u043b\\u0438 \\u0440\\u0430\\u0441\\u0441\\u0440\\u043e\\u0447\\u043a\\u0430. \\u0420\\u0435\\u043a\\u043b\\u0430\\u043c\\u0430 \\u043c\\u0430\\u0433\\u0430\\u0437\\u0438\\u043d\\u043e\\u0432 \\u0442\\u0435\\u0445\\u043d\\u0438\\u043a\\u0438 \\u043d\\u0430\\u0441\\u044b\\u0449\\u0435\\u043d\\u0430 \\u043c\\u0430\\u043d\\u044f\\u0449\\u0438\\u043c\\u0438 \\u0443\\u0441\\u043b\\u043e\\u0432\\u0438\\u044f\\u043c\\u0438 \\u043a\\u043e\\u043c\\u0444\\u043e\\u0440\\u0442\\u043d\\u043e\\u0439 \\u043f\\u043e\\u043a\\u0443\\u043f\\u043a\\u0438 \\u043d\\u0443\\u0436\\u043d\\u044b\\u0445 \\u0432\\u0435\\u0449\\u0435\\u0439 \\u0438\\u043b\\u0438 \\u043f\\u043e\\u043b\\u0443\\u0447\\u0435\\u043d\\u0438\\u044f \\u0434\\u0435\\u043d\\u0435\\u0433 \\u0432 \\u043a\\u0440\\u0435\\u0434\\u0438\\u0442. \\u041d\\u043e \\u043a\\u0430\\u043a\\u0438\\u043c \\u0441\\u043f\\u043e\\u0441\\u043e\\u0431\\u043e\\u043c \\u0432\\u044b\\u0433\\u043e\\u0434\\u043d\\u0435\\u0435 \\u0441\\u043e\\u0432\\u0435\\u0440\\u0448\\u0430\\u0442\\u044c \\u043f\\u043e\\u043a\\u0443\\u043f\\u043a\\u0438: \\u0432 \\u0440\\u0430\\u0441\\u0441\\u0440\\u043e\\u0447\\u043a\\u0443 \\u0438\\u043b\\u0438 \\u043a\\u0440\\u0435\\u0434\\u0438\\u0442? \\u041f\\u0440\\u0430\\u0432\\u0434\\u0430 \\u043b\\u0438, \\u0447\\u0442\\u043e \\u0440\\u0430\\u0441\\u0441\\u0440\\u043e\\u0447\\u043a\\u0430 \\u044d\\u0442\\u043e \\u0431\\u0435\\u0441\\u043f\\u0440\\u043e\\u0446\\u0435\\u043d\\u0442\\u043d\\u044b\\u0439 \\u043a\\u0440\\u0435\\u0434\\u0438\\u0442, \\u0438\\u043b\\u0438 \\u0436\\u0435 \\u044d\\u0442\\u043e \\u0430\\u0431\\u0441\\u043e\\u043b\\u044e\\u0442\\u043d\\u043e \\u0434\\u0440\\u0443\\u0433\\u0430\\u044f \\u0441\\u0438\\u0441\\u0442\\u0435\\u043c\\u0430 \\u043f\\u043e\\u043a\\u0443\\u043f\\u043a\\u0438 \\u0442\\u043e\\u0432\\u0430\\u0440\\u043e\\u0432? \\u0427\\u0435\\u043c \\u043e\\u0442\\u043b\\u0438\\u0447\\u0430\\u0435\\u0442\\u0441\\u044f \\u043a\\u0440\\u0435\\u0434\\u0438\\u0442 \\u043e\\u0442 \\u0440\\u0430\\u0441\\u0441\\u0440\\u043e\\u0447\\u043a\\u0438? \\u041a\\u0430\\u043a\\u0438\\u0435 \\u0443 \\u043d\\u0438\\u0445 \\u043f\\u0440\\u0435\\u0438\\u043c\\u0443\\u0449\\u0435\\u0441\\u0442\\u0432\\u0430 \\u0438 \\u043d\\u0435\\u0434\\u043e\\u0441\\u0442\\u0430\\u0442\\u043a\\u0438?&lt;\\/p&gt;&lt;p&gt;&amp;nbsp;&lt;\\/p&gt;"}},"2":{"title":{"1":"\\u0431\\u0435\\u0441\\u043f\\u043b\\u0430\\u0442\\u043d\\u0430\\u044f \\u0434\\u043e\\u0441\\u0442\\u0430\\u0432\\u043a\\u0430","2":"\\u0431\\u0435\\u0441\\u043f\\u043b\\u0430\\u0442\\u043d\\u0430\\u044f \\u0434\\u043e\\u0441\\u0442\\u0430\\u0432\\u043a\\u0430"},"faicons_icons":"fa fa-truck","add_link":"","description":{"1":"&lt;p&gt;\\u041c\\u044b \\u043f\\u0440\\u0435\\u0434\\u043b\\u0430\\u0433\\u0430\\u0435\\u043c \\u0431\\u0435\\u0441\\u043f\\u043b\\u0430\\u0442\\u043d\\u0443\\u044e \\u0434\\u043e\\u0441\\u0442\\u0430\\u0432\\u043a\\u0443 \\u043f\\u0440\\u0438 \\u043f\\u043e\\u043a\\u0443\\u043f\\u043a\\u0435 \\u0442\\u043e\\u0432\\u0430\\u0440\\u043e\\u0432&amp;nbsp; \\u043f\\u043e \\u041c\\u043e\\u0441\\u043a\\u0432\\u0435 \\u0438 \\u0431\\u043e\\u043b\\u0435\\u0435 \\u0447\\u0435\\u043c \\u0432 4 000 \\u0433\\u043e\\u0440\\u043e\\u0434\\u043e\\u0432 \\u0438 \\u043d\\u0430\\u0441\\u0435\\u043b\\u0451\\u043d\\u043d\\u044b\\u0445 \\u043f\\u0443\\u043d\\u043a\\u0442\\u043e\\u0432 \\u0420\\u043e\\u0441\\u0441\\u0438\\u0438*.&lt;\\/p&gt;&lt;p&gt;\\u041f\\u043b\\u0430\\u0442\\u0438\\u0442\\u0435 \\u0442\\u043e\\u043b\\u044c\\u043a\\u043e \\u0437\\u0430 \\u043f\\u043e\\u043a\\u0443\\u043f\\u043a\\u0443, \\u0430 \\u0432\\u0441\\u0435 \\u0440\\u0430\\u0441\\u0445\\u043e\\u0434\\u044b \\u043f\\u043e \\u0434\\u043e\\u0441\\u0442\\u0430\\u0432\\u043a\\u0435 \\u043c\\u044b \\u0432\\u043e\\u0437\\u044c\\u043c\\u0451\\u043c \\u043d\\u0430 \\u0441\\u0435\\u0431\\u044f.&lt;\\/p&gt;&lt;p&gt;*\\u0430\\u043a\\u0446\\u0438\\u044f \\u0434\\u0435\\u0439\\u0441\\u0442\\u0432\\u0443\\u0435\\u0442 \\u0442\\u043e\\u043b\\u044c\\u043a\\u043e \\u043f\\u0440\\u0438 \\u043f\\u043e\\u043a\\u0443\\u043f\\u043a\\u0435 \\u043d\\u0430 \\u0441\\u0443\\u043c\\u043c\\u0443 \\u043e\\u0442 3000 \\u0440\\u0443\\u0431.&lt;\\/p&gt;","2":"&lt;p&gt;\\u041c\\u044b \\u043f\\u0440\\u0435\\u0434\\u043b\\u0430\\u0433\\u0430\\u0435\\u043c \\u0431\\u0435\\u0441\\u043f\\u043b\\u0430\\u0442\\u043d\\u0443\\u044e \\u0434\\u043e\\u0441\\u0442\\u0430\\u0432\\u043a\\u0443 \\u043f\\u0440\\u0438 \\u043f\\u043e\\u043a\\u0443\\u043f\\u043a\\u0435 \\u0442\\u043e\\u0432\\u0430\\u0440\\u043e\\u0432&amp;nbsp; \\u043f\\u043e \\u041c\\u043e\\u0441\\u043a\\u0432\\u0435 \\u0438 \\u0431\\u043e\\u043b\\u0435\\u0435 \\u0447\\u0435\\u043c \\u0432 4 000 \\u0433\\u043e\\u0440\\u043e\\u0434\\u043e\\u0432 \\u0438 \\u043d\\u0430\\u0441\\u0435\\u043b\\u0451\\u043d\\u043d\\u044b\\u0445 \\u043f\\u0443\\u043d\\u043a\\u0442\\u043e\\u0432 \\u0420\\u043e\\u0441\\u0441\\u0438\\u0438*.&lt;\\/p&gt;&lt;p&gt;\\u041f\\u043b\\u0430\\u0442\\u0438\\u0442\\u0435 \\u0442\\u043e\\u043b\\u044c\\u043a\\u043e \\u0437\\u0430 \\u043f\\u043e\\u043a\\u0443\\u043f\\u043a\\u0443, \\u0430 \\u0432\\u0441\\u0435 \\u0440\\u0430\\u0441\\u0445\\u043e\\u0434\\u044b \\u043f\\u043e \\u0434\\u043e\\u0441\\u0442\\u0430\\u0432\\u043a\\u0435 \\u043c\\u044b \\u0432\\u043e\\u0437\\u044c\\u043c\\u0451\\u043c \\u043d\\u0430 \\u0441\\u0435\\u0431\\u044f.&lt;\\/p&gt;&lt;p&gt;*\\u0430\\u043a\\u0446\\u0438\\u044f \\u0434\\u0435\\u0439\\u0441\\u0442\\u0432\\u0443\\u0435\\u0442 \\u0442\\u043e\\u043b\\u044c\\u043a\\u043e \\u043f\\u0440\\u0438 \\u043f\\u043e\\u043a\\u0443\\u043f\\u043a\\u0435 \\u043d\\u0430 \\u0441\\u0443\\u043c\\u043c\\u0443 \\u043e\\u0442 3000 \\u0440\\u0443\\u0431.&lt;\\/p&gt;"}},"3":{"title":{"1":"\\u0432\\u043e\\u0437\\u0432\\u0440\\u0430\\u0442 \\u0432 \\u0442\\u0435\\u0447\\u0435\\u043d\\u0438\\u0438 14 \\u0434\\u043d\\u0435\\u0439","2":"\\u0432\\u043e\\u0437\\u0432\\u0440\\u0430\\u0442 \\u0432 \\u0442\\u0435\\u0447\\u0435\\u043d\\u0438\\u0438 14 \\u0434\\u043d\\u0435\\u0439"},"faicons_icons":"fa fa-retweet","add_link":"","description":{"1":"&lt;p&gt;\\u0421\\u0442\\u0430\\u0442\\u044c\\u0435\\u0439 502 \\u0413\\u0440\\u0430\\u0436\\u0434\\u0430\\u043d\\u0441\\u043a\\u043e\\u0433\\u043e \\u043a\\u043e\\u0434\\u0435\\u043a\\u0441\\u0430 \\u0420\\u0424 \\u0438 \\u0441\\u0442\\u0430\\u0442\\u044c\\u0435\\u0439 25 \\u0437\\u0430\\u043a\\u043e\\u043d\\u0430 \\u00ab\\u041e \\u0437\\u0430\\u0449\\u0438\\u0442\\u0435 \\u043f\\u0440\\u0430\\u0432 \\u043f\\u043e\\u0442\\u0440\\u0435\\u0431\\u0438\\u0442\\u0435\\u043b\\u0435\\u0439\\u00bb \\u043f\\u043e\\u0442\\u0440\\u0435\\u0431\\u0438\\u0442\\u0435\\u043b\\u044e \\u043f\\u0440\\u0435\\u0434\\u043e\\u0441\\u0442\\u0430\\u0432\\u043b\\u044f\\u0435\\u0442\\u0441\\u044f \\u043f\\u0440\\u0430\\u0432\\u043e \\u043e\\u0431\\u043c\\u0435\\u043d\\u044f\\u0442\\u044c \\u0438\\u043b\\u0438 \\u0432\\u0435\\u0440\\u043d\\u0443\\u0442\\u044c \\u0442\\u043e\\u0432\\u0430\\u0440 \\u043f\\u0440\\u0438 \\u043e\\u0434\\u043d\\u043e\\u0432\\u0440\\u0435\\u043c\\u0435\\u043d\\u043d\\u043e\\u043c \\u0441\\u043e\\u0431\\u043b\\u044e\\u0434\\u0435\\u043d\\u0438\\u0438 \\u0441\\u043b\\u0435\\u0434\\u0443\\u044e\\u0449\\u0438\\u0445 \\u0443\\u0441\\u043b\\u043e\\u0432\\u0438\\u0439:&lt;\\/p&gt;&lt;p&gt;\\u2014 \\u0441 \\u043c\\u043e\\u043c\\u0435\\u043d\\u0442\\u0430 \\u043f\\u043e\\u043a\\u0443\\u043f\\u043a\\u0438 \\u043f\\u0440\\u043e\\u0448\\u043b\\u043e \\u043d\\u0435 \\u0431\\u043e\\u043b\\u0435\\u0435 14 \\u0434\\u043d\\u0435\\u0439 (\\u043d\\u0435 \\u0441\\u0447\\u0438\\u0442\\u0430\\u044f \\u0434\\u043d\\u044f \\u043f\\u043e\\u043a\\u0443\\u043f\\u043a\\u0438);&lt;br \\/&gt;\\u2014 \\u0442\\u043e\\u0432\\u0430\\u0440 \\u043d\\u0435\\u043f\\u0440\\u043e\\u0434\\u043e\\u0432\\u043e\\u043b\\u044c\\u0441\\u0442\\u0432\\u0435\\u043d\\u043d\\u044b\\u0439;&lt;br \\/&gt;\\u2014 \\u0441\\u043e\\u0445\\u0440\\u0430\\u043d\\u0435\\u043d\\u044b \\u043f\\u043e\\u0442\\u0440\\u0435\\u0431\\u0438\\u0442\\u0435\\u043b\\u044c\\u0441\\u043a\\u0438\\u0435 \\u0441\\u0432\\u043e\\u0439\\u0441\\u0442\\u0432\\u0430;&lt;br \\/&gt;\\u2014 \\u0438\\u043c\\u0435\\u044e\\u0442\\u0441\\u044f \\u0434\\u043e\\u043a\\u0430\\u0437\\u0430\\u0442\\u0435\\u043b\\u044c\\u0441\\u0442\\u0432\\u0430 \\u043f\\u0440\\u0438\\u043e\\u0431\\u0440\\u0435\\u0442\\u0435\\u043d\\u0438\\u044f \\u0442\\u043e\\u0432\\u0430\\u0440\\u0430 \\u0443 \\u0434\\u0430\\u043d\\u043d\\u043e\\u0433\\u043e \\u043f\\u0440\\u043e\\u0434\\u0430\\u0432\\u0446\\u0430: \\u0442\\u043e\\u0432\\u0430\\u0440\\u043d\\u044b\\u0439 \\u0438\\u043b\\u0438 \\u043a\\u0430\\u0441\\u0441\\u043e\\u0432\\u044b\\u0439 \\u0447\\u0435\\u043a, \\u0438\\u043d\\u043e\\u0439 \\u0434\\u043e\\u043a\\u0443\\u043c\\u0435\\u043d\\u0442, \\u043f\\u043e\\u0434\\u0442\\u0432\\u0435\\u0440\\u0436\\u0434\\u0430\\u044e\\u0449\\u0438\\u0439 \\u043e\\u043f\\u043b\\u0430\\u0442\\u0443 \\u0442\\u043e\\u0432\\u0430\\u0440\\u0430 (\\u0432 \\u0441\\u043b\\u0443\\u0447\\u0430\\u0435 \\u043f\\u043e\\u0442\\u0435\\u0440\\u0438 \\u0447\\u0435\\u043a\\u0430 \\u0438\\u043b\\u0438 \\u0438\\u043d\\u043e\\u0433\\u043e&lt;br \\/&gt;\\u2014 \\u0442\\u043e\\u0432\\u0430\\u0440 \\u043d\\u0435 \\u044f\\u0432\\u043b\\u044f\\u0435\\u0442\\u0441\\u044f \\u0442\\u0435\\u0445\\u043d\\u0438\\u0447\\u0435\\u0441\\u043a\\u0438 \\u0441\\u043b\\u043e\\u0436\\u043d\\u044b\\u043c.&lt;\\/p&gt;","2":"&lt;p&gt;\\u0421\\u0442\\u0430\\u0442\\u044c\\u0435\\u0439 502 \\u0413\\u0440\\u0430\\u0436\\u0434\\u0430\\u043d\\u0441\\u043a\\u043e\\u0433\\u043e \\u043a\\u043e\\u0434\\u0435\\u043a\\u0441\\u0430 \\u0420\\u0424 \\u0438 \\u0441\\u0442\\u0430\\u0442\\u044c\\u0435\\u0439 25 \\u0437\\u0430\\u043a\\u043e\\u043d\\u0430 \\u00ab\\u041e \\u0437\\u0430\\u0449\\u0438\\u0442\\u0435 \\u043f\\u0440\\u0430\\u0432 \\u043f\\u043e\\u0442\\u0440\\u0435\\u0431\\u0438\\u0442\\u0435\\u043b\\u0435\\u0439\\u00bb \\u043f\\u043e\\u0442\\u0440\\u0435\\u0431\\u0438\\u0442\\u0435\\u043b\\u044e \\u043f\\u0440\\u0435\\u0434\\u043e\\u0441\\u0442\\u0430\\u0432\\u043b\\u044f\\u0435\\u0442\\u0441\\u044f \\u043f\\u0440\\u0430\\u0432\\u043e \\u043e\\u0431\\u043c\\u0435\\u043d\\u044f\\u0442\\u044c \\u0438\\u043b\\u0438 \\u0432\\u0435\\u0440\\u043d\\u0443\\u0442\\u044c \\u0442\\u043e\\u0432\\u0430\\u0440 \\u043f\\u0440\\u0438 \\u043e\\u0434\\u043d\\u043e\\u0432\\u0440\\u0435\\u043c\\u0435\\u043d\\u043d\\u043e\\u043c \\u0441\\u043e\\u0431\\u043b\\u044e\\u0434\\u0435\\u043d\\u0438\\u0438 \\u0441\\u043b\\u0435\\u0434\\u0443\\u044e\\u0449\\u0438\\u0445 \\u0443\\u0441\\u043b\\u043e\\u0432\\u0438\\u0439:&lt;\\/p&gt;&lt;p&gt;\\u2014 \\u0441 \\u043c\\u043e\\u043c\\u0435\\u043d\\u0442\\u0430 \\u043f\\u043e\\u043a\\u0443\\u043f\\u043a\\u0438 \\u043f\\u0440\\u043e\\u0448\\u043b\\u043e \\u043d\\u0435 \\u0431\\u043e\\u043b\\u0435\\u0435 14 \\u0434\\u043d\\u0435\\u0439 (\\u043d\\u0435 \\u0441\\u0447\\u0438\\u0442\\u0430\\u044f \\u0434\\u043d\\u044f \\u043f\\u043e\\u043a\\u0443\\u043f\\u043a\\u0438);&lt;br \\/&gt;\\u2014 \\u0442\\u043e\\u0432\\u0430\\u0440 \\u043d\\u0435\\u043f\\u0440\\u043e\\u0434\\u043e\\u0432\\u043e\\u043b\\u044c\\u0441\\u0442\\u0432\\u0435\\u043d\\u043d\\u044b\\u0439;&lt;br \\/&gt;\\u2014 \\u0441\\u043e\\u0445\\u0440\\u0430\\u043d\\u0435\\u043d\\u044b \\u043f\\u043e\\u0442\\u0440\\u0435\\u0431\\u0438\\u0442\\u0435\\u043b\\u044c\\u0441\\u043a\\u0438\\u0435 \\u0441\\u0432\\u043e\\u0439\\u0441\\u0442\\u0432\\u0430;&lt;br \\/&gt;\\u2014 \\u0438\\u043c\\u0435\\u044e\\u0442\\u0441\\u044f \\u0434\\u043e\\u043a\\u0430\\u0437\\u0430\\u0442\\u0435\\u043b\\u044c\\u0441\\u0442\\u0432\\u0430 \\u043f\\u0440\\u0438\\u043e\\u0431\\u0440\\u0435\\u0442\\u0435\\u043d\\u0438\\u044f \\u0442\\u043e\\u0432\\u0430\\u0440\\u0430 \\u0443 \\u0434\\u0430\\u043d\\u043d\\u043e\\u0433\\u043e \\u043f\\u0440\\u043e\\u0434\\u0430\\u0432\\u0446\\u0430: \\u0442\\u043e\\u0432\\u0430\\u0440\\u043d\\u044b\\u0439 \\u0438\\u043b\\u0438 \\u043a\\u0430\\u0441\\u0441\\u043e\\u0432\\u044b\\u0439 \\u0447\\u0435\\u043a, \\u0438\\u043d\\u043e\\u0439 \\u0434\\u043e\\u043a\\u0443\\u043c\\u0435\\u043d\\u0442, \\u043f\\u043e\\u0434\\u0442\\u0432\\u0435\\u0440\\u0436\\u0434\\u0430\\u044e\\u0449\\u0438\\u0439 \\u043e\\u043f\\u043b\\u0430\\u0442\\u0443 \\u0442\\u043e\\u0432\\u0430\\u0440\\u0430 (\\u0432 \\u0441\\u043b\\u0443\\u0447\\u0430\\u0435 \\u043f\\u043e\\u0442\\u0435\\u0440\\u0438 \\u0447\\u0435\\u043a\\u0430 \\u0438\\u043b\\u0438 \\u0438\\u043d\\u043e\\u0433\\u043e&lt;br \\/&gt;\\u2014 \\u0442\\u043e\\u0432\\u0430\\u0440 \\u043d\\u0435 \\u044f\\u0432\\u043b\\u044f\\u0435\\u0442\\u0441\\u044f \\u0442\\u0435\\u0445\\u043d\\u0438\\u0447\\u0435\\u0441\\u043a\\u0438 \\u0441\\u043b\\u043e\\u0436\\u043d\\u044b\\u043c.&lt;\\/p&gt;"}},"4":{"title":{"1":"\\u043f\\u043e\\u0434\\u0430\\u0440\\u043a\\u0438 \\u043f\\u0440\\u0438 \\u043f\\u043e\\u043a\\u0443\\u043f\\u043a\\u0435","2":"\\u043f\\u043e\\u0434\\u0430\\u0440\\u043a\\u0438 \\u043f\\u0440\\u0438 \\u043f\\u043e\\u043a\\u0443\\u043f\\u043a\\u0435"},"faicons_icons":"fa fa-gift","add_link":"","description":{"1":"&lt;p&gt;\\u041f\\u043e\\u0434\\u0430\\u0440\\u043a\\u0438 \\u0432\\u0430\\u043c \\u0438 \\u0432\\u0430\\u0448\\u0438\\u043c \\u0431\\u043b\\u0438\\u0437\\u043a\\u0438\\u043c \\u043d\\u0430 \\u0441\\u0443\\u043c\\u043c\\u0443 \\u0434\\u043e 20 000 \\u20bd \\u043f\\u0440\\u0438 \\u043f\\u043e\\u043a\\u0443\\u043f\\u043a\\u0435 Samsung Galaxy.&lt;br \\/&gt;\\u0412\\u044b\\u0431\\u0438\\u0440\\u0430\\u0439\\u0442\\u0435 \\u0441\\u043c\\u0430\\u0440\\u0442\\u0444\\u043e\\u043d \\u0438 \\u043f\\u043e\\u0434\\u0430\\u0440\\u043a\\u0438 \\u043d\\u0430 \\u0443\\u043a\\u0430\\u0437\\u0430\\u043d\\u043d\\u0443\\u044e \\u0441\\u0443\\u043c\\u043c\\u0443.&lt;\\/p&gt;&lt;p&gt;\\u0421\\u043a\\u0438\\u0434\\u043a\\u0430 \\u0440\\u0430\\u0441\\u0441\\u0447\\u0438\\u0442\\u0430\\u0435\\u0442\\u0441\\u044f \\u0430\\u0432\\u0442\\u043e\\u043c\\u0430\\u0442\\u0438\\u0447\\u0435\\u0441\\u043a\\u0438.&lt;\\/p&gt;","2":"&lt;p&gt;\\u041f\\u043e\\u0434\\u0430\\u0440\\u043a\\u0438 \\u0432\\u0430\\u043c \\u0438 \\u0432\\u0430\\u0448\\u0438\\u043c \\u0431\\u043b\\u0438\\u0437\\u043a\\u0438\\u043c \\u043d\\u0430 \\u0441\\u0443\\u043c\\u043c\\u0443 \\u0434\\u043e 20 000 \\u20bd \\u043f\\u0440\\u0438 \\u043f\\u043e\\u043a\\u0443\\u043f\\u043a\\u0435 Samsung Galaxy.&lt;br \\/&gt;\\u0412\\u044b\\u0431\\u0438\\u0440\\u0430\\u0439\\u0442\\u0435 \\u0441\\u043c\\u0430\\u0440\\u0442\\u0444\\u043e\\u043d \\u0438 \\u043f\\u043e\\u0434\\u0430\\u0440\\u043a\\u0438 \\u043d\\u0430 \\u0443\\u043a\\u0430\\u0437\\u0430\\u043d\\u043d\\u0443\\u044e \\u0441\\u0443\\u043c\\u043c\\u0443.&lt;\\/p&gt;&lt;p&gt;\\u0421\\u043a\\u0438\\u0434\\u043a\\u0430 \\u0440\\u0430\\u0441\\u0441\\u0447\\u0438\\u0442\\u0430\\u0435\\u0442\\u0441\\u044f \\u0430\\u0432\\u0442\\u043e\\u043c\\u0430\\u0442\\u0438\\u0447\\u0435\\u0441\\u043a\\u0438.&lt;\\/p&gt;"}}}', '1');
INSERT INTO `PREFIX_DB_setting` (`store_id`, `code`, `key`, `value`, `serialized`) VALUES ('0', 'aridius_icons', 'aridius_icons_popup', '1', '0');
INSERT INTO `PREFIX_DB_setting` (`store_id`, `code`, `key`, `value`, `serialized`) VALUES ('0', 'aridius_icons', 'aridius_icons_link', '0', '0');
INSERT INTO `PREFIX_DB_setting` (`store_id`, `code`, `key`, `value`, `serialized`) VALUES ('0', 'aridius_icons', 'aridius_icons_colico', '1', '0');
INSERT INTO `PREFIX_DB_setting` (`store_id`, `code`, `key`, `value`, `serialized`) VALUES ('0', 'aridius_icons', 'aridius_icons_status', '1', '0');
INSERT INTO `PREFIX_DB_setting` (`store_id`, `code`, `key`, `value`, `serialized`) VALUES ('0', 'aurus', 'aurus_mail_header', '{"1":"aurus@bk.ru","2":"aurus@bk.ru"}', '1');
INSERT INTO `PREFIX_DB_setting` (`store_id`, `code`, `key`, `value`, `serialized`) VALUES ('0', 'aurus', 'aurus_address', '{"1":"\\u0433. \\u041c\\u043e\\u0441\\u043a\\u0432\\u0430 \\u0443\\u043b. \\u0410\\u0437\\u043e\\u0432\\u0441\\u043a\\u0430\\u044f, 25","2":"\\u0433. \\u041c\\u043e\\u0441\\u043a\\u0432\\u0430 \\u0443\\u043b. \\u0410\\u0437\\u043e\\u0432\\u0441\\u043a\\u0430\\u044f, 25"}', '1');
INSERT INTO `PREFIX_DB_setting` (`store_id`, `code`, `key`, `value`, `serialized`) VALUES ('0', 'aurus', 'aurus_work_time', 'Пн-Пт с 8 до 21', '0');
INSERT INTO `PREFIX_DB_setting` (`store_id`, `code`, `key`, `value`, `serialized`) VALUES ('0', 'aurus', 'aurus_work_time1', 'Сб с 8 до 21', '0');
INSERT INTO `PREFIX_DB_setting` (`store_id`, `code`, `key`, `value`, `serialized`) VALUES ('0', 'aurus', 'aurus_work_time2', 'Вс Выходной', '0');
INSERT INTO `PREFIX_DB_setting` (`store_id`, `code`, `key`, `value`, `serialized`) VALUES ('0', 'aurus', 'aurus_preloader', '1', '0');
INSERT INTO `PREFIX_DB_setting` (`store_id`, `code`, `key`, `value`, `serialized`) VALUES ('0', 'aurus', 'aurus_show_options', '1', '0');
INSERT INTO `PREFIX_DB_setting` (`store_id`, `code`, `key`, `value`, `serialized`) VALUES ('0', 'aurus', 'aurus_limit_atr', '5', '0');
INSERT INTO `PREFIX_DB_setting` (`store_id`, `code`, `key`, `value`, `serialized`) VALUES ('0', 'aurus', 'aurus_limit_symbolst', '55', '0');
INSERT INTO `PREFIX_DB_setting` (`store_id`, `code`, `key`, `value`, `serialized`) VALUES ('0', 'aurus', 'aurus_height_symbolst', '48', '0');
INSERT INTO `PREFIX_DB_setting` (`store_id`, `code`, `key`, `value`, `serialized`) VALUES ('0', 'aurus', 'aurus_border_cart', '4', '0');
INSERT INTO `PREFIX_DB_setting` (`store_id`, `code`, `key`, `value`, `serialized`) VALUES ('0', 'aurus', 'aurus_border_stickers', '130', '0');
INSERT INTO `PREFIX_DB_setting` (`store_id`, `code`, `key`, `value`, `serialized`) VALUES ('0', 'aurus', 'aurus_show_cart', '0', '0');
INSERT INTO `PREFIX_DB_setting` (`store_id`, `code`, `key`, `value`, `serialized`) VALUES ('0', 'aurus', 'aurus_show_price', '0', '0');
INSERT INTO `PREFIX_DB_setting` (`store_id`, `code`, `key`, `value`, `serialized`) VALUES ('0', 'aurus', 'aurus_callleft', '0', '0');
INSERT INTO `PREFIX_DB_setting` (`store_id`, `code`, `key`, `value`, `serialized`) VALUES ('0', 'aurus', 'aurus_callleftr', '0', '0');
INSERT INTO `PREFIX_DB_setting` (`store_id`, `code`, `key`, `value`, `serialized`) VALUES ('0', 'aurus', 'aurus_wishlist_cat', '0', '0');
INSERT INTO `PREFIX_DB_setting` (`store_id`, `code`, `key`, `value`, `serialized`) VALUES ('0', 'aurus', 'aurus_compare_cat', '0', '0');
INSERT INTO `PREFIX_DB_setting` (`store_id`, `code`, `key`, `value`, `serialized`) VALUES ('0', 'aurus', 'aurus_description_cat', '1', '0');
INSERT INTO `PREFIX_DB_setting` (`store_id`, `code`, `key`, `value`, `serialized`) VALUES ('0', 'aurus', 'aurus_description_catsm', '1', '0');
INSERT INTO `PREFIX_DB_setting` (`store_id`, `code`, `key`, `value`, `serialized`) VALUES ('0', 'aurus', 'aurus_atr_cat', '0', '0');
INSERT INTO `PREFIX_DB_setting` (`store_id`, `code`, `key`, `value`, `serialized`) VALUES ('0', 'aurus', 'aurus_atr_catsm', '0', '0');
INSERT INTO `PREFIX_DB_setting` (`store_id`, `code`, `key`, `value`, `serialized`) VALUES ('0', 'aurus', 'aurus_rating_cat', '0', '0');
INSERT INTO `PREFIX_DB_setting` (`store_id`, `code`, `key`, `value`, `serialized`) VALUES ('0', 'aurus', 'aurus_arrowup', '0', '0');
INSERT INTO `PREFIX_DB_setting` (`store_id`, `code`, `key`, `value`, `serialized`) VALUES ('0', 'aurus', 'aurus_arrowup_lr', '0', '0');
INSERT INTO `PREFIX_DB_setting` (`store_id`, `code`, `key`, `value`, `serialized`) VALUES ('0', 'aurus', 'aurus_arrowup_mobile', '0', '0');
INSERT INTO `PREFIX_DB_setting` (`store_id`, `code`, `key`, `value`, `serialized`) VALUES ('0', 'aurus', 'aurus_pr_attribute_seeall', '{"1":"\\u0441\\u043c\\u043e\\u0442\\u0440\\u0435\\u0442\\u044c \\u0432\\u0441\\u0435","2":"\\u0441\\u043c\\u043e\\u0442\\u0440\\u0435\\u0442\\u044c \\u0432\\u0441\\u0435"}', '1');
INSERT INTO `PREFIX_DB_setting` (`store_id`, `code`, `key`, `value`, `serialized`) VALUES ('0', 'aurus', 'aurus_attribute_see', '5', '0');
INSERT INTO `PREFIX_DB_setting` (`store_id`, `code`, `key`, `value`, `serialized`) VALUES ('0', 'aurus', 'aurus_show_attribute', '0', '0');
INSERT INTO `PREFIX_DB_setting` (`store_id`, `code`, `key`, `value`, `serialized`) VALUES ('0', 'aurus', 'aurus_attribute_line', '0', '0');
INSERT INTO `PREFIX_DB_setting` (`store_id`, `code`, `key`, `value`, `serialized`) VALUES ('0', 'aurus', 'aurus_product_mpn', '{"1":"","2":""}', '1');
INSERT INTO `PREFIX_DB_setting` (`store_id`, `code`, `key`, `value`, `serialized`) VALUES ('0', 'aurus', 'aurus_product_isbn', '{"1":"","2":""}', '1');
INSERT INTO `PREFIX_DB_setting` (`store_id`, `code`, `key`, `value`, `serialized`) VALUES ('0', 'aurus', 'aurus_product_upc', '{"1":"","2":""}', '1');
INSERT INTO `PREFIX_DB_setting` (`store_id`, `code`, `key`, `value`, `serialized`) VALUES ('0', 'aurus', 'aurus_product_ean', '{"1":"","2":""}', '1');
INSERT INTO `PREFIX_DB_setting` (`store_id`, `code`, `key`, `value`, `serialized`) VALUES ('0', 'aurus', 'aurus_product_jan', '{"1":"","2":""}', '1');
INSERT INTO `PREFIX_DB_setting` (`store_id`, `code`, `key`, `value`, `serialized`) VALUES ('0', 'aurus', 'aurus_product_sku', '{"1":"","2":""}', '1');
INSERT INTO `PREFIX_DB_setting` (`store_id`, `code`, `key`, `value`, `serialized`) VALUES ('0', 'aurus', 'aurus_product_show_mpn', '1', '0');
INSERT INTO `PREFIX_DB_setting` (`store_id`, `code`, `key`, `value`, `serialized`) VALUES ('0', 'aurus', 'aurus_product_show_isbn', '0', '0');
INSERT INTO `PREFIX_DB_setting` (`store_id`, `code`, `key`, `value`, `serialized`) VALUES ('0', 'aurus', 'aurus_product_show_jan', '1', '0');
INSERT INTO `PREFIX_DB_setting` (`store_id`, `code`, `key`, `value`, `serialized`) VALUES ('0', 'aurus', 'aurus_product_show_ean', '1', '0');
INSERT INTO `PREFIX_DB_setting` (`store_id`, `code`, `key`, `value`, `serialized`) VALUES ('0', 'aurus', 'aurus_product_show_upc', '1', '0');
INSERT INTO `PREFIX_DB_setting` (`store_id`, `code`, `key`, `value`, `serialized`) VALUES ('0', 'aurus', 'aurus_product_show_sku', '1', '0');
INSERT INTO `PREFIX_DB_setting` (`store_id`, `code`, `key`, `value`, `serialized`) VALUES ('0', 'aurus', 'aurus_share', '', '0');
INSERT INTO `PREFIX_DB_setting` (`store_id`, `code`, `key`, `value`, `serialized`) VALUES ('0', 'aurus', 'aurus_product_show_share', '1', '0');
INSERT INTO `PREFIX_DB_setting` (`store_id`, `code`, `key`, `value`, `serialized`) VALUES ('0', 'aurus', 'aurus_product_clone_width', '99', '0');
INSERT INTO `PREFIX_DB_setting` (`store_id`, `code`, `key`, `value`, `serialized`) VALUES ('0', 'aurus', 'aurus_product_clone_height', '99', '0');
INSERT INTO `PREFIX_DB_setting` (`store_id`, `code`, `key`, `value`, `serialized`) VALUES ('0', 'aurus', 'aurus_product_optionimg_height', '30', '0');
INSERT INTO `PREFIX_DB_setting` (`store_id`, `code`, `key`, `value`, `serialized`) VALUES ('0', 'aurus', 'aurus_product_optionimg_width', '30', '0');
INSERT INTO `PREFIX_DB_setting` (`store_id`, `code`, `key`, `value`, `serialized`) VALUES ('0', 'aurus', 'aurus_options_prise', '1', '0');
INSERT INTO `PREFIX_DB_setting` (`store_id`, `code`, `key`, `value`, `serialized`) VALUES ('0', 'aurus', 'aurus_options_mainimg', '0', '0');
INSERT INTO `PREFIX_DB_setting` (`store_id`, `code`, `key`, `value`, `serialized`) VALUES ('0', 'aurus', 'aurus_product_man_height', '80', '0');
INSERT INTO `PREFIX_DB_setting` (`store_id`, `code`, `key`, `value`, `serialized`) VALUES ('0', 'aurus', 'aurus_product_man_width', '80', '0');
INSERT INTO `PREFIX_DB_setting` (`store_id`, `code`, `key`, `value`, `serialized`) VALUES ('0', 'aurus', 'aurus_product_sticky_menu', '0', '0');
INSERT INTO `PREFIX_DB_setting` (`store_id`, `code`, `key`, `value`, `serialized`) VALUES ('0', 'aurus', 'aurus_product_timer', '0', '0');
INSERT INTO `PREFIX_DB_setting` (`store_id`, `code`, `key`, `value`, `serialized`) VALUES ('0', 'aurus', 'aurus_product_raiting', '5', '0');
INSERT INTO `PREFIX_DB_setting` (`store_id`, `code`, `key`, `value`, `serialized`) VALUES ('0', 'aurus', 'aurus_product_man_img', '0', '0');
INSERT INTO `PREFIX_DB_setting` (`store_id`, `code`, `key`, `value`, `serialized`) VALUES ('0', 'aurus', 'aurus_product_kod_tovara', '0', '0');
INSERT INTO `PREFIX_DB_setting` (`store_id`, `code`, `key`, `value`, `serialized`) VALUES ('0', 'aurus', 'aurus_product_weight', '1', '0');
INSERT INTO `PREFIX_DB_setting` (`store_id`, `code`, `key`, `value`, `serialized`) VALUES ('0', 'aurus', 'aurus_product_size', '1', '0');
INSERT INTO `PREFIX_DB_setting` (`store_id`, `code`, `key`, `value`, `serialized`) VALUES ('0', 'aurus', 'aurus_product_stock', '0', '0');
INSERT INTO `PREFIX_DB_setting` (`store_id`, `code`, `key`, `value`, `serialized`) VALUES ('0', 'aurus', 'aurus_img_colleft', '0', '0');
INSERT INTO `PREFIX_DB_setting` (`store_id`, `code`, `key`, `value`, `serialized`) VALUES ('0', 'aurus', 'aurus_show_tablsize', '1', '0');
INSERT INTO `PREFIX_DB_setting` (`store_id`, `code`, `key`, `value`, `serialized`) VALUES ('0', 'aurus', 'aurus_show_stsale', '1', '0');
INSERT INTO `PREFIX_DB_setting` (`store_id`, `code`, `key`, `value`, `serialized`) VALUES ('0', 'aurus', 'aurus_show_saving', '0', '0');
INSERT INTO `PREFIX_DB_setting` (`store_id`, `code`, `key`, `value`, `serialized`) VALUES ('0', 'aurus', 'aurus_imageadd_nav', '0', '0');
INSERT INTO `PREFIX_DB_setting` (`store_id`, `code`, `key`, `value`, `serialized`) VALUES ('0', 'aurus', 'aurus_imageadd_hover', '1', '0');
INSERT INTO `PREFIX_DB_setting` (`store_id`, `code`, `key`, `value`, `serialized`) VALUES ('0', 'aurus', 'aurus_imageadd_vertical', '0', '0');
INSERT INTO `PREFIX_DB_setting` (`store_id`, `code`, `key`, `value`, `serialized`) VALUES ('0', 'aurus', 'aurus_imageadd_q', '8', '0');
INSERT INTO `PREFIX_DB_setting` (`store_id`, `code`, `key`, `value`, `serialized`) VALUES ('0', 'aurus', 'aurus_show_tab_img', '0', '0');
INSERT INTO `PREFIX_DB_setting` (`store_id`, `code`, `key`, `value`, `serialized`) VALUES ('0', 'aurus', 'aurus_man', '0', '0');
INSERT INTO `PREFIX_DB_setting` (`store_id`, `code`, `key`, `value`, `serialized`) VALUES ('0', 'aurus', 'aurus_rating_pr', '0', '0');
INSERT INTO `PREFIX_DB_setting` (`store_id`, `code`, `key`, `value`, `serialized`) VALUES ('0', 'aurus', 'aurus_chars_desc', '190', '0');
INSERT INTO `PREFIX_DB_setting` (`store_id`, `code`, `key`, `value`, `serialized`) VALUES ('0', 'aurus', 'aurus_short_desc', '1', '0');
INSERT INTO `PREFIX_DB_setting` (`store_id`, `code`, `key`, `value`, `serialized`) VALUES ('0', 'aurus', 'aurus_st_cart', '0', '0');
INSERT INTO `PREFIX_DB_setting` (`store_id`, `code`, `key`, `value`, `serialized`) VALUES ('0', 'aurus', 'aurus_elevatezoom', '0', '0');
INSERT INTO `PREFIX_DB_setting` (`store_id`, `code`, `key`, `value`, `serialized`) VALUES ('0', 'aurus', 'aurus_categories_limit_height', '150', '0');
INSERT INTO `PREFIX_DB_setting` (`store_id`, `code`, `key`, `value`, `serialized`) VALUES ('0', 'aurus', 'aurus_categories_limit', '2200', '0');
INSERT INTO `PREFIX_DB_setting` (`store_id`, `code`, `key`, `value`, `serialized`) VALUES ('0', 'aurus', 'aurus_description_length', '0', '0');
INSERT INTO `PREFIX_DB_setting` (`store_id`, `code`, `key`, `value`, `serialized`) VALUES ('0', 'aurus', 'aurus_sort_cat', '0', '0');
INSERT INTO `PREFIX_DB_setting` (`store_id`, `code`, `key`, `value`, `serialized`) VALUES ('0', 'aurus', 'aurus_count_cat', '0', '0');
INSERT INTO `PREFIX_DB_setting` (`store_id`, `code`, `key`, `value`, `serialized`) VALUES ('0', 'aurus', 'aurus_categories_2lv_height', '100', '0');
INSERT INTO `PREFIX_DB_setting` (`store_id`, `code`, `key`, `value`, `serialized`) VALUES ('0', 'aurus', 'aurus_categories_2lv_width', '165', '0');
INSERT INTO `PREFIX_DB_setting` (`store_id`, `code`, `key`, `value`, `serialized`) VALUES ('0', 'aurus', 'aurus_categories_2lv', '0', '0');
INSERT INTO `PREFIX_DB_setting` (`store_id`, `code`, `key`, `value`, `serialized`) VALUES ('0', 'aurus', 'aurus_categories_2lvshow', '0', '0');
INSERT INTO `PREFIX_DB_setting` (`store_id`, `code`, `key`, `value`, `serialized`) VALUES ('0', 'aurus', 'aurus_categories_img', '1', '0');
INSERT INTO `PREFIX_DB_setting` (`store_id`, `code`, `key`, `value`, `serialized`) VALUES ('0', 'aurus', 'aurus_description_pg1', '0', '0');
INSERT INTO `PREFIX_DB_setting` (`store_id`, `code`, `key`, `value`, `serialized`) VALUES ('0', 'aurus', 'aurus_description_top_or_bot', '0', '0');
INSERT INTO `PREFIX_DB_setting` (`store_id`, `code`, `key`, `value`, `serialized`) VALUES ('0', 'aurus', 'aurus_sticker_product_top_viewed', '', '0');
INSERT INTO `PREFIX_DB_setting` (`store_id`, `code`, `key`, `value`, `serialized`) VALUES ('0', 'aurus', 'aurus_sticker_product_top_rating', '5', '0');
INSERT INTO `PREFIX_DB_setting` (`store_id`, `code`, `key`, `value`, `serialized`) VALUES ('0', 'aurus', 'aurus_sticker_product_top_ratinr', '1', '0');
INSERT INTO `PREFIX_DB_setting` (`store_id`, `code`, `key`, `value`, `serialized`) VALUES ('0', 'aurus', 'aurus_name_sticker_menu_sale', '{"1":"SALE","2":"SALE"}', '1');
INSERT INTO `PREFIX_DB_setting` (`store_id`, `code`, `key`, `value`, `serialized`) VALUES ('0', 'aurus', 'aurus_sticker_sale_product_auto', '0', '0');
INSERT INTO `PREFIX_DB_setting` (`store_id`, `code`, `key`, `value`, `serialized`) VALUES ('0', 'aurus', 'aurus_sticker_new_product_auto', '1', '0');
INSERT INTO `PREFIX_DB_setting` (`store_id`, `code`, `key`, `value`, `serialized`) VALUES ('0', 'aurus', 'aurus_sticker_top_product_auto', '1', '0');
INSERT INTO `PREFIX_DB_setting` (`store_id`, `code`, `key`, `value`, `serialized`) VALUES ('0', 'aurus', 'aurus_name_sticker_product_new', '{"1":"NEW","2":"NEW"}', '1');
INSERT INTO `PREFIX_DB_setting` (`store_id`, `code`, `key`, `value`, `serialized`) VALUES ('0', 'aurus', 'aurus_name_sticker_product_top', '{"1":"TOP","2":"TOP"}', '1');
INSERT INTO `PREFIX_DB_setting` (`store_id`, `code`, `key`, `value`, `serialized`) VALUES ('0', 'aurus', 'aurus_sticker_product_new_day', '100', '0');
INSERT INTO `PREFIX_DB_setting` (`store_id`, `code`, `key`, `value`, `serialized`) VALUES ('0', 'aurus', 'aurus_name_sticker_menu_top', '{"1":"TOP","2":"TOP"}', '1');
INSERT INTO `PREFIX_DB_setting` (`store_id`, `code`, `key`, `value`, `serialized`) VALUES ('0', 'aurus', 'aurus_name_sticker_menu_new', '{"1":"NEW","2":"NEW"}', '1');
INSERT INTO `PREFIX_DB_setting` (`store_id`, `code`, `key`, `value`, `serialized`) VALUES ('0', 'aurus', 'aurus_sticker_menu', '0', '0');
INSERT INTO `PREFIX_DB_setting` (`store_id`, `code`, `key`, `value`, `serialized`) VALUES ('0', 'aurus', 'aurus_mob_account', '0', '0');
INSERT INTO `PREFIX_DB_setting` (`store_id`, `code`, `key`, `value`, `serialized`) VALUES ('0', 'aurus', 'aurus_mob_cart', '0', '0');
INSERT INTO `PREFIX_DB_setting` (`store_id`, `code`, `key`, `value`, `serialized`) VALUES ('0', 'aurus', 'aurus_mob_mail', '0', '0');
INSERT INTO `PREFIX_DB_setting` (`store_id`, `code`, `key`, `value`, `serialized`) VALUES ('0', 'aurus', 'aurus_seevmenu_menu', '1', '0');
INSERT INTO `PREFIX_DB_setting` (`store_id`, `code`, `key`, `value`, `serialized`) VALUES ('0', 'aurus', 'aurus_seevmenu_menu_open', '1', '0');
INSERT INTO `PREFIX_DB_setting` (`store_id`, `code`, `key`, `value`, `serialized`) VALUES ('0', 'aurus', 'aurus_mob_address', '0', '0');
INSERT INTO `PREFIX_DB_setting` (`store_id`, `code`, `key`, `value`, `serialized`) VALUES ('0', 'aurus', 'aurus_mob_work', '0', '0');
INSERT INTO `PREFIX_DB_setting` (`store_id`, `code`, `key`, `value`, `serialized`) VALUES ('0', 'aurus', 'aurus_mob_tell', '0', '0');
INSERT INTO `PREFIX_DB_setting` (`store_id`, `code`, `key`, `value`, `serialized`) VALUES ('0', 'aurus', 'aurus_mobcat_group', '0', '0');
INSERT INTO `PREFIX_DB_setting` (`store_id`, `code`, `key`, `value`, `serialized`) VALUES ('0', 'aurus', 'aurus_mob_home', '0', '0');
INSERT INTO `PREFIX_DB_setting` (`store_id`, `code`, `key`, `value`, `serialized`) VALUES ('0', 'aurus', 'aurus_link_special', 'specials/', '0');
INSERT INTO `PREFIX_DB_setting` (`store_id`, `code`, `key`, `value`, `serialized`) VALUES ('0', 'aurus', 'aurus_vmenuheight', '', '0');
INSERT INTO `PREFIX_DB_setting` (`store_id`, `code`, `key`, `value`, `serialized`) VALUES ('0', 'aurus', 'aurus_mob_logo', '0', '0');
INSERT INTO `PREFIX_DB_setting` (`store_id`, `code`, `key`, `value`, `serialized`) VALUES ('0', 'aurus', 'aurus_menu_special', '{"1":"\\u0410\\u043a\\u0446\\u0438\\u0438","2":"\\u0410\\u043a\\u0446\\u0438\\u0438"}', '1');
INSERT INTO `PREFIX_DB_setting` (`store_id`, `code`, `key`, `value`, `serialized`) VALUES ('0', 'aurus', 'aurus_seeall_menu', '{"1":"\\u0421\\u043c\\u043e\\u0442\\u0440\\u0435\\u0442\\u044c \\u0432\\u0441\\u0435","2":"\\u0421\\u043c\\u043e\\u0442\\u0440\\u0435\\u0442\\u044c \\u0432\\u0441\\u0435"}', '1');
INSERT INTO `PREFIX_DB_setting` (`store_id`, `code`, `key`, `value`, `serialized`) VALUES ('0', 'aurus', 'aurus_countvmenulv', '3', '0');
INSERT INTO `PREFIX_DB_setting` (`store_id`, `code`, `key`, `value`, `serialized`) VALUES ('0', 'aurus', 'aurus_link_menucatalog', '', '0');
INSERT INTO `PREFIX_DB_setting` (`store_id`, `code`, `key`, `value`, `serialized`) VALUES ('0', 'aurus', 'aurus_vmenu_menu', '{"1":"\\u0421\\u041f\\u0418\\u0421\\u041e\\u041a \\u041a\\u0410\\u0422\\u0415\\u0413\\u041e\\u0420\\u0418\\u0419","2":"\\u0421\\u041f\\u0418\\u0421\\u041e\\u041a \\u041a\\u0410\\u0422\\u0415\\u0413\\u041e\\u0420\\u0418\\u0419"}', '1');
INSERT INTO `PREFIX_DB_setting` (`store_id`, `code`, `key`, `value`, `serialized`) VALUES ('0', 'aurus', 'aurus_seevmenuico', '0', '0');
INSERT INTO `PREFIX_DB_setting` (`store_id`, `code`, `key`, `value`, `serialized`) VALUES ('0', 'aurus', 'aurus_seevmenuw', '1', '0');
INSERT INTO `PREFIX_DB_setting` (`store_id`, `code`, `key`, `value`, `serialized`) VALUES ('0', 'aridius_qckview', 'aridius_qckview_status', '1', '0');
INSERT INTO `PREFIX_DB_setting` (`store_id`, `code`, `key`, `value`, `serialized`) VALUES ('0', 'aridius_qckview', 'aridius_qckview_show_stsale', '1', '0');
INSERT INTO `PREFIX_DB_setting` (`store_id`, `code`, `key`, `value`, `serialized`) VALUES ('0', 'aridius_qckview', 'aridius_qckview_show_saving', '0', '0');
INSERT INTO `PREFIX_DB_setting` (`store_id`, `code`, `key`, `value`, `serialized`) VALUES ('0', 'aridius_qckview', 'aridius_qckview_button_compare', '0', '0');
INSERT INTO `PREFIX_DB_setting` (`store_id`, `code`, `key`, `value`, `serialized`) VALUES ('0', 'aridius_qckview', 'aridius_qckview_button_wish', '0', '0');
INSERT INTO `PREFIX_DB_setting` (`store_id`, `code`, `key`, `value`, `serialized`) VALUES ('0', 'aridius_qckview', 'aridius_qckview_code_product', '0', '0');
INSERT INTO `PREFIX_DB_setting` (`store_id`, `code`, `key`, `value`, `serialized`) VALUES ('0', 'aridius_qckview', 'aridius_qckview_stock', '0', '0');
INSERT INTO `PREFIX_DB_setting` (`store_id`, `code`, `key`, `value`, `serialized`) VALUES ('0', 'aridius_qckview', 'aridius_qckview_manufacturer', '0', '0');
INSERT INTO `PREFIX_DB_setting` (`store_id`, `code`, `key`, `value`, `serialized`) VALUES ('0', 'aridius_qckview', 'aridius_qckview_short_info', '0', '0');
INSERT INTO `PREFIX_DB_setting` (`store_id`, `code`, `key`, `value`, `serialized`) VALUES ('0', 'aridius_qckview', 'aridius_qckview_tab_additional', '0', '0');
INSERT INTO `PREFIX_DB_setting` (`store_id`, `code`, `key`, `value`, `serialized`) VALUES ('0', 'aridius_qckview', 'aridius_qckview_rating', '0', '0');
INSERT INTO `PREFIX_DB_setting` (`store_id`, `code`, `key`, `value`, `serialized`) VALUES ('0', 'aridius_qckview', 'aridius_qckview_tab_reviews', '0', '0');
INSERT INTO `PREFIX_DB_setting` (`store_id`, `code`, `key`, `value`, `serialized`) VALUES ('0', 'aridius_qckview', 'aridius_qckview_tab_character', '0', '0');
INSERT INTO `PREFIX_DB_setting` (`store_id`, `code`, `key`, `value`, `serialized`) VALUES ('0', 'aridius_qckview', 'aridius_qckview_tab_description', '0', '0');
INSERT INTO `PREFIX_DB_setting` (`store_id`, `code`, `key`, `value`, `serialized`) VALUES ('0', 'aurus', 'aurus_info_menu', '0', '0');
INSERT INTO `PREFIX_DB_setting` (`store_id`, `code`, `key`, `value`, `serialized`) VALUES ('0', 'aurus', 'aurus_main_link_menu', '{"1":"","2":""}', '1');
INSERT INTO `PREFIX_DB_setting` (`store_id`, `code`, `key`, `value`, `serialized`) VALUES ('0', 'aurus', 'aurus_top_links8', '{"1":{"title":{"1":"\\u041d\\u043e\\u0432\\u043e\\u0441\\u0442\\u0438","2":"News"},"faicons_top":"","link_top":{"1":"all-news","2":"all-news"}},"2":{"title":{"1":"FAQ","2":"FAQ"},"faicons_top":"","link_top":{"1":"faq","2":"faq"}},"3":{"title":{"1":"\\u041e\\u0442\\u0437\\u044b\\u0432\\u044b","2":"Reviews"},"faicons_top":"","link_top":{"1":"review","2":"review"}}}', '1');
INSERT INTO `PREFIX_DB_setting` (`store_id`, `code`, `key`, `value`, `serialized`) VALUES ('0', 'aurus', 'aurus_main_link_href_menu', '{"1":"","2":""}', '1');
INSERT INTO `PREFIX_DB_setting` (`store_id`, `code`, `key`, `value`, `serialized`) VALUES ('0', 'aurus', 'aurus_3lv_menu', '0', '0');
INSERT INTO `PREFIX_DB_setting` (`store_id`, `code`, `key`, `value`, `serialized`) VALUES ('0', 'aurus', 'aurus_photos_height_image_main', '220', '0');
INSERT INTO `PREFIX_DB_setting` (`store_id`, `code`, `key`, `value`, `serialized`) VALUES ('0', 'aurus', 'aurus_photos_width_image_main', '135', '0');
INSERT INTO `PREFIX_DB_setting` (`store_id`, `code`, `key`, `value`, `serialized`) VALUES ('0', 'aurus', 'aurus_photos_menu_height', '106', '0');
INSERT INTO `PREFIX_DB_setting` (`store_id`, `code`, `key`, `value`, `serialized`) VALUES ('0', 'aurus', 'aurus_photos_menu_width', '181', '0');
INSERT INTO `PREFIX_DB_setting` (`store_id`, `code`, `key`, `value`, `serialized`) VALUES ('0', 'aurus', 'aurus_main_photos_menu', '0', '0');
INSERT INTO `PREFIX_DB_setting` (`store_id`, `code`, `key`, `value`, `serialized`) VALUES ('0', 'aurus', 'aurus_contact_footer', '0', '0');
INSERT INTO `PREFIX_DB_setting` (`store_id`, `code`, `key`, `value`, `serialized`) VALUES ('0', 'aurus', 'aurus_top_links2', '{"1":{"faicons_top":"fa fa-odnoklassniki","link_top":"https:\\/\\/ok.ru\\/","tooltipseti":"odnoklassniki"},"2":{"faicons_top":"fa fa-vk","link_top":"https:\\/\\/vk.com\\/","tooltipseti":"vk"},"3":{"faicons_top":"fa fa-skype","link_top":"https:\\/\\/www.skype.com\\/ru\\/","tooltipseti":"skype"},"4":{"faicons_top":"fa fa-instagram","link_top":"https:\\/\\/www.instagram.com\\/","tooltipseti":"instagram"}}', '1');
INSERT INTO `PREFIX_DB_setting` (`store_id`, `code`, `key`, `value`, `serialized`) VALUES ('0', 'aurus', 'aurus_photos_menu', '0', '0');
INSERT INTO `PREFIX_DB_setting` (`store_id`, `code`, `key`, `value`, `serialized`) VALUES ('0', 'aurus', 'aurus_ico_home', '0', '0');
INSERT INTO `PREFIX_DB_setting` (`store_id`, `code`, `key`, `value`, `serialized`) VALUES ('0', 'aurus', 'aurus_col1_menu', '0', '0');
INSERT INTO `PREFIX_DB_setting` (`store_id`, `code`, `key`, `value`, `serialized`) VALUES ('0', 'aurus', 'aurus_hover_menu', '0', '0');
INSERT INTO `PREFIX_DB_setting` (`store_id`, `code`, `key`, `value`, `serialized`) VALUES ('0', 'aurus', 'aurus_color80', '1', '0');
INSERT INTO `PREFIX_DB_setting` (`store_id`, `code`, `key`, `value`, `serialized`) VALUES ('0', 'aurus', 'aurus_sticky_menu', '0', '0');
INSERT INTO `PREFIX_DB_setting` (`store_id`, `code`, `key`, `value`, `serialized`) VALUES ('0', 'aurus', 'aurus_footer_pay', 'catalog/1aurus/payment.png', '0');
INSERT INTO `PREFIX_DB_setting` (`store_id`, `code`, `key`, `value`, `serialized`) VALUES ('0', 'aurus', 'aurus_license_text', '{"1":"\\u0420\\u0430\\u0431\\u043e\\u0442\\u0430\\u0435\\u0442 \\u043d\\u0430 &lt;a href=\'http:\\/\\/myopencart.com\\/\' target=\'_blank\'&gt;ocStore&lt;\\/a&gt;  Aurus &lt;a href=\'https:\\/\\/aridius.com\\/\' target=\'_blank\'&gt;Aridius&lt;\\/a&gt;","2":"\\u0420\\u0430\\u0431\\u043e\\u0442\\u0430\\u0435\\u0442 \\u043d\\u0430 &lt;a href=\'http:\\/\\/myopencart.com\\/\' target=\'_blank\'&gt;ocStore&lt;\\/a&gt;  Aurus &lt;a href=\'https:\\/\\/aridius.com\\/\' target=\'_blank\'&gt;Aridius&lt;\\/a&gt;"}', '1');
INSERT INTO `PREFIX_DB_setting` (`store_id`, `code`, `key`, `value`, `serialized`) VALUES ('0', 'aurus', 'aurus_phone_footer', '0', '0');
INSERT INTO `PREFIX_DB_setting` (`store_id`, `code`, `key`, `value`, `serialized`) VALUES ('0', 'aurus', 'aurus_time_footer', '0', '0');
INSERT INTO `PREFIX_DB_setting` (`store_id`, `code`, `key`, `value`, `serialized`) VALUES ('0', 'aurus', 'aurus_mail_footer', '0', '0');
INSERT INTO `PREFIX_DB_setting` (`store_id`, `code`, `key`, `value`, `serialized`) VALUES ('0', 'aurus', 'aurus_address_footer', '0', '0');
INSERT INTO `PREFIX_DB_setting` (`store_id`, `code`, `key`, `value`, `serialized`) VALUES ('0', 'aurus', 'aurus_account_footer', '0', '0');
INSERT INTO `PREFIX_DB_setting` (`store_id`, `code`, `key`, `value`, `serialized`) VALUES ('0', 'aurus', 'aurus_order_footer', '0', '0');
INSERT INTO `PREFIX_DB_setting` (`store_id`, `code`, `key`, `value`, `serialized`) VALUES ('0', 'aurus', 'aurus_wishlist_footer', '0', '0');
INSERT INTO `PREFIX_DB_setting` (`store_id`, `code`, `key`, `value`, `serialized`) VALUES ('0', 'aurus', 'aurus_newsletter_footer', '0', '0');
INSERT INTO `PREFIX_DB_setting` (`store_id`, `code`, `key`, `value`, `serialized`) VALUES ('0', 'aurus', 'aurus_return_footer', '0', '0');
INSERT INTO `PREFIX_DB_setting` (`store_id`, `code`, `key`, `value`, `serialized`) VALUES ('0', 'aurus', 'aurus_manufacturer_footer', '0', '0');
INSERT INTO `PREFIX_DB_setting` (`store_id`, `code`, `key`, `value`, `serialized`) VALUES ('0', 'aurus', 'aurus_voucher_footer', '0', '0');
INSERT INTO `PREFIX_DB_setting` (`store_id`, `code`, `key`, `value`, `serialized`) VALUES ('0', 'aurus', 'aurus_affiliate_footer', '0', '0');
INSERT INTO `PREFIX_DB_setting` (`store_id`, `code`, `key`, `value`, `serialized`) VALUES ('0', 'aurus', 'aurus_sitemap_footer', '0', '0');
INSERT INTO `PREFIX_DB_setting` (`store_id`, `code`, `key`, `value`, `serialized`) VALUES ('0', 'aurus', 'aurus_special_footer', '0', '0');
INSERT INTO `PREFIX_DB_setting` (`store_id`, `code`, `key`, `value`, `serialized`) VALUES ('0', 'aurus', 'aurus_show_map_open', '1', '0');
INSERT INTO `PREFIX_DB_setting` (`store_id`, `code`, `key`, `value`, `serialized`) VALUES ('0', 'aurus', 'aurus_mapcode', '{"1":"&lt;iframe src=&quot;https:\\/\\/www.google.com\\/maps\\/embed?pb=!1m14!1m8!1m3!1d7996.330289945489!2d30.352491000000004!3d59.930772!3m2!1i1024!2i768!4f13.1!3m3!1m2!1s0x469631a363db2255%3A0xe5424d4859319720!2z0KHQsNC90LrRgi3Qn9C10YLQtdGA0LHRg9GA0LMsINCg0L7RgdGB0LjRjywgMTkxMDI1!5e0!3m2!1sru!2sua!4v1548070964447&quot; width=&quot;600&quot; height=&quot;450&quot; frameborder=&quot;0&quot; style=&quot;border:0&quot; allowfullscreen&gt;&lt;\\/iframe&gt;","2":"&lt;iframe src=&quot;https:\\/\\/www.google.com\\/maps\\/embed?pb=!1m14!1m8!1m3!1d7996.330289945489!2d30.352491000000004!3d59.930772!3m2!1i1024!2i768!4f13.1!3m3!1m2!1s0x469631a363db2255%3A0xe5424d4859319720!2z0KHQsNC90LrRgi3Qn9C10YLQtdGA0LHRg9GA0LMsINCg0L7RgdGB0LjRjywgMTkxMDI1!5e0!3m2!1sru!2sua!4v1548070964447&quot; width=&quot;600&quot; height=&quot;450&quot; frameborder=&quot;0&quot; style=&quot;border:0&quot; allowfullscreen&gt;&lt;\\/iframe&gt;"}', '1');
INSERT INTO `PREFIX_DB_setting` (`store_id`, `code`, `key`, `value`, `serialized`) VALUES ('0', 'aurus', 'aurus_show_info_marker_block', '0', '0');
INSERT INTO `PREFIX_DB_setting` (`store_id`, `code`, `key`, `value`, `serialized`) VALUES ('0', 'aurus', 'aurus_fluid_map_zoom', '', '0');
INSERT INTO `PREFIX_DB_setting` (`store_id`, `code`, `key`, `value`, `serialized`) VALUES ('0', 'aurus', 'aurus_map_noapi', '0', '0');
INSERT INTO `PREFIX_DB_setting` (`store_id`, `code`, `key`, `value`, `serialized`) VALUES ('0', 'aurus', 'aurus_show_fluid_map_footer', '0', '0');
INSERT INTO `PREFIX_DB_setting` (`store_id`, `code`, `key`, `value`, `serialized`) VALUES ('0', 'aurus', 'aurus_show_fluid_map_home', '1', '0');
INSERT INTO `PREFIX_DB_setting` (`store_id`, `code`, `key`, `value`, `serialized`) VALUES ('0', 'aurus', 'aurus_description_map_logo', '{"1":"&lt;b&gt;Notice&lt;\\/b&gt;: Uninitialized string offset: 1 in &lt;b&gt;D:\\\\0OpenServer\\\\domains\\\\shablon\\\\admin\\\\view\\\template\\\\extension\\\theme\\\\aurus.tpl&lt;\\/b&gt; on line &lt;b&gt;816&lt;\\/b&gt;","2":"&lt;b&gt;Notice&lt;\\/b&gt;: Uninitialized string offset: 2 in &lt;b&gt;D:\\\\0OpenServer\\\\domains\\\\shablon\\\\admin\\\\view\\\template\\\\extension\\\theme\\\\aurus.tpl&lt;\\/b&gt; on line &lt;b&gt;816&lt;\\/b&gt;"}', '1');
INSERT INTO `PREFIX_DB_setting` (`store_id`, `code`, `key`, `value`, `serialized`) VALUES ('0', 'aurus', 'aurus_longitude_fluid_map', '{"1":"30.3518969","2":"30.3518969"}', '1');
INSERT INTO `PREFIX_DB_setting` (`store_id`, `code`, `key`, `value`, `serialized`) VALUES ('0', 'aurus', 'aurus_fluid_map_key', '', '0');
INSERT INTO `PREFIX_DB_setting` (`store_id`, `code`, `key`, `value`, `serialized`) VALUES ('0', 'aurus', 'aurus_footer_imgico', '', '0');
INSERT INTO `PREFIX_DB_setting` (`store_id`, `code`, `key`, `value`, `serialized`) VALUES ('0', 'aurus', 'aurus_latitude_fluid_map', '{"1":"59.9324357","2":"59.9324357"}', '1');
INSERT INTO `PREFIX_DB_setting` (`store_id`, `code`, `key`, `value`, `serialized`) VALUES ('0', 'aurus', 'aurus_show_add_link', '0', '0');
INSERT INTO `PREFIX_DB_setting` (`store_id`, `code`, `key`, `value`, `serialized`) VALUES ('0', 'aurus', 'aurus_download_top', '0', '0');
INSERT INTO `PREFIX_DB_setting` (`store_id`, `code`, `key`, `value`, `serialized`) VALUES ('0', 'aurus', 'aurus_order_top', '0', '0');
INSERT INTO `PREFIX_DB_setting` (`store_id`, `code`, `key`, `value`, `serialized`) VALUES ('0', 'aurus', 'aurus_transaction_top', '0', '0');
INSERT INTO `PREFIX_DB_setting` (`store_id`, `code`, `key`, `value`, `serialized`) VALUES ('0', 'aurus', 'aurus_compare_top', '0', '0');
INSERT INTO `PREFIX_DB_setting` (`store_id`, `code`, `key`, `value`, `serialized`) VALUES ('0', 'aurus', 'aurus_wishlist_top', '0', '0');
INSERT INTO `PREFIX_DB_setting` (`store_id`, `code`, `key`, `value`, `serialized`) VALUES ('0', 'aurus', 'aurus_calltop', '0', '0');
INSERT INTO `PREFIX_DB_setting` (`store_id`, `code`, `key`, `value`, `serialized`) VALUES ('0', 'aurus', 'aurus_show_set', '0', '0');
INSERT INTO `PREFIX_DB_setting` (`store_id`, `code`, `key`, `value`, `serialized`) VALUES ('0', 'aurus', 'aurus_show_topmenu_set', '1', '0');
INSERT INTO `PREFIX_DB_setting` (`store_id`, `code`, `key`, `value`, `serialized`) VALUES ('0', 'aurus', 'aurus_account_top', '1', '0');
INSERT INTO `PREFIX_DB_setting` (`store_id`, `code`, `key`, `value`, `serialized`) VALUES ('0', 'aurus', 'aurus_show_topmenu', '1', '0');
INSERT INTO `PREFIX_DB_setting` (`store_id`, `code`, `key`, `value`, `serialized`) VALUES ('0', 'aurus', 'aurus_logo_width', '0', '0');
INSERT INTO `PREFIX_DB_setting` (`store_id`, `code`, `key`, `value`, `serialized`) VALUES ('0', 'aurus', 'aurus_header_var', '1', '0');
INSERT INTO `PREFIX_DB_setting` (`store_id`, `code`, `key`, `value`, `serialized`) VALUES ('0', 'aurus', 'aurus_cart_img', 'catalog/1aurus/cart_b.png', '0');
INSERT INTO `PREFIX_DB_setting` (`store_id`, `code`, `key`, `value`, `serialized`) VALUES ('0', 'aurus', 'aurus_image_location_height', '50', '0');
INSERT INTO `PREFIX_DB_setting` (`store_id`, `code`, `key`, `value`, `serialized`) VALUES ('0', 'aurus', 'aurus_image_location_width', '268', '0');
INSERT INTO `PREFIX_DB_setting` (`store_id`, `code`, `key`, `value`, `serialized`) VALUES ('0', 'aurus', 'aurus_image_cart_height', '95', '0');
INSERT INTO `PREFIX_DB_setting` (`store_id`, `code`, `key`, `value`, `serialized`) VALUES ('0', 'aurus', 'aurus_image_cart_width', '95', '0');
INSERT INTO `PREFIX_DB_setting` (`store_id`, `code`, `key`, `value`, `serialized`) VALUES ('0', 'aurus', 'aurus_image_compare_height', '90', '0');
INSERT INTO `PREFIX_DB_setting` (`store_id`, `code`, `key`, `value`, `serialized`) VALUES ('0', 'aurus', 'aurus_image_wishlist_height', '47', '0');
INSERT INTO `PREFIX_DB_setting` (`store_id`, `code`, `key`, `value`, `serialized`) VALUES ('0', 'aurus', 'aurus_image_wishlist_width', '47', '0');
INSERT INTO `PREFIX_DB_setting` (`store_id`, `code`, `key`, `value`, `serialized`) VALUES ('0', 'aurus', 'aurus_image_compare_width', '90', '0');
INSERT INTO `PREFIX_DB_setting` (`store_id`, `code`, `key`, `value`, `serialized`) VALUES ('0', 'aurus', 'aurus_image_related_height', '200', '0');
INSERT INTO `PREFIX_DB_setting` (`store_id`, `code`, `key`, `value`, `serialized`) VALUES ('0', 'aurus', 'aurus_image_related_width', '200', '0');
INSERT INTO `PREFIX_DB_setting` (`store_id`, `code`, `key`, `value`, `serialized`) VALUES ('0', 'aurus', 'aurus_image_additional_height', '75', '0');
INSERT INTO `PREFIX_DB_setting` (`store_id`, `code`, `key`, `value`, `serialized`) VALUES ('0', 'aurus', 'aurus_image_additional_width', '75', '0');
INSERT INTO `PREFIX_DB_setting` (`store_id`, `code`, `key`, `value`, `serialized`) VALUES ('0', 'aurus', 'aurus_image_product_height', '200', '0');
INSERT INTO `PREFIX_DB_setting` (`store_id`, `code`, `key`, `value`, `serialized`) VALUES ('0', 'aurus', 'aurus_image_product_width', '200', '0');
INSERT INTO `PREFIX_DB_setting` (`store_id`, `code`, `key`, `value`, `serialized`) VALUES ('0', 'aurus', 'aurus_image_popup_height', '860', '0');
INSERT INTO `PREFIX_DB_setting` (`store_id`, `code`, `key`, `value`, `serialized`) VALUES ('0', 'aurus', 'aurus_image_popup_width', '860', '0');
INSERT INTO `PREFIX_DB_setting` (`store_id`, `code`, `key`, `value`, `serialized`) VALUES ('0', 'aurus', 'aurus_image_thumb_height', '630', '0');
INSERT INTO `PREFIX_DB_setting` (`store_id`, `code`, `key`, `value`, `serialized`) VALUES ('0', 'aurus', 'aurus_image_thumb_width', '680', '0');
INSERT INTO `PREFIX_DB_setting` (`store_id`, `code`, `key`, `value`, `serialized`) VALUES ('0', 'aurus', 'aurus_image_category_height', '80', '0');
INSERT INTO `PREFIX_DB_setting` (`store_id`, `code`, `key`, `value`, `serialized`) VALUES ('0', 'aurus', 'aurus_image_category_width', '80', '0');
INSERT INTO `PREFIX_DB_setting` (`store_id`, `code`, `key`, `value`, `serialized`) VALUES ('0', 'aurus', 'aurus_product_description_length', '100', '0');
INSERT INTO `PREFIX_DB_setting` (`store_id`, `code`, `key`, `value`, `serialized`) VALUES ('0', 'aurus', 'aurus_product_limit', '15', '0');
INSERT INTO `PREFIX_DB_setting` (`store_id`, `code`, `key`, `value`, `serialized`) VALUES ('0', 'aurus', 'aurus_status', '1', '0');
INSERT INTO `PREFIX_DB_setting` (`store_id`, `code`, `key`, `value`, `serialized`) VALUES ('0', 'aurus', 'aurus_directory', 'aurus', '0');
REPLACE INTO `PREFIX_DB_setting`(`store_id`, `code`, `key`, `value`, `serialized`) VALUES ('0', 'config', 'config_logo', 'catalog/1aurus/template_shop.png', '0');
INSERT INTO `PREFIX_DB_setting` ( `store_id`, `code`, `key`, `value`, `serialized`) VALUES ( '0', 'config', 'config_theme', 'aurus', '0');



INSERT INTO `PREFIX_DB_url_alias` ( `query`, `keyword`) VALUES ( 'information/aridius_news', 'all-news');
INSERT INTO `PREFIX_DB_url_alias` ( `query`, `keyword`) VALUES ( 'information/aridius_faq', 'faq');
INSERT INTO `PREFIX_DB_url_alias` ( `query`, `keyword`) VALUES ( 'extension/module/aridius_store_review', 'review');
INSERT INTO `PREFIX_DB_url_alias` ( `query`, `keyword`) VALUES ( 'aridius_news_id=1', 'novost1');
INSERT INTO `PREFIX_DB_url_alias` ( `query`, `keyword`) VALUES ( 'aridius_news_id=2', 'novost2');
INSERT INTO `PREFIX_DB_url_alias` ( `query`, `keyword`) VALUES ( 'aridius_news_id=3', 'novost3');
INSERT INTO `PREFIX_DB_url_alias` ( `query`, `keyword`) VALUES ( 'aridius_news_id=4', 'novost4');
INSERT INTO `PREFIX_DB_url_alias` ( `query`, `keyword`) VALUES ( 'aridius_news_id=5', 'novost5');
INSERT INTO `PREFIX_DB_url_alias` ( `query`, `keyword`) VALUES ( 'aridius_news_id=6', 'novost6');
INSERT INTO `PREFIX_DB_url_alias` ( `query`, `keyword`) VALUES ( 'information_id=700', 'person_danie');

